dataset,rec_id,subject,chan,split,n_tokens,path
dodh,0d79f4b1-e74f-5e87-8e42-f9dd7112ada5,0d79f4b1-e74f-5e87-8e42-f9dd7112ada5,F3-M2,train,290400,/data/gen/tokens/dodh/0d79f4b1-e74f-5e87-8e42-f9dd7112ada5__F3-M2.npy
dodh,0d79f4b1-e74f-5e87-8e42-f9dd7112ada5,0d79f4b1-e74f-5e87-8e42-f9dd7112ada5,F3-F4,train,290400,/data/gen/tokens/dodh/0d79f4b1-e74f-5e87-8e42-f9dd7112ada5__F3-F4.npy
dodh,1da3544e-dc5c-5795-adc3-f5068959211f,1da3544e-dc5c-5795-adc3-f5068959211f,F3-M2,train,286500,/data/gen/tokens/dodh/1da3544e-dc5c-5795-adc3-f5068959211f__F3-M2.npy
dodh,1da3544e-dc5c-5795-adc3-f5068959211f,1da3544e-dc5c-5795-adc3-f5068959211f,F3-F4,train,286500,/data/gen/tokens/dodh/1da3544e-dc5c-5795-adc3-f5068959211f__F3-F4.npy
dodh,1fa6c401-d819-50f5-8146-a0bb9e2b2516,1fa6c401-d819-50f5-8146-a0bb9e2b2516,F3-M2,train,295800,/data/gen/tokens/dodh/1fa6c401-d819-50f5-8146-a0bb9e2b2516__F3-M2.npy
dodh,1fa6c401-d819-50f5-8146-a0bb9e2b2516,1fa6c401-d819-50f5-8146-a0bb9e2b2516,F3-F4,train,295800,/data/gen/tokens/dodh/1fa6c401-d819-50f5-8146-a0bb9e2b2516__F3-F4.npy
dodh,119f9726-eb4c-5a0e-a7bb-9e15256149a1,119f9726-eb4c-5a0e-a7bb-9e15256149a1,F3-M2,train,279600,/data/gen/tokens/dodh/119f9726-eb4c-5a0e-a7bb-9e15256149a1__F3-M2.npy
dodh,119f9726-eb4c-5a0e-a7bb-9e15256149a1,119f9726-eb4c-5a0e-a7bb-9e15256149a1,F3-F4,train,279600,/data/gen/tokens/dodh/119f9726-eb4c-5a0e-a7bb-9e15256149a1__F3-F4.npy
dodh,14c012bd-65b0-56f5-bc74-2dffcea69837,14c012bd-65b0-56f5-bc74-2dffcea69837,F3-M2,train,290700,/data/gen/tokens/dodh/14c012bd-65b0-56f5-bc74-2dffcea69837__F3-M2.npy
dodh,14c012bd-65b0-56f5-bc74-2dffcea69837,14c012bd-65b0-56f5-bc74-2dffcea69837,F3-F4,train,290700,/data/gen/tokens/dodh/14c012bd-65b0-56f5-bc74-2dffcea69837__F3-F4.npy
dodh,18ede714-aba3-5ad8-bb1a-18fc9b1c4192,18ede714-aba3-5ad8-bb1a-18fc9b1c4192,F3-M2,train,298500,/data/gen/tokens/dodh/18ede714-aba3-5ad8-bb1a-18fc9b1c4192__F3-M2.npy
dodh,18ede714-aba3-5ad8-bb1a-18fc9b1c4192,18ede714-aba3-5ad8-bb1a-18fc9b1c4192,F3-F4,train,298500,/data/gen/tokens/dodh/18ede714-aba3-5ad8-bb1a-18fc9b1c4192__F3-F4.npy
dodh,095d6e40-5f19-55b6-a0ec-6e0ad3793da0,095d6e40-5f19-55b6-a0ec-6e0ad3793da0,F3-M2,train,357600,/data/gen/tokens/dodh/095d6e40-5f19-55b6-a0ec-6e0ad3793da0__F3-M2.npy
dodh,095d6e40-5f19-55b6-a0ec-6e0ad3793da0,095d6e40-5f19-55b6-a0ec-6e0ad3793da0,F3-F4,train,357600,/data/gen/tokens/dodh/095d6e40-5f19-55b6-a0ec-6e0ad3793da0__F3-F4.npy
dodh,3e842aa8-bcd9-521e-93a2-72124233fe2c,3e842aa8-bcd9-521e-93a2-72124233fe2c,F3-M2,train,186000,/data/gen/tokens/dodh/3e842aa8-bcd9-521e-93a2-72124233fe2c__F3-M2.npy
dodh,3e842aa8-bcd9-521e-93a2-72124233fe2c,3e842aa8-bcd9-521e-93a2-72124233fe2c,F3-F4,train,186000,/data/gen/tokens/dodh/3e842aa8-bcd9-521e-93a2-72124233fe2c__F3-F4.npy
dodh,25a6b2b0-4d09-561b-82c6-f09bb271d3be,25a6b2b0-4d09-561b-82c6-f09bb271d3be,F3-M2,train,318900,/data/gen/tokens/dodh/25a6b2b0-4d09-561b-82c6-f09bb271d3be__F3-M2.npy
dodh,25a6b2b0-4d09-561b-82c6-f09bb271d3be,25a6b2b0-4d09-561b-82c6-f09bb271d3be,F3-F4,train,318900,/data/gen/tokens/dodh/25a6b2b0-4d09-561b-82c6-f09bb271d3be__F3-F4.npy
dodh,64959ac4-53b5-5868-a845-c7476e9fdf7b,64959ac4-53b5-5868-a845-c7476e9fdf7b,F3-M2,heldout,297000,/data/gen/tokens/dodh/64959ac4-53b5-5868-a845-c7476e9fdf7b__F3-M2.npy
dodh,64959ac4-53b5-5868-a845-c7476e9fdf7b,64959ac4-53b5-5868-a845-c7476e9fdf7b,F3-F4,heldout,297000,/data/gen/tokens/dodh/64959ac4-53b5-5868-a845-c7476e9fdf7b__F3-F4.npy
dodh,5bf0f969-304c-581e-949c-50c108f62846,5bf0f969-304c-581e-949c-50c108f62846,F3-M2,train,284100,/data/gen/tokens/dodh/5bf0f969-304c-581e-949c-50c108f62846__F3-M2.npy
dodh,5bf0f969-304c-581e-949c-50c108f62846,5bf0f969-304c-581e-949c-50c108f62846,F3-F4,train,284100,/data/gen/tokens/dodh/5bf0f969-304c-581e-949c-50c108f62846__F3-F4.npy
dodh,37d0da97-9ae8-5413-b889-4e843ff35488,37d0da97-9ae8-5413-b889-4e843ff35488,F3-M2,train,303300,/data/gen/tokens/dodh/37d0da97-9ae8-5413-b889-4e843ff35488__F3-M2.npy
dodh,37d0da97-9ae8-5413-b889-4e843ff35488,37d0da97-9ae8-5413-b889-4e843ff35488,F3-F4,train,303300,/data/gen/tokens/dodh/37d0da97-9ae8-5413-b889-4e843ff35488__F3-F4.npy
dodh,769df255-2284-50b3-8917-2155c759fbbd,769df255-2284-50b3-8917-2155c759fbbd,F3-M2,train,278700,/data/gen/tokens/dodh/769df255-2284-50b3-8917-2155c759fbbd__F3-M2.npy
dodh,769df255-2284-50b3-8917-2155c759fbbd,769df255-2284-50b3-8917-2155c759fbbd,F3-F4,train,278700,/data/gen/tokens/dodh/769df255-2284-50b3-8917-2155c759fbbd__F3-F4.npy
dodh,67fa8e29-6f4d-530e-9422-bbc3aca86ed0,67fa8e29-6f4d-530e-9422-bbc3aca86ed0,F3-M2,train,313800,/data/gen/tokens/dodh/67fa8e29-6f4d-530e-9422-bbc3aca86ed0__F3-M2.npy
dodh,67fa8e29-6f4d-530e-9422-bbc3aca86ed0,67fa8e29-6f4d-530e-9422-bbc3aca86ed0,F3-F4,train,313800,/data/gen/tokens/dodh/67fa8e29-6f4d-530e-9422-bbc3aca86ed0__F3-F4.npy
dodh,7d778801-88e7-5086-ad1d-70f31a371876,7d778801-88e7-5086-ad1d-70f31a371876,F3-M2,train,299700,/data/gen/tokens/dodh/7d778801-88e7-5086-ad1d-70f31a371876__F3-M2.npy
dodh,7d778801-88e7-5086-ad1d-70f31a371876,7d778801-88e7-5086-ad1d-70f31a371876,F3-F4,train,299700,/data/gen/tokens/dodh/7d778801-88e7-5086-ad1d-70f31a371876__F3-F4.npy
dodh,7ab8ff5f-a77f-567d-9882-f8bee0c3c9bf,7ab8ff5f-a77f-567d-9882-f8bee0c3c9bf,F3-M2,heldout,296700,/data/gen/tokens/dodh/7ab8ff5f-a77f-567d-9882-f8bee0c3c9bf__F3-M2.npy
dodh,7ab8ff5f-a77f-567d-9882-f8bee0c3c9bf,7ab8ff5f-a77f-567d-9882-f8bee0c3c9bf,F3-F4,heldout,296700,/data/gen/tokens/dodh/7ab8ff5f-a77f-567d-9882-f8bee0c3c9bf__F3-F4.npy
dodh,844f68ba-265e-53e6-bf47-6c85d1804a7b,844f68ba-265e-53e6-bf47-6c85d1804a7b,F3-M2,train,287100,/data/gen/tokens/dodh/844f68ba-265e-53e6-bf47-6c85d1804a7b__F3-M2.npy
dodh,844f68ba-265e-53e6-bf47-6c85d1804a7b,844f68ba-265e-53e6-bf47-6c85d1804a7b,F3-F4,train,287100,/data/gen/tokens/dodh/844f68ba-265e-53e6-bf47-6c85d1804a7b__F3-F4.npy
dodh,a25b2296-343b-53f6-8792-ada2669d466e,a25b2296-343b-53f6-8792-ada2669d466e,F3-M2,train,302400,/data/gen/tokens/dodh/a25b2296-343b-53f6-8792-ada2669d466e__F3-M2.npy
dodh,a25b2296-343b-53f6-8792-ada2669d466e,a25b2296-343b-53f6-8792-ada2669d466e,F3-F4,train,302400,/data/gen/tokens/dodh/a25b2296-343b-53f6-8792-ada2669d466e__F3-F4.npy
dodh,a30245e3-4a71-565f-9636-92e7d2e825fc,a30245e3-4a71-565f-9636-92e7d2e825fc,F3-M2,train,336600,/data/gen/tokens/dodh/a30245e3-4a71-565f-9636-92e7d2e825fc__F3-M2.npy
dodh,a30245e3-4a71-565f-9636-92e7d2e825fc,a30245e3-4a71-565f-9636-92e7d2e825fc,F3-F4,train,336600,/data/gen/tokens/dodh/a30245e3-4a71-565f-9636-92e7d2e825fc__F3-F4.npy
dodh,aa160c78-6da3-5e05-8fc9-d6c13e9f97e0,aa160c78-6da3-5e05-8fc9-d6c13e9f97e0,F3-M2,train,303000,/data/gen/tokens/dodh/aa160c78-6da3-5e05-8fc9-d6c13e9f97e0__F3-M2.npy
dodh,aa160c78-6da3-5e05-8fc9-d6c13e9f97e0,aa160c78-6da3-5e05-8fc9-d6c13e9f97e0,F3-F4,train,303000,/data/gen/tokens/dodh/aa160c78-6da3-5e05-8fc9-d6c13e9f97e0__F3-F4.npy
dodh,a4568951-bf87-5bbc-bc4f-28e93c360be6,a4568951-bf87-5bbc-bc4f-28e93c360be6,F3-M2,train,292500,/data/gen/tokens/dodh/a4568951-bf87-5bbc-bc4f-28e93c360be6__F3-M2.npy
dodh,a4568951-bf87-5bbc-bc4f-28e93c360be6,a4568951-bf87-5bbc-bc4f-28e93c360be6,F3-F4,train,292500,/data/gen/tokens/dodh/a4568951-bf87-5bbc-bc4f-28e93c360be6__F3-F4.npy
dodh,b5d5785d-87ee-5078-b9b9-aac6abd4d8de,b5d5785d-87ee-5078-b9b9-aac6abd4d8de,F3-M2,train,275400,/data/gen/tokens/dodh/b5d5785d-87ee-5078-b9b9-aac6abd4d8de__F3-M2.npy
dodh,b5d5785d-87ee-5078-b9b9-aac6abd4d8de,b5d5785d-87ee-5078-b9b9-aac6abd4d8de,F3-F4,train,275400,/data/gen/tokens/dodh/b5d5785d-87ee-5078-b9b9-aac6abd4d8de__F3-F4.npy
dodh,bb474ab0-c2ce-573b-8acd-ef86b0fa26a2,bb474ab0-c2ce-573b-8acd-ef86b0fa26a2,F3-M2,train,342600,/data/gen/tokens/dodh/bb474ab0-c2ce-573b-8acd-ef86b0fa26a2__F3-M2.npy
dodh,bb474ab0-c2ce-573b-8acd-ef86b0fa26a2,bb474ab0-c2ce-573b-8acd-ef86b0fa26a2,F3-F4,train,342600,/data/gen/tokens/dodh/bb474ab0-c2ce-573b-8acd-ef86b0fa26a2__F3-F4.npy
dodh,d3cadb78-cb8c-5a6e-885c-392e457c68b1,d3cadb78-cb8c-5a6e-885c-392e457c68b1,F3-M2,train,294600,/data/gen/tokens/dodh/d3cadb78-cb8c-5a6e-885c-392e457c68b1__F3-M2.npy
dodh,d3cadb78-cb8c-5a6e-885c-392e457c68b1,d3cadb78-cb8c-5a6e-885c-392e457c68b1,F3-F4,train,294600,/data/gen/tokens/dodh/d3cadb78-cb8c-5a6e-885c-392e457c68b1__F3-F4.npy
dodh,f2a69bdc-ed51-5e3f-b102-6b3f7d392be0,f2a69bdc-ed51-5e3f-b102-6b3f7d392be0,F3-M2,train,288000,/data/gen/tokens/dodh/f2a69bdc-ed51-5e3f-b102-6b3f7d392be0__F3-M2.npy
dodh,f2a69bdc-ed51-5e3f-b102-6b3f7d392be0,f2a69bdc-ed51-5e3f-b102-6b3f7d392be0,F3-F4,train,288000,/data/gen/tokens/dodh/f2a69bdc-ed51-5e3f-b102-6b3f7d392be0__F3-F4.npy
cap,brux1,brux1,Fp2-F4,train,143400,/data/gen/tokens/cap/brux1__Fp2-F4.npy
cap,brux1,brux1,F4-C4,train,143400,/data/gen/tokens/cap/brux1__F4-C4.npy
cap,brux1,brux1,C4-P4,train,143400,/data/gen/tokens/cap/brux1__C4-P4.npy
cap,brux1,brux1,F8-T4,train,143400,/data/gen/tokens/cap/brux1__F8-T4.npy
cap,brux1,brux1,FP1-F3,train,143400,/data/gen/tokens/cap/brux1__FP1-F3.npy
cap,brux1,brux1,F3-C3,train,143400,/data/gen/tokens/cap/brux1__F3-C3.npy
cap,ins1,ins1,Fp2-F4,train,480000,/data/gen/tokens/cap/ins1__Fp2-F4.npy
cap,ins1,ins1,F4-C4,train,480000,/data/gen/tokens/cap/ins1__F4-C4.npy
cap,ins1,ins1,C4-P4,train,480000,/data/gen/tokens/cap/ins1__C4-P4.npy
cap,ins1,ins1,C4-A1,train,480000,/data/gen/tokens/cap/ins1__C4-A1.npy
cap,brux2,brux2,Fp2-F4,train,313200,/data/gen/tokens/cap/brux2__Fp2-F4.npy
cap,brux2,brux2,F4-C4,train,313200,/data/gen/tokens/cap/brux2__F4-C4.npy
cap,brux2,brux2,C4-P4,train,313200,/data/gen/tokens/cap/brux2__C4-P4.npy
cap,brux2,brux2,F8-T4,train,313200,/data/gen/tokens/cap/brux2__F8-T4.npy
cap,brux2,brux2,FP1-F3,train,313200,/data/gen/tokens/cap/brux2__FP1-F3.npy
cap,brux2,brux2,F3-C3,train,313200,/data/gen/tokens/cap/brux2__F3-C3.npy
cap,ins3,ins3,Fp2-F4,train,309000,/data/gen/tokens/cap/ins3__Fp2-F4.npy
cap,ins3,ins3,F4-C4,train,309000,/data/gen/tokens/cap/ins3__F4-C4.npy
cap,ins3,ins3,C4-P4,train,309000,/data/gen/tokens/cap/ins3__C4-P4.npy
cap,ins3,ins3,C4-A1,train,309000,/data/gen/tokens/cap/ins3__C4-A1.npy
cap,ins3,ins3,F8-T4,train,309000,/data/gen/tokens/cap/ins3__F8-T4.npy
cap,ins3,ins3,F7-T3,train,309000,/data/gen/tokens/cap/ins3__F7-T3.npy
cap,ins2,ins2,Fp2-F4,heldout,502500,/data/gen/tokens/cap/ins2__Fp2-F4.npy
cap,ins2,ins2,F4-C4,heldout,502500,/data/gen/tokens/cap/ins2__F4-C4.npy
cap,ins2,ins2,C4-P4,heldout,502500,/data/gen/tokens/cap/ins2__C4-P4.npy
cap,ins2,ins2,C4-A1,heldout,502500,/data/gen/tokens/cap/ins2__C4-A1.npy
cap,ins7,ins7,Fp2-F4,train,444900,/data/gen/tokens/cap/ins7__Fp2-F4.npy
cap,ins7,ins7,F4-C4,train,444900,/data/gen/tokens/cap/ins7__F4-C4.npy
cap,ins7,ins7,C4-P4,train,444900,/data/gen/tokens/cap/ins7__C4-P4.npy
cap,ins7,ins7,C4-A1,train,444900,/data/gen/tokens/cap/ins7__C4-A1.npy
cap,ins8,ins8,Fp2-F4,train,300000,/data/gen/tokens/cap/ins8__Fp2-F4.npy
cap,ins8,ins8,F4-C4,train,300000,/data/gen/tokens/cap/ins8__F4-C4.npy
cap,ins8,ins8,C4-P4,train,300000,/data/gen/tokens/cap/ins8__C4-P4.npy
cap,ins8,ins8,FP1-F3,train,300000,/data/gen/tokens/cap/ins8__FP1-F3.npy
cap,ins8,ins8,F3-C3,train,300000,/data/gen/tokens/cap/ins8__F3-C3.npy
cap,ins8,ins8,C3-P3,train,300000,/data/gen/tokens/cap/ins8__C3-P3.npy
cap,ins5,ins5,Fp2-F4,train,516000,/data/gen/tokens/cap/ins5__Fp2-F4.npy
cap,ins5,ins5,F4-C4,train,516000,/data/gen/tokens/cap/ins5__F4-C4.npy
cap,ins5,ins5,C4-P4,train,516000,/data/gen/tokens/cap/ins5__C4-P4.npy
cap,ins5,ins5,C4-A1,train,516000,/data/gen/tokens/cap/ins5__C4-A1.npy
cap,ins4,ins4,Fp2-F4,train,381900,/data/gen/tokens/cap/ins4__Fp2-F4.npy
cap,ins4,ins4,F4-C4,train,381900,/data/gen/tokens/cap/ins4__F4-C4.npy
cap,ins4,ins4,C4-P4,train,381900,/data/gen/tokens/cap/ins4__C4-P4.npy
cap,ins4,ins4,C4-A1,train,381900,/data/gen/tokens/cap/ins4__C4-A1.npy
cap,ins6,ins6,Fp2-F4,train,483000,/data/gen/tokens/cap/ins6__Fp2-F4.npy
cap,ins6,ins6,F4-C4,train,483000,/data/gen/tokens/cap/ins6__F4-C4.npy
cap,ins6,ins6,C4-P4,train,483000,/data/gen/tokens/cap/ins6__C4-P4.npy
cap,ins6,ins6,C4-A1,train,483000,/data/gen/tokens/cap/ins6__C4-A1.npy
cap,n12,n12,C3-A2,train,297000,/data/gen/tokens/cap/n12__C3-A2.npy
cap,n12,n12,C4-A1,train,297000,/data/gen/tokens/cap/n12__C4-A1.npy
cap,n12,n12,O1-A2,train,297000,/data/gen/tokens/cap/n12__O1-A2.npy
cap,n12,n12,O2-A1,train,297000,/data/gen/tokens/cap/n12__O2-A1.npy
cap,ins9,ins9,Fp2-F4,train,335100,/data/gen/tokens/cap/ins9__Fp2-F4.npy
cap,ins9,ins9,F4-C4,train,335100,/data/gen/tokens/cap/ins9__F4-C4.npy
cap,ins9,ins9,C4-P4,train,335100,/data/gen/tokens/cap/ins9__C4-P4.npy
cap,ins9,ins9,FP1-F3,train,335100,/data/gen/tokens/cap/ins9__FP1-F3.npy
cap,ins9,ins9,F3-C3,train,335100,/data/gen/tokens/cap/ins9__F3-C3.npy
cap,ins9,ins9,C3-P3,train,335100,/data/gen/tokens/cap/ins9__C3-P3.npy
cap,n16,n16,Fp2-F4,train,307800,/data/gen/tokens/cap/n16__Fp2-F4.npy
cap,n16,n16,F4-C4,train,307800,/data/gen/tokens/cap/n16__F4-C4.npy
cap,n16,n16,C4-P4,train,307800,/data/gen/tokens/cap/n16__C4-P4.npy
cap,n16,n16,C4-A1,train,307800,/data/gen/tokens/cap/n16__C4-A1.npy
cap,n1,n1,F4-C4,train,346200,/data/gen/tokens/cap/n1__F4-C4.npy
cap,n1,n1,C4-P4,train,346200,/data/gen/tokens/cap/n1__C4-P4.npy
cap,n1,n1,F3-C3,train,346200,/data/gen/tokens/cap/n1__F3-C3.npy
cap,n1,n1,C3-P3,train,346200,/data/gen/tokens/cap/n1__C3-P3.npy
cap,n1,n1,C4-A1,train,346200,/data/gen/tokens/cap/n1__C4-A1.npy
cap,n6,n6,C3-A2,train,316200,/data/gen/tokens/cap/n6__C3-A2.npy
cap,n6,n6,O2-A1,train,316200,/data/gen/tokens/cap/n6__O2-A1.npy
cap,n2,n2,Fp2-F4,train,441000,/data/gen/tokens/cap/n2__Fp2-F4.npy
cap,n2,n2,F4-C4,train,441000,/data/gen/tokens/cap/n2__F4-C4.npy
cap,n2,n2,C4-P4,train,441000,/data/gen/tokens/cap/n2__C4-P4.npy
cap,n2,n2,C4-A1,train,441000,/data/gen/tokens/cap/n2__C4-A1.npy
cap,n11,n11,Fp2-F4,train,316200,/data/gen/tokens/cap/n11__Fp2-F4.npy
cap,n11,n11,F4-C4,train,316200,/data/gen/tokens/cap/n11__F4-C4.npy
cap,n11,n11,C4-P4,train,316200,/data/gen/tokens/cap/n11__C4-P4.npy
cap,n11,n11,F8-T4,train,316200,/data/gen/tokens/cap/n11__F8-T4.npy
cap,n11,n11,FP1-F3,train,316200,/data/gen/tokens/cap/n11__FP1-F3.npy
cap,n11,n11,F3-C3,train,316200,/data/gen/tokens/cap/n11__F3-C3.npy
cap,n7,n7,C3-A2,train,295200,/data/gen/tokens/cap/n7__C3-A2.npy
cap,n7,n7,O2-A1,train,295200,/data/gen/tokens/cap/n7__O2-A1.npy
cap,n9,n9,C3-A2,train,319200,/data/gen/tokens/cap/n9__C3-A2.npy
cap,n9,n9,O2-A1,train,319200,/data/gen/tokens/cap/n9__O2-A1.npy
cap,narco1,narco1,Fp2-F4,heldout,338400,/data/gen/tokens/cap/narco1__Fp2-F4.npy
cap,narco1,narco1,F4-C4,heldout,338400,/data/gen/tokens/cap/narco1__F4-C4.npy
cap,narco1,narco1,C4-P4,heldout,338400,/data/gen/tokens/cap/narco1__C4-P4.npy
cap,narco1,narco1,C4-A1,heldout,338400,/data/gen/tokens/cap/narco1__C4-A1.npy
cap,narco2,narco2,Fp2-F4,train,344700,/data/gen/tokens/cap/narco2__Fp2-F4.npy
cap,narco2,narco2,F4-C4,train,344700,/data/gen/tokens/cap/narco2__F4-C4.npy
cap,narco2,narco2,C4-P4,train,344700,/data/gen/tokens/cap/narco2__C4-P4.npy
cap,narco2,narco2,C4-A1,train,344700,/data/gen/tokens/cap/narco2__C4-A1.npy
cap,n10,n10,Fp2-F4,train,294000,/data/gen/tokens/cap/n10__Fp2-F4.npy
cap,n10,n10,F4-C4,train,294000,/data/gen/tokens/cap/n10__F4-C4.npy
cap,n10,n10,C4-P4,train,294000,/data/gen/tokens/cap/n10__C4-P4.npy
cap,n10,n10,F8-T4,train,294000,/data/gen/tokens/cap/n10__F8-T4.npy
cap,n10,n10,FP1-F3,train,294000,/data/gen/tokens/cap/n10__FP1-F3.npy
cap,n10,n10,F3-C3,train,294000,/data/gen/tokens/cap/n10__F3-C3.npy
cap,n3,n3,Fp2-F4,train,330600,/data/gen/tokens/cap/n3__Fp2-F4.npy
cap,n3,n3,F4-C4,train,330600,/data/gen/tokens/cap/n3__F4-C4.npy
cap,n3,n3,C4-P4,train,330600,/data/gen/tokens/cap/n3__C4-P4.npy
cap,n3,n3,F8-T4,train,330600,/data/gen/tokens/cap/n3__F8-T4.npy
cap,n3,n3,FP1-F3,train,330600,/data/gen/tokens/cap/n3__FP1-F3.npy
cap,n3,n3,F3-C3,train,330600,/data/gen/tokens/cap/n3__F3-C3.npy
cap,narco5,narco5,Fp2-F4,train,244800,/data/gen/tokens/cap/narco5__Fp2-F4.npy
cap,narco5,narco5,F4-C4,train,244800,/data/gen/tokens/cap/narco5__F4-C4.npy
cap,narco5,narco5,C4-P4,train,244800,/data/gen/tokens/cap/narco5__C4-P4.npy
cap,narco5,narco5,C4-A1,train,244800,/data/gen/tokens/cap/narco5__C4-A1.npy
cap,n5,n5,Fp2-F4,train,314400,/data/gen/tokens/cap/n5__Fp2-F4.npy
cap,n5,n5,F4-C4,train,314400,/data/gen/tokens/cap/n5__F4-C4.npy
cap,n5,n5,C4-P4,train,314400,/data/gen/tokens/cap/n5__C4-P4.npy
cap,n5,n5,F8-T4,train,314400,/data/gen/tokens/cap/n5__F8-T4.npy
cap,n5,n5,FP1-F3,train,314400,/data/gen/tokens/cap/n5__FP1-F3.npy
cap,n5,n5,F3-C3,train,314400,/data/gen/tokens/cap/n5__F3-C3.npy
cap,n8,n8,C3-A2,train,300300,/data/gen/tokens/cap/n8__C3-A2.npy
cap,n8,n8,C4-P4,train,300300,/data/gen/tokens/cap/n8__C4-P4.npy
cap,n8,n8,F4-C4,train,300300,/data/gen/tokens/cap/n8__F4-C4.npy
cap,n8,n8,Fp2-F4,train,300300,/data/gen/tokens/cap/n8__Fp2-F4.npy
cap,narco3,narco3,Fp2-F4,heldout,460500,/data/gen/tokens/cap/narco3__Fp2-F4.npy
cap,narco3,narco3,F4-C4,heldout,460500,/data/gen/tokens/cap/narco3__F4-C4.npy
cap,narco3,narco3,C4-P4,heldout,460500,/data/gen/tokens/cap/narco3__C4-P4.npy
cap,narco3,narco3,C4-A1,heldout,460500,/data/gen/tokens/cap/narco3__C4-A1.npy
cap,narco4,narco4,Fp2-F4,heldout,393000,/data/gen/tokens/cap/narco4__Fp2-F4.npy
cap,narco4,narco4,F4-C4,heldout,393000,/data/gen/tokens/cap/narco4__F4-C4.npy
cap,narco4,narco4,C4-P4,heldout,393000,/data/gen/tokens/cap/narco4__C4-P4.npy
cap,narco4,narco4,FP1-F3,heldout,393000,/data/gen/tokens/cap/narco4__FP1-F3.npy
cap,narco4,narco4,F3-C3,heldout,393000,/data/gen/tokens/cap/narco4__F3-C3.npy
cap,narco4,narco4,C3-P3,heldout,393000,/data/gen/tokens/cap/narco4__C3-P3.npy
cap,nfle1,nfle1,Fp2-F4,train,326400,/data/gen/tokens/cap/nfle1__Fp2-F4.npy
cap,nfle1,nfle1,F4-C4,train,326400,/data/gen/tokens/cap/nfle1__F4-C4.npy
cap,nfle1,nfle1,C4-P4,train,326400,/data/gen/tokens/cap/nfle1__C4-P4.npy
cap,nfle1,nfle1,F8-T4,train,326400,/data/gen/tokens/cap/nfle1__F8-T4.npy
cap,nfle1,nfle1,FP1-F3,train,326400,/data/gen/tokens/cap/nfle1__FP1-F3.npy
cap,nfle1,nfle1,F3-C3,train,326400,/data/gen/tokens/cap/nfle1__F3-C3.npy
cap,nfle13,nfle13,Fp2-F4,train,324000,/data/gen/tokens/cap/nfle13__Fp2-F4.npy
cap,nfle13,nfle13,F4-C4,train,324000,/data/gen/tokens/cap/nfle13__F4-C4.npy
cap,nfle13,nfle13,C4-P4,train,324000,/data/gen/tokens/cap/nfle13__C4-P4.npy
cap,nfle13,nfle13,F8-T4,train,324000,/data/gen/tokens/cap/nfle13__F8-T4.npy
cap,nfle13,nfle13,FP1-F3,train,324000,/data/gen/tokens/cap/nfle13__FP1-F3.npy
cap,nfle13,nfle13,F3-C3,train,324000,/data/gen/tokens/cap/nfle13__F3-C3.npy
cap,nfle11,nfle11,FP2-F4,train,306000,/data/gen/tokens/cap/nfle11__FP2-F4.npy
cap,nfle11,nfle11,F4-C4,train,306000,/data/gen/tokens/cap/nfle11__F4-C4.npy
cap,nfle11,nfle11,C4-P4,train,306000,/data/gen/tokens/cap/nfle11__C4-P4.npy
cap,nfle11,nfle11,F8-T4,train,306000,/data/gen/tokens/cap/nfle11__F8-T4.npy
cap,nfle11,nfle11,FP1-F3,train,306000,/data/gen/tokens/cap/nfle11__FP1-F3.npy
cap,nfle11,nfle11,F3-C3,train,306000,/data/gen/tokens/cap/nfle11__F3-C3.npy
cap,nfle12,nfle12,Fp2-F4,train,320100,/data/gen/tokens/cap/nfle12__Fp2-F4.npy
cap,nfle12,nfle12,F4-C4,train,320100,/data/gen/tokens/cap/nfle12__F4-C4.npy
cap,nfle12,nfle12,C4-P4,train,320100,/data/gen/tokens/cap/nfle12__C4-P4.npy
cap,nfle12,nfle12,F8-T4,train,320100,/data/gen/tokens/cap/nfle12__F8-T4.npy
cap,nfle12,nfle12,FP1-F3,train,320100,/data/gen/tokens/cap/nfle12__FP1-F3.npy
cap,nfle12,nfle12,F3-C3,train,320100,/data/gen/tokens/cap/nfle12__F3-C3.npy
cap,nfle14,nfle14,Fp2-F4,train,303300,/data/gen/tokens/cap/nfle14__Fp2-F4.npy
cap,nfle14,nfle14,F4-C4,train,303300,/data/gen/tokens/cap/nfle14__F4-C4.npy
cap,nfle14,nfle14,C4-P4,train,303300,/data/gen/tokens/cap/nfle14__C4-P4.npy
cap,nfle14,nfle14,F8-T4,train,303300,/data/gen/tokens/cap/nfle14__F8-T4.npy
cap,nfle14,nfle14,FP1-F3,train,303300,/data/gen/tokens/cap/nfle14__FP1-F3.npy
cap,nfle14,nfle14,F3-C3,train,303300,/data/gen/tokens/cap/nfle14__F3-C3.npy
cap,n4,n4,Fp2-F4,train,357300,/data/gen/tokens/cap/n4__Fp2-F4.npy
cap,n4,n4,F4-C4,train,357300,/data/gen/tokens/cap/n4__F4-C4.npy
cap,n4,n4,C4-P4,train,357300,/data/gen/tokens/cap/n4__C4-P4.npy
cap,n4,n4,C4-A1,train,357300,/data/gen/tokens/cap/n4__C4-A1.npy
cap,nfle15,nfle15,Fp2-F4,train,318300,/data/gen/tokens/cap/nfle15__Fp2-F4.npy
cap,nfle15,nfle15,F4-C4,train,318300,/data/gen/tokens/cap/nfle15__F4-C4.npy
cap,nfle15,nfle15,C4-P4,train,318300,/data/gen/tokens/cap/nfle15__C4-P4.npy
cap,nfle15,nfle15,F8-T4,train,318300,/data/gen/tokens/cap/nfle15__F8-T4.npy
cap,nfle15,nfle15,FP1-F3,train,318300,/data/gen/tokens/cap/nfle15__FP1-F3.npy
cap,nfle15,nfle15,F3-C3,train,318300,/data/gen/tokens/cap/nfle15__F3-C3.npy
cap,nfle16,nfle16,Fp2-F4,train,306900,/data/gen/tokens/cap/nfle16__Fp2-F4.npy
cap,nfle16,nfle16,F4-C4,train,306900,/data/gen/tokens/cap/nfle16__F4-C4.npy
cap,nfle16,nfle16,C4-P4,train,306900,/data/gen/tokens/cap/nfle16__C4-P4.npy
cap,nfle16,nfle16,F8-T4,train,306900,/data/gen/tokens/cap/nfle16__F8-T4.npy
cap,nfle16,nfle16,FP1-F3,train,306900,/data/gen/tokens/cap/nfle16__FP1-F3.npy
cap,nfle16,nfle16,F3-C3,train,306900,/data/gen/tokens/cap/nfle16__F3-C3.npy
cap,nfle10,nfle10,FP2-F4,train,294600,/data/gen/tokens/cap/nfle10__FP2-F4.npy
cap,nfle10,nfle10,F4-C4,train,294600,/data/gen/tokens/cap/nfle10__F4-C4.npy
cap,nfle10,nfle10,C4-P4,train,294600,/data/gen/tokens/cap/nfle10__C4-P4.npy
cap,nfle10,nfle10,F8-T4,train,294600,/data/gen/tokens/cap/nfle10__F8-T4.npy
cap,nfle10,nfle10,FP1-F3,train,294600,/data/gen/tokens/cap/nfle10__FP1-F3.npy
cap,nfle10,nfle10,F3-C3,train,294600,/data/gen/tokens/cap/nfle10__F3-C3.npy
cap,nfle18,nfle18,Fp2-F4,train,341700,/data/gen/tokens/cap/nfle18__Fp2-F4.npy
cap,nfle18,nfle18,F4-C4,train,341700,/data/gen/tokens/cap/nfle18__F4-C4.npy
cap,nfle18,nfle18,C4-P4,train,341700,/data/gen/tokens/cap/nfle18__C4-P4.npy
cap,nfle18,nfle18,F8-T4,train,341700,/data/gen/tokens/cap/nfle18__F8-T4.npy
cap,nfle18,nfle18,FP1-F3,train,341700,/data/gen/tokens/cap/nfle18__FP1-F3.npy
cap,nfle18,nfle18,F3-C3,train,341700,/data/gen/tokens/cap/nfle18__F3-C3.npy
cap,nfle17,nfle17,Fp2-F4,train,267300,/data/gen/tokens/cap/nfle17__Fp2-F4.npy
cap,nfle17,nfle17,F4-C4,train,267300,/data/gen/tokens/cap/nfle17__F4-C4.npy
cap,nfle17,nfle17,C4-P4,train,267300,/data/gen/tokens/cap/nfle17__C4-P4.npy
cap,nfle17,nfle17,F8-T4,train,267300,/data/gen/tokens/cap/nfle17__F8-T4.npy
cap,nfle17,nfle17,FP1-F3,train,267300,/data/gen/tokens/cap/nfle17__FP1-F3.npy
cap,nfle17,nfle17,F3-C3,train,267300,/data/gen/tokens/cap/nfle17__F3-C3.npy
cap,nfle19,nfle19,FP2-F4,train,272400,/data/gen/tokens/cap/nfle19__FP2-F4.npy
cap,nfle19,nfle19,F4-C4,train,272400,/data/gen/tokens/cap/nfle19__F4-C4.npy
cap,nfle19,nfle19,C4-P4,train,272400,/data/gen/tokens/cap/nfle19__C4-P4.npy
cap,nfle19,nfle19,F8-T4,train,272400,/data/gen/tokens/cap/nfle19__F8-T4.npy
cap,nfle19,nfle19,FP1-F3,train,272400,/data/gen/tokens/cap/nfle19__FP1-F3.npy
cap,nfle19,nfle19,F3-C3,train,272400,/data/gen/tokens/cap/nfle19__F3-C3.npy
cap,nfle2,nfle2,Fp2-F4,train,314100,/data/gen/tokens/cap/nfle2__Fp2-F4.npy
cap,nfle2,nfle2,F4-C4,train,314100,/data/gen/tokens/cap/nfle2__F4-C4.npy
cap,nfle2,nfle2,C4-P4,train,314100,/data/gen/tokens/cap/nfle2__C4-P4.npy
cap,nfle2,nfle2,F8-T4,train,314100,/data/gen/tokens/cap/nfle2__F8-T4.npy
cap,nfle2,nfle2,FP1-F3,train,314100,/data/gen/tokens/cap/nfle2__FP1-F3.npy
cap,nfle2,nfle2,F3-C3,train,314100,/data/gen/tokens/cap/nfle2__F3-C3.npy
cap,nfle21,nfle21,Fp2-F4,train,346500,/data/gen/tokens/cap/nfle21__Fp2-F4.npy
cap,nfle21,nfle21,F4-C4,train,346500,/data/gen/tokens/cap/nfle21__F4-C4.npy
cap,nfle21,nfle21,C4-P4,train,346500,/data/gen/tokens/cap/nfle21__C4-P4.npy
cap,nfle21,nfle21,F8-T4,train,346500,/data/gen/tokens/cap/nfle21__F8-T4.npy
cap,nfle21,nfle21,FP1-F3,train,346500,/data/gen/tokens/cap/nfle21__FP1-F3.npy
cap,nfle21,nfle21,F3-C3,train,346500,/data/gen/tokens/cap/nfle21__F3-C3.npy
cap,nfle24,nfle24,Fp2-F4,train,303900,/data/gen/tokens/cap/nfle24__Fp2-F4.npy
cap,nfle24,nfle24,F4-C4,train,303900,/data/gen/tokens/cap/nfle24__F4-C4.npy
cap,nfle24,nfle24,C4-P4,train,303900,/data/gen/tokens/cap/nfle24__C4-P4.npy
cap,nfle24,nfle24,F8-T4,train,303900,/data/gen/tokens/cap/nfle24__F8-T4.npy
cap,nfle24,nfle24,FP1-F3,train,303900,/data/gen/tokens/cap/nfle24__FP1-F3.npy
cap,nfle24,nfle24,F3-C3,train,303900,/data/gen/tokens/cap/nfle24__F3-C3.npy
cap,nfle22,nfle22,Fp2-F4,train,334200,/data/gen/tokens/cap/nfle22__Fp2-F4.npy
cap,nfle22,nfle22,F4-C4,train,334200,/data/gen/tokens/cap/nfle22__F4-C4.npy
cap,nfle22,nfle22,C4-P4,train,334200,/data/gen/tokens/cap/nfle22__C4-P4.npy
cap,nfle22,nfle22,F8-T4,train,334200,/data/gen/tokens/cap/nfle22__F8-T4.npy
cap,nfle22,nfle22,FP1-F3,train,334200,/data/gen/tokens/cap/nfle22__FP1-F3.npy
cap,nfle22,nfle22,F3-C3,train,334200,/data/gen/tokens/cap/nfle22__F3-C3.npy
cap,nfle23,nfle23,FP2-F4,train,314400,/data/gen/tokens/cap/nfle23__FP2-F4.npy
cap,nfle23,nfle23,F4-C4,train,314400,/data/gen/tokens/cap/nfle23__F4-C4.npy
cap,nfle23,nfle23,C4-P4,train,314400,/data/gen/tokens/cap/nfle23__C4-P4.npy
cap,nfle23,nfle23,F8-T4,train,314400,/data/gen/tokens/cap/nfle23__F8-T4.npy
cap,nfle23,nfle23,FP1-F3,train,314400,/data/gen/tokens/cap/nfle23__FP1-F3.npy
cap,nfle23,nfle23,F3-C3,train,314400,/data/gen/tokens/cap/nfle23__F3-C3.npy
cap,nfle20,nfle20,FP2-F4,heldout,288000,/data/gen/tokens/cap/nfle20__FP2-F4.npy
cap,nfle20,nfle20,F4-C4,heldout,288000,/data/gen/tokens/cap/nfle20__F4-C4.npy
cap,nfle20,nfle20,C4-P4,heldout,288000,/data/gen/tokens/cap/nfle20__C4-P4.npy
cap,nfle20,nfle20,F8-T4,heldout,288000,/data/gen/tokens/cap/nfle20__F8-T4.npy
cap,nfle20,nfle20,FP1-F3,heldout,288000,/data/gen/tokens/cap/nfle20__FP1-F3.npy
cap,nfle20,nfle20,F3-C3,heldout,288000,/data/gen/tokens/cap/nfle20__F3-C3.npy
cap,nfle27,nfle27,Fp2-F4,train,312000,/data/gen/tokens/cap/nfle27__Fp2-F4.npy
cap,nfle27,nfle27,F4-C4,train,312000,/data/gen/tokens/cap/nfle27__F4-C4.npy
cap,nfle27,nfle27,C4-P4,train,312000,/data/gen/tokens/cap/nfle27__C4-P4.npy
cap,nfle27,nfle27,F8-T4,train,312000,/data/gen/tokens/cap/nfle27__F8-T4.npy
cap,nfle27,nfle27,FP1-F3,train,312000,/data/gen/tokens/cap/nfle27__FP1-F3.npy
cap,nfle27,nfle27,F3-C3,train,312000,/data/gen/tokens/cap/nfle27__F3-C3.npy
cap,nfle25,nfle25,C3,train,313200,/data/gen/tokens/cap/nfle25__C3.npy
cap,nfle25,nfle25,C4,train,313200,/data/gen/tokens/cap/nfle25__C4.npy
cap,nfle25,nfle25,O1,train,313200,/data/gen/tokens/cap/nfle25__O1.npy
cap,nfle25,nfle25,O2,train,313200,/data/gen/tokens/cap/nfle25__O2.npy
cap,nfle25,nfle25,A1,train,313200,/data/gen/tokens/cap/nfle25__A1.npy
cap,nfle25,nfle25,A2,train,313200,/data/gen/tokens/cap/nfle25__A2.npy
cap,nfle28,nfle28,Fp2-F4,train,331500,/data/gen/tokens/cap/nfle28__Fp2-F4.npy
cap,nfle28,nfle28,F4-C4,train,331500,/data/gen/tokens/cap/nfle28__F4-C4.npy
cap,nfle28,nfle28,C4-P4,train,331500,/data/gen/tokens/cap/nfle28__C4-P4.npy
cap,nfle28,nfle28,F8-T4,train,331500,/data/gen/tokens/cap/nfle28__F8-T4.npy
cap,nfle28,nfle28,FP1-F3,train,331500,/data/gen/tokens/cap/nfle28__FP1-F3.npy
cap,nfle28,nfle28,F3-C3,train,331500,/data/gen/tokens/cap/nfle28__F3-C3.npy
cap,nfle29,nfle29,Fp2-F4,train,305400,/data/gen/tokens/cap/nfle29__Fp2-F4.npy
cap,nfle29,nfle29,F4-C4,train,305400,/data/gen/tokens/cap/nfle29__F4-C4.npy
cap,nfle29,nfle29,C4-P4,train,305400,/data/gen/tokens/cap/nfle29__C4-P4.npy
cap,nfle29,nfle29,F8-T4,train,305400,/data/gen/tokens/cap/nfle29__F8-T4.npy
cap,nfle29,nfle29,FP1-F3,train,305400,/data/gen/tokens/cap/nfle29__FP1-F3.npy
cap,nfle29,nfle29,F3-C3,train,305400,/data/gen/tokens/cap/nfle29__F3-C3.npy
cap,nfle26,nfle26,FP2-F4,train,292800,/data/gen/tokens/cap/nfle26__FP2-F4.npy
cap,nfle26,nfle26,F4-C4,train,292800,/data/gen/tokens/cap/nfle26__F4-C4.npy
cap,nfle26,nfle26,C4-P4,train,292800,/data/gen/tokens/cap/nfle26__C4-P4.npy
cap,nfle26,nfle26,F8-T4,train,292800,/data/gen/tokens/cap/nfle26__F8-T4.npy
cap,nfle26,nfle26,FP1-F3,train,292800,/data/gen/tokens/cap/nfle26__FP1-F3.npy
cap,nfle26,nfle26,F3-C3,train,292800,/data/gen/tokens/cap/nfle26__F3-C3.npy
cap,nfle3,nfle3,Fp2-F4,train,334500,/data/gen/tokens/cap/nfle3__Fp2-F4.npy
cap,nfle3,nfle3,F4-C4,train,334500,/data/gen/tokens/cap/nfle3__F4-C4.npy
cap,nfle3,nfle3,C4-P4,train,334500,/data/gen/tokens/cap/nfle3__C4-P4.npy
cap,nfle3,nfle3,F8-T4,train,334500,/data/gen/tokens/cap/nfle3__F8-T4.npy
cap,nfle3,nfle3,FP1-F3,train,334500,/data/gen/tokens/cap/nfle3__FP1-F3.npy
cap,nfle3,nfle3,F3-C3,train,334500,/data/gen/tokens/cap/nfle3__F3-C3.npy
cap,nfle30,nfle30,Fp2-F4,train,343200,/data/gen/tokens/cap/nfle30__Fp2-F4.npy
cap,nfle30,nfle30,F4-C4,train,343200,/data/gen/tokens/cap/nfle30__F4-C4.npy
cap,nfle30,nfle30,C4-P4,train,343200,/data/gen/tokens/cap/nfle30__C4-P4.npy
cap,nfle30,nfle30,F8-T4,train,343200,/data/gen/tokens/cap/nfle30__F8-T4.npy
cap,nfle30,nfle30,FP1-F3,train,343200,/data/gen/tokens/cap/nfle30__FP1-F3.npy
cap,nfle30,nfle30,F3-C3,train,343200,/data/gen/tokens/cap/nfle30__F3-C3.npy
cap,nfle32,nfle32,Fp2-F4,train,326700,/data/gen/tokens/cap/nfle32__Fp2-F4.npy
cap,nfle32,nfle32,F4-C4,train,326700,/data/gen/tokens/cap/nfle32__F4-C4.npy
cap,nfle32,nfle32,C4-P4,train,326700,/data/gen/tokens/cap/nfle32__C4-P4.npy
cap,nfle32,nfle32,F8-T4,train,326700,/data/gen/tokens/cap/nfle32__F8-T4.npy
cap,nfle32,nfle32,FP1-F3,train,326700,/data/gen/tokens/cap/nfle32__FP1-F3.npy
cap,nfle32,nfle32,F3-C3,train,326700,/data/gen/tokens/cap/nfle32__F3-C3.npy
cap,nfle35,nfle35,Fp2-F4,train,301500,/data/gen/tokens/cap/nfle35__Fp2-F4.npy
cap,nfle35,nfle35,F4-C4,train,301500,/data/gen/tokens/cap/nfle35__F4-C4.npy
cap,nfle35,nfle35,C4-P4,train,301500,/data/gen/tokens/cap/nfle35__C4-P4.npy
cap,nfle35,nfle35,F8-T4,train,301500,/data/gen/tokens/cap/nfle35__F8-T4.npy
cap,nfle35,nfle35,FP1-F3,train,301500,/data/gen/tokens/cap/nfle35__FP1-F3.npy
cap,nfle35,nfle35,F3-C3,train,301500,/data/gen/tokens/cap/nfle35__F3-C3.npy
cap,nfle34,nfle34,Fp2-F4,train,307500,/data/gen/tokens/cap/nfle34__Fp2-F4.npy
cap,nfle34,nfle34,F4-C4,train,307500,/data/gen/tokens/cap/nfle34__F4-C4.npy
cap,nfle34,nfle34,C4-P4,train,307500,/data/gen/tokens/cap/nfle34__C4-P4.npy
cap,nfle34,nfle34,F8-T4,train,307500,/data/gen/tokens/cap/nfle34__F8-T4.npy
cap,nfle34,nfle34,FP1-F3,train,307500,/data/gen/tokens/cap/nfle34__FP1-F3.npy
cap,nfle34,nfle34,F3-C3,train,307500,/data/gen/tokens/cap/nfle34__F3-C3.npy
cap,nfle33,nfle33,C3,train,310500,/data/gen/tokens/cap/nfle33__C3.npy
cap,nfle33,nfle33,C4,train,310500,/data/gen/tokens/cap/nfle33__C4.npy
cap,nfle33,nfle33,A1,train,310500,/data/gen/tokens/cap/nfle33__A1.npy
cap,nfle33,nfle33,A2,train,310500,/data/gen/tokens/cap/nfle33__A2.npy
cap,nfle33,nfle33,O1,train,310500,/data/gen/tokens/cap/nfle33__O1.npy
cap,nfle33,nfle33,O2,train,310500,/data/gen/tokens/cap/nfle33__O2.npy
cap,nfle36,nfle36,Fp2-F4,train,332400,/data/gen/tokens/cap/nfle36__Fp2-F4.npy
cap,nfle36,nfle36,F4-C4,train,332400,/data/gen/tokens/cap/nfle36__F4-C4.npy
cap,nfle36,nfle36,C4-P4,train,332400,/data/gen/tokens/cap/nfle36__C4-P4.npy
cap,nfle36,nfle36,F8-T4,train,332400,/data/gen/tokens/cap/nfle36__F8-T4.npy
cap,nfle36,nfle36,FP1-F3,train,332400,/data/gen/tokens/cap/nfle36__FP1-F3.npy
cap,nfle36,nfle36,F3-C3,train,332400,/data/gen/tokens/cap/nfle36__F3-C3.npy
cap,nfle37,nfle37,Fp2-F4,train,302100,/data/gen/tokens/cap/nfle37__Fp2-F4.npy
cap,nfle37,nfle37,F4-C4,train,302100,/data/gen/tokens/cap/nfle37__F4-C4.npy
cap,nfle37,nfle37,C4-P4,train,302100,/data/gen/tokens/cap/nfle37__C4-P4.npy
cap,nfle37,nfle37,F8-T4,train,302100,/data/gen/tokens/cap/nfle37__F8-T4.npy
cap,nfle37,nfle37,FP1-F3,train,302100,/data/gen/tokens/cap/nfle37__FP1-F3.npy
cap,nfle37,nfle37,F3-C3,train,302100,/data/gen/tokens/cap/nfle37__F3-C3.npy
cap,nfle38,nfle38,Fp2-F4,train,338400,/data/gen/tokens/cap/nfle38__Fp2-F4.npy
cap,nfle38,nfle38,F4-C4,train,338400,/data/gen/tokens/cap/nfle38__F4-C4.npy
cap,nfle38,nfle38,C4-P4,train,338400,/data/gen/tokens/cap/nfle38__C4-P4.npy
cap,nfle38,nfle38,F8-T4,train,338400,/data/gen/tokens/cap/nfle38__F8-T4.npy
cap,nfle38,nfle38,FP1-F3,train,338400,/data/gen/tokens/cap/nfle38__FP1-F3.npy
cap,nfle38,nfle38,F3-C3,train,338400,/data/gen/tokens/cap/nfle38__F3-C3.npy
cap,nfle39,nfle39,Fp2-F4,train,301500,/data/gen/tokens/cap/nfle39__Fp2-F4.npy
cap,nfle39,nfle39,F4-C4,train,301500,/data/gen/tokens/cap/nfle39__F4-C4.npy
cap,nfle39,nfle39,C4-P4,train,301500,/data/gen/tokens/cap/nfle39__C4-P4.npy
cap,nfle39,nfle39,F8-T4,train,301500,/data/gen/tokens/cap/nfle39__F8-T4.npy
cap,nfle39,nfle39,FP1-F3,train,301500,/data/gen/tokens/cap/nfle39__FP1-F3.npy
cap,nfle39,nfle39,F3-C3,train,301500,/data/gen/tokens/cap/nfle39__F3-C3.npy
cap,nfle4,nfle4,Fp2-F4,heldout,346800,/data/gen/tokens/cap/nfle4__Fp2-F4.npy
cap,nfle4,nfle4,F4-C4,heldout,346800,/data/gen/tokens/cap/nfle4__F4-C4.npy
cap,nfle4,nfle4,C4-P4,heldout,346800,/data/gen/tokens/cap/nfle4__C4-P4.npy
cap,nfle4,nfle4,F8-T4,heldout,346800,/data/gen/tokens/cap/nfle4__F8-T4.npy
cap,nfle4,nfle4,FP1-F3,heldout,346800,/data/gen/tokens/cap/nfle4__FP1-F3.npy
cap,nfle4,nfle4,F3-C3,heldout,346800,/data/gen/tokens/cap/nfle4__F3-C3.npy
cap,nfle40,nfle40,Fp2-F4,train,329400,/data/gen/tokens/cap/nfle40__Fp2-F4.npy
cap,nfle40,nfle40,F4-C4,train,329400,/data/gen/tokens/cap/nfle40__F4-C4.npy
cap,nfle40,nfle40,C4-P4,train,329400,/data/gen/tokens/cap/nfle40__C4-P4.npy
cap,nfle40,nfle40,F8-T4,train,329400,/data/gen/tokens/cap/nfle40__F8-T4.npy
cap,nfle40,nfle40,FP1-F3,train,329400,/data/gen/tokens/cap/nfle40__FP1-F3.npy
cap,nfle40,nfle40,F3-C3,train,329400,/data/gen/tokens/cap/nfle40__F3-C3.npy
cap,nfle8,nfle8,Fp2-F4,train,287400,/data/gen/tokens/cap/nfle8__Fp2-F4.npy
cap,nfle8,nfle8,F4-C4,train,287400,/data/gen/tokens/cap/nfle8__F4-C4.npy
cap,nfle8,nfle8,C4-P4,train,287400,/data/gen/tokens/cap/nfle8__C4-P4.npy
cap,nfle8,nfle8,F8-T4,train,287400,/data/gen/tokens/cap/nfle8__F8-T4.npy
cap,nfle8,nfle8,FP1-F3,train,287400,/data/gen/tokens/cap/nfle8__FP1-F3.npy
cap,nfle8,nfle8,F3-C3,train,287400,/data/gen/tokens/cap/nfle8__F3-C3.npy
cap,nfle5,nfle5,Fp2-F4,train,331500,/data/gen/tokens/cap/nfle5__Fp2-F4.npy
cap,nfle5,nfle5,F4-C4,train,331500,/data/gen/tokens/cap/nfle5__F4-C4.npy
cap,nfle5,nfle5,C4-P4,train,331500,/data/gen/tokens/cap/nfle5__C4-P4.npy
cap,nfle5,nfle5,F8-T4,train,331500,/data/gen/tokens/cap/nfle5__F8-T4.npy
cap,nfle5,nfle5,FP1-F3,train,331500,/data/gen/tokens/cap/nfle5__FP1-F3.npy
cap,nfle5,nfle5,F3-C3,train,331500,/data/gen/tokens/cap/nfle5__F3-C3.npy
cap,plm1,plm1,Fp2-F4,train,394800,/data/gen/tokens/cap/plm1__Fp2-F4.npy
cap,plm1,plm1,F4-C4,train,394800,/data/gen/tokens/cap/plm1__F4-C4.npy
cap,plm1,plm1,C4-P4,train,394800,/data/gen/tokens/cap/plm1__C4-P4.npy
cap,plm1,plm1,FP1-F3,train,394800,/data/gen/tokens/cap/plm1__FP1-F3.npy
cap,plm1,plm1,F3-C3,train,394800,/data/gen/tokens/cap/plm1__F3-C3.npy
cap,plm1,plm1,C3-P3,train,394800,/data/gen/tokens/cap/plm1__C3-P3.npy
cap,nfle7,nfle7,Fp2-F4,train,341700,/data/gen/tokens/cap/nfle7__Fp2-F4.npy
cap,nfle7,nfle7,F4-C4,train,341700,/data/gen/tokens/cap/nfle7__F4-C4.npy
cap,nfle7,nfle7,C4-P4,train,341700,/data/gen/tokens/cap/nfle7__C4-P4.npy
cap,nfle7,nfle7,F8-T4,train,341700,/data/gen/tokens/cap/nfle7__F8-T4.npy
cap,nfle7,nfle7,FP1-F3,train,341700,/data/gen/tokens/cap/nfle7__FP1-F3.npy
cap,nfle7,nfle7,F3-C3,train,341700,/data/gen/tokens/cap/nfle7__F3-C3.npy
cap,nfle31,nfle31,FP2-F4,heldout,297300,/data/gen/tokens/cap/nfle31__FP2-F4.npy
cap,nfle31,nfle31,F4-C4,heldout,297300,/data/gen/tokens/cap/nfle31__F4-C4.npy
cap,nfle31,nfle31,C4-P4,heldout,297300,/data/gen/tokens/cap/nfle31__C4-P4.npy
cap,nfle31,nfle31,F8-T4,heldout,297300,/data/gen/tokens/cap/nfle31__F8-T4.npy
cap,nfle31,nfle31,FP1-F3,heldout,297300,/data/gen/tokens/cap/nfle31__FP1-F3.npy
cap,nfle31,nfle31,F3-C3,heldout,297300,/data/gen/tokens/cap/nfle31__F3-C3.npy
cap,plm2,plm2,Fp2-F4,train,270900,/data/gen/tokens/cap/plm2__Fp2-F4.npy
cap,plm2,plm2,F4-C4,train,270900,/data/gen/tokens/cap/plm2__F4-C4.npy
cap,plm2,plm2,C4-P4,train,270900,/data/gen/tokens/cap/plm2__C4-P4.npy
cap,plm2,plm2,FP1-F3,train,270900,/data/gen/tokens/cap/plm2__FP1-F3.npy
cap,plm2,plm2,F3-C3,train,270900,/data/gen/tokens/cap/plm2__F3-C3.npy
cap,plm2,plm2,C3-P3,train,270900,/data/gen/tokens/cap/plm2__C3-P3.npy
cap,plm10,plm10,Fp2-F4,train,301200,/data/gen/tokens/cap/plm10__Fp2-F4.npy
cap,plm10,plm10,F4-C4,train,301200,/data/gen/tokens/cap/plm10__F4-C4.npy
cap,plm10,plm10,C4-P4,train,301200,/data/gen/tokens/cap/plm10__C4-P4.npy
cap,plm10,plm10,FP1-F3,train,301200,/data/gen/tokens/cap/plm10__FP1-F3.npy
cap,plm10,plm10,F3-C3,train,301200,/data/gen/tokens/cap/plm10__F3-C3.npy
cap,plm10,plm10,C3-P3,train,301200,/data/gen/tokens/cap/plm10__C3-P3.npy
cap,plm3,plm3,Fp2-F4,train,252000,/data/gen/tokens/cap/plm3__Fp2-F4.npy
cap,plm3,plm3,F4-C4,train,252000,/data/gen/tokens/cap/plm3__F4-C4.npy
cap,plm3,plm3,C4-P4,train,252000,/data/gen/tokens/cap/plm3__C4-P4.npy
cap,plm3,plm3,FP1-F3,train,252000,/data/gen/tokens/cap/plm3__FP1-F3.npy
cap,plm3,plm3,F3-C3,train,252000,/data/gen/tokens/cap/plm3__F3-C3.npy
cap,plm3,plm3,C3-P3,train,252000,/data/gen/tokens/cap/plm3__C3-P3.npy
cap,nfle9,nfle9,Fp2-F4,train,455400,/data/gen/tokens/cap/nfle9__Fp2-F4.npy
cap,nfle9,nfle9,F4-C4,train,455400,/data/gen/tokens/cap/nfle9__F4-C4.npy
cap,nfle9,nfle9,C4-P4,train,455400,/data/gen/tokens/cap/nfle9__C4-P4.npy
cap,nfle9,nfle9,FP1-F3,train,455400,/data/gen/tokens/cap/nfle9__FP1-F3.npy
cap,nfle9,nfle9,F3-C3,train,455400,/data/gen/tokens/cap/nfle9__F3-C3.npy
cap,nfle9,nfle9,C3-P3,train,455400,/data/gen/tokens/cap/nfle9__C3-P3.npy
cap,plm4,plm4,Fp2-F4,train,417900,/data/gen/tokens/cap/plm4__Fp2-F4.npy
cap,plm4,plm4,F4-C4,train,417900,/data/gen/tokens/cap/plm4__F4-C4.npy
cap,plm4,plm4,C4-P4,train,417900,/data/gen/tokens/cap/plm4__C4-P4.npy
cap,plm4,plm4,C4-A1,train,417900,/data/gen/tokens/cap/plm4__C4-A1.npy
cap,plm7,plm7,Fp2-F4,heldout,315600,/data/gen/tokens/cap/plm7__Fp2-F4.npy
cap,plm7,plm7,F4-C4,heldout,315600,/data/gen/tokens/cap/plm7__F4-C4.npy
cap,plm7,plm7,C4-P4,heldout,315600,/data/gen/tokens/cap/plm7__C4-P4.npy
cap,plm7,plm7,C4-A1,heldout,315600,/data/gen/tokens/cap/plm7__C4-A1.npy
cap,plm8,plm8,Fp2-F4,train,275700,/data/gen/tokens/cap/plm8__Fp2-F4.npy
cap,plm8,plm8,F4-C4,train,275700,/data/gen/tokens/cap/plm8__F4-C4.npy
cap,plm8,plm8,C4-P4,train,275700,/data/gen/tokens/cap/plm8__C4-P4.npy
cap,plm8,plm8,C4-A1,train,275700,/data/gen/tokens/cap/plm8__C4-A1.npy
cap,plm5,plm5,Fp2-F4,train,426900,/data/gen/tokens/cap/plm5__Fp2-F4.npy
cap,plm5,plm5,F4-C4,train,426900,/data/gen/tokens/cap/plm5__F4-C4.npy
cap,plm5,plm5,C4-P4,train,426900,/data/gen/tokens/cap/plm5__C4-P4.npy
cap,plm5,plm5,C4-A1,train,426900,/data/gen/tokens/cap/plm5__C4-A1.npy
cap,plm5,plm5,F8-T4,train,426900,/data/gen/tokens/cap/plm5__F8-T4.npy
cap,plm5,plm5,F7-T3,train,426900,/data/gen/tokens/cap/plm5__F7-T3.npy
cap,plm6,plm6,Fp2-F4,train,379200,/data/gen/tokens/cap/plm6__Fp2-F4.npy
cap,plm6,plm6,F4-C4,train,379200,/data/gen/tokens/cap/plm6__F4-C4.npy
cap,plm6,plm6,C4-P4,train,379200,/data/gen/tokens/cap/plm6__C4-P4.npy
cap,plm6,plm6,FP1-F3,train,379200,/data/gen/tokens/cap/plm6__FP1-F3.npy
cap,plm6,plm6,F3-C3,train,379200,/data/gen/tokens/cap/plm6__F3-C3.npy
cap,plm6,plm6,C3-P3,train,379200,/data/gen/tokens/cap/plm6__C3-P3.npy
cap,rbd10,rbd10,Fp2-F4,train,257400,/data/gen/tokens/cap/rbd10__Fp2-F4.npy
cap,rbd10,rbd10,F4-C4,train,257400,/data/gen/tokens/cap/rbd10__F4-C4.npy
cap,rbd10,rbd10,C4-P4,train,257400,/data/gen/tokens/cap/rbd10__C4-P4.npy
cap,rbd10,rbd10,FP1-F3,train,257400,/data/gen/tokens/cap/rbd10__FP1-F3.npy
cap,rbd10,rbd10,F3-C3,train,257400,/data/gen/tokens/cap/rbd10__F3-C3.npy
cap,rbd10,rbd10,C3-P3,train,257400,/data/gen/tokens/cap/rbd10__C3-P3.npy
cap,plm9,plm9,Fp2-F4,train,314400,/data/gen/tokens/cap/plm9__Fp2-F4.npy
cap,plm9,plm9,F4-C4,train,314400,/data/gen/tokens/cap/plm9__F4-C4.npy
cap,plm9,plm9,C4-P4,train,314400,/data/gen/tokens/cap/plm9__C4-P4.npy
cap,plm9,plm9,F8-T4,train,314400,/data/gen/tokens/cap/plm9__F8-T4.npy
cap,plm9,plm9,FP1-F3,train,314400,/data/gen/tokens/cap/plm9__FP1-F3.npy
cap,plm9,plm9,F3-C3,train,314400,/data/gen/tokens/cap/plm9__F3-C3.npy
cap,rbd1,rbd1,Fp2-F4,train,302700,/data/gen/tokens/cap/rbd1__Fp2-F4.npy
cap,rbd1,rbd1,F4-C4,train,302700,/data/gen/tokens/cap/rbd1__F4-C4.npy
cap,rbd1,rbd1,C4-P4,train,302700,/data/gen/tokens/cap/rbd1__C4-P4.npy
cap,rbd1,rbd1,C4-A1,train,302700,/data/gen/tokens/cap/rbd1__C4-A1.npy
cap,rbd1,rbd1,F8-T4,train,302700,/data/gen/tokens/cap/rbd1__F8-T4.npy
cap,rbd1,rbd1,F7-T3,train,302700,/data/gen/tokens/cap/rbd1__F7-T3.npy
cap,rbd11,rbd11,Fp2-F4,train,257400,/data/gen/tokens/cap/rbd11__Fp2-F4.npy
cap,rbd11,rbd11,F4-C4,train,257400,/data/gen/tokens/cap/rbd11__F4-C4.npy
cap,rbd11,rbd11,C4-P4,train,257400,/data/gen/tokens/cap/rbd11__C4-P4.npy
cap,rbd11,rbd11,FP1-F3,train,257400,/data/gen/tokens/cap/rbd11__FP1-F3.npy
cap,rbd11,rbd11,F3-C3,train,257400,/data/gen/tokens/cap/rbd11__F3-C3.npy
cap,rbd11,rbd11,C3-P3,train,257400,/data/gen/tokens/cap/rbd11__C3-P3.npy
cap,rbd12,rbd12,Fp2-F4,heldout,321900,/data/gen/tokens/cap/rbd12__Fp2-F4.npy
cap,rbd12,rbd12,F4-C4,heldout,321900,/data/gen/tokens/cap/rbd12__F4-C4.npy
cap,rbd12,rbd12,C4-P4,heldout,321900,/data/gen/tokens/cap/rbd12__C4-P4.npy
cap,rbd12,rbd12,FP1-F3,heldout,321900,/data/gen/tokens/cap/rbd12__FP1-F3.npy
cap,rbd12,rbd12,F3-C3,heldout,321900,/data/gen/tokens/cap/rbd12__F3-C3.npy
cap,rbd12,rbd12,C3-P3,heldout,321900,/data/gen/tokens/cap/rbd12__C3-P3.npy
cap,rbd14,rbd14,Fp2-F4,train,334800,/data/gen/tokens/cap/rbd14__Fp2-F4.npy
cap,rbd14,rbd14,F4-C4,train,334800,/data/gen/tokens/cap/rbd14__F4-C4.npy
cap,rbd14,rbd14,C4-P4,train,334800,/data/gen/tokens/cap/rbd14__C4-P4.npy
cap,rbd14,rbd14,C4-A1,train,334800,/data/gen/tokens/cap/rbd14__C4-A1.npy
cap,rbd14,rbd14,F8-T4,train,334800,/data/gen/tokens/cap/rbd14__F8-T4.npy
cap,rbd14,rbd14,F7-T3,train,334800,/data/gen/tokens/cap/rbd14__F7-T3.npy
cap,rbd13,rbd13,Fp2-F4,train,312900,/data/gen/tokens/cap/rbd13__Fp2-F4.npy
cap,rbd13,rbd13,F4-C4,train,312900,/data/gen/tokens/cap/rbd13__F4-C4.npy
cap,rbd13,rbd13,C4-P4,train,312900,/data/gen/tokens/cap/rbd13__C4-P4.npy
cap,rbd13,rbd13,FP1-F3,train,312900,/data/gen/tokens/cap/rbd13__FP1-F3.npy
cap,rbd13,rbd13,F3-C3,train,312900,/data/gen/tokens/cap/rbd13__F3-C3.npy
cap,rbd13,rbd13,C3-P3,train,312900,/data/gen/tokens/cap/rbd13__C3-P3.npy
cap,rbd16,rbd16,Fp2-F4,train,329400,/data/gen/tokens/cap/rbd16__Fp2-F4.npy
cap,rbd16,rbd16,F4-C4,train,329400,/data/gen/tokens/cap/rbd16__F4-C4.npy
cap,rbd16,rbd16,C4-P4,train,329400,/data/gen/tokens/cap/rbd16__C4-P4.npy
cap,rbd16,rbd16,FP1-F3,train,329400,/data/gen/tokens/cap/rbd16__FP1-F3.npy
cap,rbd16,rbd16,F3-C3,train,329400,/data/gen/tokens/cap/rbd16__F3-C3.npy
cap,rbd16,rbd16,C3-P3,train,329400,/data/gen/tokens/cap/rbd16__C3-P3.npy
cap,rbd15,rbd15,Fp2-F4,train,509100,/data/gen/tokens/cap/rbd15__Fp2-F4.npy
cap,rbd15,rbd15,F4-C4,train,509100,/data/gen/tokens/cap/rbd15__F4-C4.npy
cap,rbd15,rbd15,C4-P4,train,509100,/data/gen/tokens/cap/rbd15__C4-P4.npy
cap,rbd15,rbd15,C4-A1,train,509100,/data/gen/tokens/cap/rbd15__C4-A1.npy
cap,rbd15,rbd15,F8-T4,train,509100,/data/gen/tokens/cap/rbd15__F8-T4.npy
cap,rbd15,rbd15,F7-T3,train,509100,/data/gen/tokens/cap/rbd15__F7-T3.npy
cap,rbd17,rbd17,Fp2-F4,train,313200,/data/gen/tokens/cap/rbd17__Fp2-F4.npy
cap,rbd17,rbd17,F4-C4,train,313200,/data/gen/tokens/cap/rbd17__F4-C4.npy
cap,rbd17,rbd17,C4-P4,train,313200,/data/gen/tokens/cap/rbd17__C4-P4.npy
cap,rbd17,rbd17,FP1-F3,train,313200,/data/gen/tokens/cap/rbd17__FP1-F3.npy
cap,rbd17,rbd17,F3-C3,train,313200,/data/gen/tokens/cap/rbd17__F3-C3.npy
cap,rbd17,rbd17,C3-P3,train,313200,/data/gen/tokens/cap/rbd17__C3-P3.npy
cap,rbd18,rbd18,Fp2-F4,train,330000,/data/gen/tokens/cap/rbd18__Fp2-F4.npy
cap,rbd18,rbd18,F4-C4,train,330000,/data/gen/tokens/cap/rbd18__F4-C4.npy
cap,rbd18,rbd18,C4-P4,train,330000,/data/gen/tokens/cap/rbd18__C4-P4.npy
cap,rbd18,rbd18,F8-T4,train,330000,/data/gen/tokens/cap/rbd18__F8-T4.npy
cap,rbd18,rbd18,FP1-F3,train,330000,/data/gen/tokens/cap/rbd18__FP1-F3.npy
cap,rbd18,rbd18,F3-C3,train,330000,/data/gen/tokens/cap/rbd18__F3-C3.npy
cap,rbd19,rbd19,Fp2-F4,heldout,344700,/data/gen/tokens/cap/rbd19__Fp2-F4.npy
cap,rbd19,rbd19,F4-C4,heldout,344700,/data/gen/tokens/cap/rbd19__F4-C4.npy
cap,rbd19,rbd19,C4-P4,heldout,344700,/data/gen/tokens/cap/rbd19__C4-P4.npy
cap,rbd19,rbd19,FP1-F3,heldout,344700,/data/gen/tokens/cap/rbd19__FP1-F3.npy
cap,rbd19,rbd19,F3-C3,heldout,344700,/data/gen/tokens/cap/rbd19__F3-C3.npy
cap,rbd19,rbd19,C3-P3,heldout,344700,/data/gen/tokens/cap/rbd19__C3-P3.npy
cap,rbd2,rbd2,Fp2-F4,train,358200,/data/gen/tokens/cap/rbd2__Fp2-F4.npy
cap,rbd2,rbd2,F4-C4,train,358200,/data/gen/tokens/cap/rbd2__F4-C4.npy
cap,rbd2,rbd2,C4-P4,train,358200,/data/gen/tokens/cap/rbd2__C4-P4.npy
cap,rbd2,rbd2,FP1-F3,train,358200,/data/gen/tokens/cap/rbd2__FP1-F3.npy
cap,rbd2,rbd2,F3-C3,train,358200,/data/gen/tokens/cap/rbd2__F3-C3.npy
cap,rbd2,rbd2,C3-P3,train,358200,/data/gen/tokens/cap/rbd2__C3-P3.npy
cap,rbd20,rbd20,Fp2-F4,train,303900,/data/gen/tokens/cap/rbd20__Fp2-F4.npy
cap,rbd20,rbd20,F4-C4,train,303900,/data/gen/tokens/cap/rbd20__F4-C4.npy
cap,rbd20,rbd20,C4-P4,train,303900,/data/gen/tokens/cap/rbd20__C4-P4.npy
cap,rbd20,rbd20,C4-A1,train,303900,/data/gen/tokens/cap/rbd20__C4-A1.npy
cap,rbd20,rbd20,F8-T4,train,303900,/data/gen/tokens/cap/rbd20__F8-T4.npy
cap,rbd20,rbd20,F7-T3,train,303900,/data/gen/tokens/cap/rbd20__F7-T3.npy
cap,rbd22,rbd22,Fp2-F4,train,353700,/data/gen/tokens/cap/rbd22__Fp2-F4.npy
cap,rbd22,rbd22,F4-C4,train,353700,/data/gen/tokens/cap/rbd22__F4-C4.npy
cap,rbd22,rbd22,C4-P4,train,353700,/data/gen/tokens/cap/rbd22__C4-P4.npy
cap,rbd22,rbd22,FP1-F3,train,353700,/data/gen/tokens/cap/rbd22__FP1-F3.npy
cap,rbd22,rbd22,F3-C3,train,353700,/data/gen/tokens/cap/rbd22__F3-C3.npy
cap,rbd22,rbd22,C3-P3,train,353700,/data/gen/tokens/cap/rbd22__C3-P3.npy
cap,rbd21,rbd21,Fp2-F4,train,303600,/data/gen/tokens/cap/rbd21__Fp2-F4.npy
cap,rbd21,rbd21,F4-C4,train,303600,/data/gen/tokens/cap/rbd21__F4-C4.npy
cap,rbd21,rbd21,C4-P4,train,303600,/data/gen/tokens/cap/rbd21__C4-P4.npy
cap,rbd21,rbd21,FP1-F3,train,303600,/data/gen/tokens/cap/rbd21__FP1-F3.npy
cap,rbd21,rbd21,F3-C3,train,303600,/data/gen/tokens/cap/rbd21__F3-C3.npy
cap,rbd21,rbd21,C3-P3,train,303600,/data/gen/tokens/cap/rbd21__C3-P3.npy
cap,nfle6,nfle6,FP2-F4,train,268500,/data/gen/tokens/cap/nfle6__FP2-F4.npy
cap,nfle6,nfle6,F4-C4,train,268500,/data/gen/tokens/cap/nfle6__F4-C4.npy
cap,nfle6,nfle6,C4-P4,train,268500,/data/gen/tokens/cap/nfle6__C4-P4.npy
cap,nfle6,nfle6,F8-T4,train,268500,/data/gen/tokens/cap/nfle6__F8-T4.npy
cap,nfle6,nfle6,FP1-F3,train,268500,/data/gen/tokens/cap/nfle6__FP1-F3.npy
cap,nfle6,nfle6,F3-C3,train,268500,/data/gen/tokens/cap/nfle6__F3-C3.npy
cap,rbd3,rbd3,Fp2-F4,train,363000,/data/gen/tokens/cap/rbd3__Fp2-F4.npy
cap,rbd3,rbd3,F4-C4,train,363000,/data/gen/tokens/cap/rbd3__F4-C4.npy
cap,rbd3,rbd3,C4-P4,train,363000,/data/gen/tokens/cap/rbd3__C4-P4.npy
cap,rbd3,rbd3,FP1-F3,train,363000,/data/gen/tokens/cap/rbd3__FP1-F3.npy
cap,rbd3,rbd3,F3-C3,train,363000,/data/gen/tokens/cap/rbd3__F3-C3.npy
cap,rbd3,rbd3,C3-P3,train,363000,/data/gen/tokens/cap/rbd3__C3-P3.npy
cap,rbd6,rbd6,F4-C4,train,546000,/data/gen/tokens/cap/rbd6__F4-C4.npy
cap,rbd6,rbd6,C4-P4,train,546000,/data/gen/tokens/cap/rbd6__C4-P4.npy
cap,rbd6,rbd6,C4-A1,train,546000,/data/gen/tokens/cap/rbd6__C4-A1.npy
cap,rbd5,rbd5,Fp2-F4,train,348000,/data/gen/tokens/cap/rbd5__Fp2-F4.npy
cap,rbd5,rbd5,F4-C4,train,348000,/data/gen/tokens/cap/rbd5__F4-C4.npy
cap,rbd5,rbd5,C4-P4,train,348000,/data/gen/tokens/cap/rbd5__C4-P4.npy
cap,rbd5,rbd5,FP1-F3,train,348000,/data/gen/tokens/cap/rbd5__FP1-F3.npy
cap,rbd5,rbd5,F3-C3,train,348000,/data/gen/tokens/cap/rbd5__F3-C3.npy
cap,rbd5,rbd5,C3-P3,train,348000,/data/gen/tokens/cap/rbd5__C3-P3.npy
cap,sdb1,sdb1,Fp2-F4,train,282600,/data/gen/tokens/cap/sdb1__Fp2-F4.npy
cap,sdb1,sdb1,F4-C4,train,282600,/data/gen/tokens/cap/sdb1__F4-C4.npy
cap,sdb1,sdb1,C4-P4,train,282600,/data/gen/tokens/cap/sdb1__C4-P4.npy
cap,sdb1,sdb1,C4-A1,train,282600,/data/gen/tokens/cap/sdb1__C4-A1.npy
cap,sdb2,sdb2,Fp2-F4,train,307800,/data/gen/tokens/cap/sdb2__Fp2-F4.npy
cap,sdb2,sdb2,F4-C4,train,307800,/data/gen/tokens/cap/sdb2__F4-C4.npy
cap,sdb2,sdb2,C4-P4,train,307800,/data/gen/tokens/cap/sdb2__C4-P4.npy
cap,sdb2,sdb2,C4-A1,train,307800,/data/gen/tokens/cap/sdb2__C4-A1.npy
cap,rbd4,rbd4,Fp2-F4,train,515400,/data/gen/tokens/cap/rbd4__Fp2-F4.npy
cap,rbd4,rbd4,F4-C4,train,515400,/data/gen/tokens/cap/rbd4__F4-C4.npy
cap,rbd4,rbd4,C4-P4,train,515400,/data/gen/tokens/cap/rbd4__C4-P4.npy
cap,rbd4,rbd4,C4-A1,train,515400,/data/gen/tokens/cap/rbd4__C4-A1.npy
cap,rbd4,rbd4,F8-T4,train,515400,/data/gen/tokens/cap/rbd4__F8-T4.npy
cap,rbd4,rbd4,F7-T3,train,515400,/data/gen/tokens/cap/rbd4__F7-T3.npy
cap,rbd7,rbd7,Fp2-F4,train,316200,/data/gen/tokens/cap/rbd7__Fp2-F4.npy
cap,rbd7,rbd7,F4-C4,train,316200,/data/gen/tokens/cap/rbd7__F4-C4.npy
cap,rbd7,rbd7,C4-P4,train,316200,/data/gen/tokens/cap/rbd7__C4-P4.npy
cap,rbd7,rbd7,FP1-F3,train,316200,/data/gen/tokens/cap/rbd7__FP1-F3.npy
cap,rbd7,rbd7,F3-C3,train,316200,/data/gen/tokens/cap/rbd7__F3-C3.npy
cap,rbd7,rbd7,C3-P3,train,316200,/data/gen/tokens/cap/rbd7__C3-P3.npy
cap,rbd8,rbd8,Fp2-F4,train,322200,/data/gen/tokens/cap/rbd8__Fp2-F4.npy
cap,rbd8,rbd8,F4-C4,train,322200,/data/gen/tokens/cap/rbd8__F4-C4.npy
cap,rbd8,rbd8,C4-P4,train,322200,/data/gen/tokens/cap/rbd8__C4-P4.npy
cap,rbd8,rbd8,FP1-F3,train,322200,/data/gen/tokens/cap/rbd8__FP1-F3.npy
cap,rbd8,rbd8,F3-C3,train,322200,/data/gen/tokens/cap/rbd8__F3-C3.npy
cap,rbd8,rbd8,C3-P3,train,322200,/data/gen/tokens/cap/rbd8__C3-P3.npy
cap,sdb3,sdb3,F4-C4,train,307800,/data/gen/tokens/cap/sdb3__F4-C4.npy
cap,sdb3,sdb3,C4-P4,train,307800,/data/gen/tokens/cap/sdb3__C4-P4.npy
cap,sdb3,sdb3,C4-A1,train,307800,/data/gen/tokens/cap/sdb3__C4-A1.npy
cap,sdb4,sdb4,Fp2-F4,train,390900,/data/gen/tokens/cap/sdb4__Fp2-F4.npy
cap,sdb4,sdb4,F4-C4,train,390900,/data/gen/tokens/cap/sdb4__F4-C4.npy
cap,sdb4,sdb4,C4-P4,train,390900,/data/gen/tokens/cap/sdb4__C4-P4.npy
cap,sdb4,sdb4,C4-A1,train,390900,/data/gen/tokens/cap/sdb4__C4-A1.npy
cap,rbd9,rbd9,Fp2-F4,train,354600,/data/gen/tokens/cap/rbd9__Fp2-F4.npy
cap,rbd9,rbd9,F4-C4,train,354600,/data/gen/tokens/cap/rbd9__F4-C4.npy
cap,rbd9,rbd9,C4-P4,train,354600,/data/gen/tokens/cap/rbd9__C4-P4.npy
cap,rbd9,rbd9,FP1-F3,train,354600,/data/gen/tokens/cap/rbd9__FP1-F3.npy
cap,rbd9,rbd9,F3-C3,train,354600,/data/gen/tokens/cap/rbd9__F3-C3.npy
cap,rbd9,rbd9,C3-P3,train,354600,/data/gen/tokens/cap/rbd9__C3-P3.npy
pn2018,tr03-0052,tr03-0052,F3-M2,train,299400,/data/gen/tokens/pn2018/tr03-0052__F3-M2.npy
pn2018,tr03-0052,tr03-0052,F4-M1,train,299400,/data/gen/tokens/pn2018/tr03-0052__F4-M1.npy
pn2018,tr03-0052,tr03-0052,C3-M2,train,299400,/data/gen/tokens/pn2018/tr03-0052__C3-M2.npy
pn2018,tr03-0052,tr03-0052,C4-M1,train,299400,/data/gen/tokens/pn2018/tr03-0052__C4-M1.npy
pn2018,tr03-0052,tr03-0052,O1-M2,train,299400,/data/gen/tokens/pn2018/tr03-0052__O1-M2.npy
pn2018,tr03-0052,tr03-0052,O2-M1,train,299400,/data/gen/tokens/pn2018/tr03-0052__O2-M1.npy
pn2018,tr03-0005,tr03-0005,F3-M2,train,257100,/data/gen/tokens/pn2018/tr03-0005__F3-M2.npy
pn2018,tr03-0005,tr03-0005,F4-M1,train,257100,/data/gen/tokens/pn2018/tr03-0005__F4-M1.npy
pn2018,tr03-0005,tr03-0005,C3-M2,train,257100,/data/gen/tokens/pn2018/tr03-0005__C3-M2.npy
pn2018,tr03-0005,tr03-0005,C4-M1,train,257100,/data/gen/tokens/pn2018/tr03-0005__C4-M1.npy
pn2018,tr03-0005,tr03-0005,O1-M2,train,257100,/data/gen/tokens/pn2018/tr03-0005__O1-M2.npy
pn2018,tr03-0005,tr03-0005,O2-M1,train,257100,/data/gen/tokens/pn2018/tr03-0005__O2-M1.npy
pn2018,tr03-0029,tr03-0029,F3-M2,train,238500,/data/gen/tokens/pn2018/tr03-0029__F3-M2.npy
pn2018,tr03-0029,tr03-0029,F4-M1,train,238500,/data/gen/tokens/pn2018/tr03-0029__F4-M1.npy
pn2018,tr03-0029,tr03-0029,C3-M2,train,238500,/data/gen/tokens/pn2018/tr03-0029__C3-M2.npy
pn2018,tr03-0029,tr03-0029,C4-M1,train,238500,/data/gen/tokens/pn2018/tr03-0029__C4-M1.npy
pn2018,tr03-0029,tr03-0029,O1-M2,train,238500,/data/gen/tokens/pn2018/tr03-0029__O1-M2.npy
pn2018,tr03-0029,tr03-0029,O2-M1,train,238500,/data/gen/tokens/pn2018/tr03-0029__O2-M1.npy
pn2018,tr03-0079,tr03-0079,F3-M2,train,267900,/data/gen/tokens/pn2018/tr03-0079__F3-M2.npy
pn2018,tr03-0079,tr03-0079,F4-M1,train,267900,/data/gen/tokens/pn2018/tr03-0079__F4-M1.npy
pn2018,tr03-0079,tr03-0079,C3-M2,train,267900,/data/gen/tokens/pn2018/tr03-0079__C3-M2.npy
pn2018,tr03-0079,tr03-0079,C4-M1,train,267900,/data/gen/tokens/pn2018/tr03-0079__C4-M1.npy
pn2018,tr03-0079,tr03-0079,O1-M2,train,267900,/data/gen/tokens/pn2018/tr03-0079__O1-M2.npy
pn2018,tr03-0079,tr03-0079,O2-M1,train,267900,/data/gen/tokens/pn2018/tr03-0079__O2-M1.npy
pn2018,tr03-0061,tr03-0061,F3-M2,train,261600,/data/gen/tokens/pn2018/tr03-0061__F3-M2.npy
pn2018,tr03-0061,tr03-0061,F4-M1,train,261600,/data/gen/tokens/pn2018/tr03-0061__F4-M1.npy
pn2018,tr03-0061,tr03-0061,C3-M2,train,261600,/data/gen/tokens/pn2018/tr03-0061__C3-M2.npy
pn2018,tr03-0061,tr03-0061,C4-M1,train,261600,/data/gen/tokens/pn2018/tr03-0061__C4-M1.npy
pn2018,tr03-0061,tr03-0061,O1-M2,train,261600,/data/gen/tokens/pn2018/tr03-0061__O1-M2.npy
pn2018,tr03-0061,tr03-0061,O2-M1,train,261600,/data/gen/tokens/pn2018/tr03-0061__O2-M1.npy
pn2018,tr03-0083,tr03-0083,F3-M2,train,271500,/data/gen/tokens/pn2018/tr03-0083__F3-M2.npy
pn2018,tr03-0083,tr03-0083,F4-M1,train,271500,/data/gen/tokens/pn2018/tr03-0083__F4-M1.npy
pn2018,tr03-0083,tr03-0083,C3-M2,train,271500,/data/gen/tokens/pn2018/tr03-0083__C3-M2.npy
pn2018,tr03-0083,tr03-0083,C4-M1,train,271500,/data/gen/tokens/pn2018/tr03-0083__C4-M1.npy
pn2018,tr03-0083,tr03-0083,O1-M2,train,271500,/data/gen/tokens/pn2018/tr03-0083__O1-M2.npy
pn2018,tr03-0083,tr03-0083,O2-M1,train,271500,/data/gen/tokens/pn2018/tr03-0083__O2-M1.npy
pn2018,tr03-0078,tr03-0078,F3-M2,train,291900,/data/gen/tokens/pn2018/tr03-0078__F3-M2.npy
pn2018,tr03-0078,tr03-0078,F4-M1,train,291900,/data/gen/tokens/pn2018/tr03-0078__F4-M1.npy
pn2018,tr03-0078,tr03-0078,C3-M2,train,291900,/data/gen/tokens/pn2018/tr03-0078__C3-M2.npy
pn2018,tr03-0078,tr03-0078,C4-M1,train,291900,/data/gen/tokens/pn2018/tr03-0078__C4-M1.npy
pn2018,tr03-0078,tr03-0078,O1-M2,train,291900,/data/gen/tokens/pn2018/tr03-0078__O1-M2.npy
pn2018,tr03-0078,tr03-0078,O2-M1,train,291900,/data/gen/tokens/pn2018/tr03-0078__O2-M1.npy
pn2018,tr03-0086,tr03-0086,F3-M2,heldout,303300,/data/gen/tokens/pn2018/tr03-0086__F3-M2.npy
pn2018,tr03-0086,tr03-0086,F4-M1,heldout,303300,/data/gen/tokens/pn2018/tr03-0086__F4-M1.npy
pn2018,tr03-0086,tr03-0086,C3-M2,heldout,303300,/data/gen/tokens/pn2018/tr03-0086__C3-M2.npy
pn2018,tr03-0086,tr03-0086,C4-M1,heldout,303300,/data/gen/tokens/pn2018/tr03-0086__C4-M1.npy
pn2018,tr03-0086,tr03-0086,O1-M2,heldout,303300,/data/gen/tokens/pn2018/tr03-0086__O1-M2.npy
pn2018,tr03-0086,tr03-0086,O2-M1,heldout,303300,/data/gen/tokens/pn2018/tr03-0086__O2-M1.npy
pn2018,tr03-0100,tr03-0100,F3-M2,heldout,248400,/data/gen/tokens/pn2018/tr03-0100__F3-M2.npy
pn2018,tr03-0100,tr03-0100,F4-M1,heldout,248400,/data/gen/tokens/pn2018/tr03-0100__F4-M1.npy
pn2018,tr03-0100,tr03-0100,C3-M2,heldout,248400,/data/gen/tokens/pn2018/tr03-0100__C3-M2.npy
pn2018,tr03-0100,tr03-0100,C4-M1,heldout,248400,/data/gen/tokens/pn2018/tr03-0100__C4-M1.npy
pn2018,tr03-0100,tr03-0100,O1-M2,heldout,248400,/data/gen/tokens/pn2018/tr03-0100__O1-M2.npy
pn2018,tr03-0100,tr03-0100,O2-M1,heldout,248400,/data/gen/tokens/pn2018/tr03-0100__O2-M1.npy
pn2018,tr03-0087,tr03-0087,F3-M2,train,257700,/data/gen/tokens/pn2018/tr03-0087__F3-M2.npy
pn2018,tr03-0087,tr03-0087,F4-M1,train,257700,/data/gen/tokens/pn2018/tr03-0087__F4-M1.npy
pn2018,tr03-0087,tr03-0087,C3-M2,train,257700,/data/gen/tokens/pn2018/tr03-0087__C3-M2.npy
pn2018,tr03-0087,tr03-0087,C4-M1,train,257700,/data/gen/tokens/pn2018/tr03-0087__C4-M1.npy
pn2018,tr03-0087,tr03-0087,O1-M2,train,257700,/data/gen/tokens/pn2018/tr03-0087__O1-M2.npy
pn2018,tr03-0087,tr03-0087,O2-M1,train,257700,/data/gen/tokens/pn2018/tr03-0087__O2-M1.npy
pn2018,tr03-0092,tr03-0092,F3-M2,train,260100,/data/gen/tokens/pn2018/tr03-0092__F3-M2.npy
pn2018,tr03-0092,tr03-0092,F4-M1,train,260100,/data/gen/tokens/pn2018/tr03-0092__F4-M1.npy
pn2018,tr03-0092,tr03-0092,C3-M2,train,260100,/data/gen/tokens/pn2018/tr03-0092__C3-M2.npy
pn2018,tr03-0092,tr03-0092,C4-M1,train,260100,/data/gen/tokens/pn2018/tr03-0092__C4-M1.npy
pn2018,tr03-0092,tr03-0092,O1-M2,train,260100,/data/gen/tokens/pn2018/tr03-0092__O1-M2.npy
pn2018,tr03-0092,tr03-0092,O2-M1,train,260100,/data/gen/tokens/pn2018/tr03-0092__O2-M1.npy
pn2018,tr03-0103,tr03-0103,F3-M2,train,256500,/data/gen/tokens/pn2018/tr03-0103__F3-M2.npy
pn2018,tr03-0103,tr03-0103,F4-M1,train,256500,/data/gen/tokens/pn2018/tr03-0103__F4-M1.npy
pn2018,tr03-0103,tr03-0103,C3-M2,train,256500,/data/gen/tokens/pn2018/tr03-0103__C3-M2.npy
pn2018,tr03-0103,tr03-0103,C4-M1,train,256500,/data/gen/tokens/pn2018/tr03-0103__C4-M1.npy
pn2018,tr03-0103,tr03-0103,O1-M2,train,256500,/data/gen/tokens/pn2018/tr03-0103__O1-M2.npy
pn2018,tr03-0103,tr03-0103,O2-M1,train,256500,/data/gen/tokens/pn2018/tr03-0103__O2-M1.npy
pn2018,tr03-0134,tr03-0134,F3-M2,train,230700,/data/gen/tokens/pn2018/tr03-0134__F3-M2.npy
pn2018,tr03-0134,tr03-0134,F4-M1,train,230700,/data/gen/tokens/pn2018/tr03-0134__F4-M1.npy
pn2018,tr03-0134,tr03-0134,C3-M2,train,230700,/data/gen/tokens/pn2018/tr03-0134__C3-M2.npy
pn2018,tr03-0134,tr03-0134,C4-M1,train,230700,/data/gen/tokens/pn2018/tr03-0134__C4-M1.npy
pn2018,tr03-0134,tr03-0134,O1-M2,train,230700,/data/gen/tokens/pn2018/tr03-0134__O1-M2.npy
pn2018,tr03-0134,tr03-0134,O2-M1,train,230700,/data/gen/tokens/pn2018/tr03-0134__O2-M1.npy
pn2018,tr03-0141,tr03-0141,F3-M2,train,246000,/data/gen/tokens/pn2018/tr03-0141__F3-M2.npy
pn2018,tr03-0141,tr03-0141,F4-M1,train,246000,/data/gen/tokens/pn2018/tr03-0141__F4-M1.npy
pn2018,tr03-0141,tr03-0141,C3-M2,train,246000,/data/gen/tokens/pn2018/tr03-0141__C3-M2.npy
pn2018,tr03-0141,tr03-0141,C4-M1,train,246000,/data/gen/tokens/pn2018/tr03-0141__C4-M1.npy
pn2018,tr03-0141,tr03-0141,O1-M2,train,246000,/data/gen/tokens/pn2018/tr03-0141__O1-M2.npy
pn2018,tr03-0141,tr03-0141,O2-M1,train,246000,/data/gen/tokens/pn2018/tr03-0141__O2-M1.npy
pn2018,tr03-0135,tr03-0135,F3-M2,train,321900,/data/gen/tokens/pn2018/tr03-0135__F3-M2.npy
pn2018,tr03-0135,tr03-0135,F4-M1,train,321900,/data/gen/tokens/pn2018/tr03-0135__F4-M1.npy
pn2018,tr03-0135,tr03-0135,C3-M2,train,321900,/data/gen/tokens/pn2018/tr03-0135__C3-M2.npy
pn2018,tr03-0135,tr03-0135,C4-M1,train,321900,/data/gen/tokens/pn2018/tr03-0135__C4-M1.npy
pn2018,tr03-0135,tr03-0135,O1-M2,train,321900,/data/gen/tokens/pn2018/tr03-0135__O1-M2.npy
pn2018,tr03-0135,tr03-0135,O2-M1,train,321900,/data/gen/tokens/pn2018/tr03-0135__O2-M1.npy
pn2018,tr03-0152,tr03-0152,F3-M2,train,267600,/data/gen/tokens/pn2018/tr03-0152__F3-M2.npy
pn2018,tr03-0152,tr03-0152,F4-M1,train,267600,/data/gen/tokens/pn2018/tr03-0152__F4-M1.npy
pn2018,tr03-0152,tr03-0152,C3-M2,train,267600,/data/gen/tokens/pn2018/tr03-0152__C3-M2.npy
pn2018,tr03-0152,tr03-0152,C4-M1,train,267600,/data/gen/tokens/pn2018/tr03-0152__C4-M1.npy
pn2018,tr03-0152,tr03-0152,O1-M2,train,267600,/data/gen/tokens/pn2018/tr03-0152__O1-M2.npy
pn2018,tr03-0152,tr03-0152,O2-M1,train,267600,/data/gen/tokens/pn2018/tr03-0152__O2-M1.npy
pn2018,tr03-0166,tr03-0166,F3-M2,train,278100,/data/gen/tokens/pn2018/tr03-0166__F3-M2.npy
pn2018,tr03-0166,tr03-0166,F4-M1,train,278100,/data/gen/tokens/pn2018/tr03-0166__F4-M1.npy
pn2018,tr03-0166,tr03-0166,C3-M2,train,278100,/data/gen/tokens/pn2018/tr03-0166__C3-M2.npy
pn2018,tr03-0166,tr03-0166,C4-M1,train,278100,/data/gen/tokens/pn2018/tr03-0166__C4-M1.npy
pn2018,tr03-0166,tr03-0166,O1-M2,train,278100,/data/gen/tokens/pn2018/tr03-0166__O1-M2.npy
pn2018,tr03-0166,tr03-0166,O2-M1,train,278100,/data/gen/tokens/pn2018/tr03-0166__O2-M1.npy
pn2018,tr03-0146,tr03-0146,F3-M2,heldout,278700,/data/gen/tokens/pn2018/tr03-0146__F3-M2.npy
pn2018,tr03-0146,tr03-0146,F4-M1,heldout,278700,/data/gen/tokens/pn2018/tr03-0146__F4-M1.npy
pn2018,tr03-0146,tr03-0146,C3-M2,heldout,278700,/data/gen/tokens/pn2018/tr03-0146__C3-M2.npy
pn2018,tr03-0146,tr03-0146,C4-M1,heldout,278700,/data/gen/tokens/pn2018/tr03-0146__C4-M1.npy
pn2018,tr03-0146,tr03-0146,O1-M2,heldout,278700,/data/gen/tokens/pn2018/tr03-0146__O1-M2.npy
pn2018,tr03-0146,tr03-0146,O2-M1,heldout,278700,/data/gen/tokens/pn2018/tr03-0146__O2-M1.npy
pn2018,tr03-0179,tr03-0179,F3-M2,train,283200,/data/gen/tokens/pn2018/tr03-0179__F3-M2.npy
pn2018,tr03-0179,tr03-0179,F4-M1,train,283200,/data/gen/tokens/pn2018/tr03-0179__F4-M1.npy
pn2018,tr03-0179,tr03-0179,C3-M2,train,283200,/data/gen/tokens/pn2018/tr03-0179__C3-M2.npy
pn2018,tr03-0179,tr03-0179,C4-M1,train,283200,/data/gen/tokens/pn2018/tr03-0179__C4-M1.npy
pn2018,tr03-0179,tr03-0179,O1-M2,train,283200,/data/gen/tokens/pn2018/tr03-0179__O1-M2.npy
pn2018,tr03-0179,tr03-0179,O2-M1,train,283200,/data/gen/tokens/pn2018/tr03-0179__O2-M1.npy
pn2018,tr03-0167,tr03-0167,F3-M2,train,247200,/data/gen/tokens/pn2018/tr03-0167__F3-M2.npy
pn2018,tr03-0167,tr03-0167,F4-M1,train,247200,/data/gen/tokens/pn2018/tr03-0167__F4-M1.npy
pn2018,tr03-0167,tr03-0167,C3-M2,train,247200,/data/gen/tokens/pn2018/tr03-0167__C3-M2.npy
pn2018,tr03-0167,tr03-0167,C4-M1,train,247200,/data/gen/tokens/pn2018/tr03-0167__C4-M1.npy
pn2018,tr03-0167,tr03-0167,O1-M2,train,247200,/data/gen/tokens/pn2018/tr03-0167__O1-M2.npy
pn2018,tr03-0167,tr03-0167,O2-M1,train,247200,/data/gen/tokens/pn2018/tr03-0167__O2-M1.npy
pn2018,tr03-0184,tr03-0184,F3-M2,train,283800,/data/gen/tokens/pn2018/tr03-0184__F3-M2.npy
pn2018,tr03-0184,tr03-0184,F4-M1,train,283800,/data/gen/tokens/pn2018/tr03-0184__F4-M1.npy
pn2018,tr03-0184,tr03-0184,C3-M2,train,283800,/data/gen/tokens/pn2018/tr03-0184__C3-M2.npy
pn2018,tr03-0184,tr03-0184,C4-M1,train,283800,/data/gen/tokens/pn2018/tr03-0184__C4-M1.npy
pn2018,tr03-0184,tr03-0184,O1-M2,train,283800,/data/gen/tokens/pn2018/tr03-0184__O1-M2.npy
pn2018,tr03-0184,tr03-0184,O2-M1,train,283800,/data/gen/tokens/pn2018/tr03-0184__O2-M1.npy
pn2018,tr03-0187,tr03-0187,F3-M2,train,294300,/data/gen/tokens/pn2018/tr03-0187__F3-M2.npy
pn2018,tr03-0187,tr03-0187,F4-M1,train,294300,/data/gen/tokens/pn2018/tr03-0187__F4-M1.npy
pn2018,tr03-0187,tr03-0187,C3-M2,train,294300,/data/gen/tokens/pn2018/tr03-0187__C3-M2.npy
pn2018,tr03-0187,tr03-0187,C4-M1,train,294300,/data/gen/tokens/pn2018/tr03-0187__C4-M1.npy
pn2018,tr03-0187,tr03-0187,O1-M2,train,294300,/data/gen/tokens/pn2018/tr03-0187__O1-M2.npy
pn2018,tr03-0187,tr03-0187,O2-M1,train,294300,/data/gen/tokens/pn2018/tr03-0187__O2-M1.npy
pn2018,tr03-0256,tr03-0256,F3-M2,train,312600,/data/gen/tokens/pn2018/tr03-0256__F3-M2.npy
pn2018,tr03-0256,tr03-0256,F4-M1,train,312600,/data/gen/tokens/pn2018/tr03-0256__F4-M1.npy
pn2018,tr03-0256,tr03-0256,C3-M2,train,312600,/data/gen/tokens/pn2018/tr03-0256__C3-M2.npy
pn2018,tr03-0256,tr03-0256,C4-M1,train,312600,/data/gen/tokens/pn2018/tr03-0256__C4-M1.npy
pn2018,tr03-0256,tr03-0256,O1-M2,train,312600,/data/gen/tokens/pn2018/tr03-0256__O1-M2.npy
pn2018,tr03-0256,tr03-0256,O2-M1,train,312600,/data/gen/tokens/pn2018/tr03-0256__O2-M1.npy
pn2018,tr03-0212,tr03-0212,F3-M2,train,253500,/data/gen/tokens/pn2018/tr03-0212__F3-M2.npy
pn2018,tr03-0212,tr03-0212,F4-M1,train,253500,/data/gen/tokens/pn2018/tr03-0212__F4-M1.npy
pn2018,tr03-0212,tr03-0212,C3-M2,train,253500,/data/gen/tokens/pn2018/tr03-0212__C3-M2.npy
pn2018,tr03-0212,tr03-0212,C4-M1,train,253500,/data/gen/tokens/pn2018/tr03-0212__C4-M1.npy
pn2018,tr03-0212,tr03-0212,O1-M2,train,253500,/data/gen/tokens/pn2018/tr03-0212__O1-M2.npy
pn2018,tr03-0212,tr03-0212,O2-M1,train,253500,/data/gen/tokens/pn2018/tr03-0212__O2-M1.npy
pn2018,tr03-0198,tr03-0198,F3-M2,train,260700,/data/gen/tokens/pn2018/tr03-0198__F3-M2.npy
pn2018,tr03-0198,tr03-0198,F4-M1,train,260700,/data/gen/tokens/pn2018/tr03-0198__F4-M1.npy
pn2018,tr03-0198,tr03-0198,C3-M2,train,260700,/data/gen/tokens/pn2018/tr03-0198__C3-M2.npy
pn2018,tr03-0198,tr03-0198,C4-M1,train,260700,/data/gen/tokens/pn2018/tr03-0198__C4-M1.npy
pn2018,tr03-0198,tr03-0198,O1-M2,train,260700,/data/gen/tokens/pn2018/tr03-0198__O1-M2.npy
pn2018,tr03-0198,tr03-0198,O2-M1,train,260700,/data/gen/tokens/pn2018/tr03-0198__O2-M1.npy
pn2018,tr03-0241,tr03-0241,F3-M2,train,276000,/data/gen/tokens/pn2018/tr03-0241__F3-M2.npy
pn2018,tr03-0241,tr03-0241,F4-M1,train,276000,/data/gen/tokens/pn2018/tr03-0241__F4-M1.npy
pn2018,tr03-0241,tr03-0241,C3-M2,train,276000,/data/gen/tokens/pn2018/tr03-0241__C3-M2.npy
pn2018,tr03-0241,tr03-0241,C4-M1,train,276000,/data/gen/tokens/pn2018/tr03-0241__C4-M1.npy
pn2018,tr03-0241,tr03-0241,O1-M2,train,276000,/data/gen/tokens/pn2018/tr03-0241__O1-M2.npy
pn2018,tr03-0241,tr03-0241,O2-M1,train,276000,/data/gen/tokens/pn2018/tr03-0241__O2-M1.npy
pn2018,tr03-0216,tr03-0216,F3-M2,train,278400,/data/gen/tokens/pn2018/tr03-0216__F3-M2.npy
pn2018,tr03-0216,tr03-0216,F4-M1,train,278400,/data/gen/tokens/pn2018/tr03-0216__F4-M1.npy
pn2018,tr03-0216,tr03-0216,C3-M2,train,278400,/data/gen/tokens/pn2018/tr03-0216__C3-M2.npy
pn2018,tr03-0216,tr03-0216,C4-M1,train,278400,/data/gen/tokens/pn2018/tr03-0216__C4-M1.npy
pn2018,tr03-0216,tr03-0216,O1-M2,train,278400,/data/gen/tokens/pn2018/tr03-0216__O1-M2.npy
pn2018,tr03-0216,tr03-0216,O2-M1,train,278400,/data/gen/tokens/pn2018/tr03-0216__O2-M1.npy
pn2018,tr03-0251,tr03-0251,F3-M2,train,265500,/data/gen/tokens/pn2018/tr03-0251__F3-M2.npy
pn2018,tr03-0251,tr03-0251,F4-M1,train,265500,/data/gen/tokens/pn2018/tr03-0251__F4-M1.npy
pn2018,tr03-0251,tr03-0251,C3-M2,train,265500,/data/gen/tokens/pn2018/tr03-0251__C3-M2.npy
pn2018,tr03-0251,tr03-0251,C4-M1,train,265500,/data/gen/tokens/pn2018/tr03-0251__C4-M1.npy
pn2018,tr03-0251,tr03-0251,O1-M2,train,265500,/data/gen/tokens/pn2018/tr03-0251__O1-M2.npy
pn2018,tr03-0251,tr03-0251,O2-M1,train,265500,/data/gen/tokens/pn2018/tr03-0251__O2-M1.npy
pn2018,tr03-0257,tr03-0257,F3-M2,train,272700,/data/gen/tokens/pn2018/tr03-0257__F3-M2.npy
pn2018,tr03-0257,tr03-0257,F4-M1,train,272700,/data/gen/tokens/pn2018/tr03-0257__F4-M1.npy
pn2018,tr03-0257,tr03-0257,C3-M2,train,272700,/data/gen/tokens/pn2018/tr03-0257__C3-M2.npy
pn2018,tr03-0257,tr03-0257,C4-M1,train,272700,/data/gen/tokens/pn2018/tr03-0257__C4-M1.npy
pn2018,tr03-0257,tr03-0257,O1-M2,train,272700,/data/gen/tokens/pn2018/tr03-0257__O1-M2.npy
pn2018,tr03-0257,tr03-0257,O2-M1,train,272700,/data/gen/tokens/pn2018/tr03-0257__O2-M1.npy
pn2018,tr03-0267,tr03-0267,F3-M2,train,292800,/data/gen/tokens/pn2018/tr03-0267__F3-M2.npy
pn2018,tr03-0267,tr03-0267,F4-M1,train,292800,/data/gen/tokens/pn2018/tr03-0267__F4-M1.npy
pn2018,tr03-0267,tr03-0267,C3-M2,train,292800,/data/gen/tokens/pn2018/tr03-0267__C3-M2.npy
pn2018,tr03-0267,tr03-0267,C4-M1,train,292800,/data/gen/tokens/pn2018/tr03-0267__C4-M1.npy
pn2018,tr03-0267,tr03-0267,O1-M2,train,292800,/data/gen/tokens/pn2018/tr03-0267__O1-M2.npy
pn2018,tr03-0267,tr03-0267,O2-M1,train,292800,/data/gen/tokens/pn2018/tr03-0267__O2-M1.npy
pn2018,tr03-0287,tr03-0287,F3-M2,train,263100,/data/gen/tokens/pn2018/tr03-0287__F3-M2.npy
pn2018,tr03-0287,tr03-0287,F4-M1,train,263100,/data/gen/tokens/pn2018/tr03-0287__F4-M1.npy
pn2018,tr03-0287,tr03-0287,C3-M2,train,263100,/data/gen/tokens/pn2018/tr03-0287__C3-M2.npy
pn2018,tr03-0287,tr03-0287,C4-M1,train,263100,/data/gen/tokens/pn2018/tr03-0287__C4-M1.npy
pn2018,tr03-0287,tr03-0287,O1-M2,train,263100,/data/gen/tokens/pn2018/tr03-0287__O1-M2.npy
pn2018,tr03-0287,tr03-0287,O2-M1,train,263100,/data/gen/tokens/pn2018/tr03-0287__O2-M1.npy
pn2018,tr03-0300,tr03-0300,F3-M2,heldout,255000,/data/gen/tokens/pn2018/tr03-0300__F3-M2.npy
pn2018,tr03-0300,tr03-0300,F4-M1,heldout,255000,/data/gen/tokens/pn2018/tr03-0300__F4-M1.npy
pn2018,tr03-0300,tr03-0300,C3-M2,heldout,255000,/data/gen/tokens/pn2018/tr03-0300__C3-M2.npy
pn2018,tr03-0300,tr03-0300,C4-M1,heldout,255000,/data/gen/tokens/pn2018/tr03-0300__C4-M1.npy
pn2018,tr03-0300,tr03-0300,O1-M2,heldout,255000,/data/gen/tokens/pn2018/tr03-0300__O1-M2.npy
pn2018,tr03-0300,tr03-0300,O2-M1,heldout,255000,/data/gen/tokens/pn2018/tr03-0300__O2-M1.npy
pn2018,tr03-0289,tr03-0289,F3-M2,heldout,278100,/data/gen/tokens/pn2018/tr03-0289__F3-M2.npy
pn2018,tr03-0289,tr03-0289,F4-M1,heldout,278100,/data/gen/tokens/pn2018/tr03-0289__F4-M1.npy
pn2018,tr03-0289,tr03-0289,C3-M2,heldout,278100,/data/gen/tokens/pn2018/tr03-0289__C3-M2.npy
pn2018,tr03-0289,tr03-0289,C4-M1,heldout,278100,/data/gen/tokens/pn2018/tr03-0289__C4-M1.npy
pn2018,tr03-0289,tr03-0289,O1-M2,heldout,278100,/data/gen/tokens/pn2018/tr03-0289__O1-M2.npy
pn2018,tr03-0289,tr03-0289,O2-M1,heldout,278100,/data/gen/tokens/pn2018/tr03-0289__O2-M1.npy
pn2018,tr03-0299,tr03-0299,F3-M2,train,278100,/data/gen/tokens/pn2018/tr03-0299__F3-M2.npy
pn2018,tr03-0299,tr03-0299,F4-M1,train,278100,/data/gen/tokens/pn2018/tr03-0299__F4-M1.npy
pn2018,tr03-0299,tr03-0299,C3-M2,train,278100,/data/gen/tokens/pn2018/tr03-0299__C3-M2.npy
pn2018,tr03-0299,tr03-0299,C4-M1,train,278100,/data/gen/tokens/pn2018/tr03-0299__C4-M1.npy
pn2018,tr03-0299,tr03-0299,O1-M2,train,278100,/data/gen/tokens/pn2018/tr03-0299__O1-M2.npy
pn2018,tr03-0299,tr03-0299,O2-M1,train,278100,/data/gen/tokens/pn2018/tr03-0299__O2-M1.npy
pn2018,tr03-0314,tr03-0314,F3-M2,train,304800,/data/gen/tokens/pn2018/tr03-0314__F3-M2.npy
pn2018,tr03-0314,tr03-0314,F4-M1,train,304800,/data/gen/tokens/pn2018/tr03-0314__F4-M1.npy
pn2018,tr03-0314,tr03-0314,C3-M2,train,304800,/data/gen/tokens/pn2018/tr03-0314__C3-M2.npy
pn2018,tr03-0314,tr03-0314,C4-M1,train,304800,/data/gen/tokens/pn2018/tr03-0314__C4-M1.npy
pn2018,tr03-0314,tr03-0314,O1-M2,train,304800,/data/gen/tokens/pn2018/tr03-0314__O1-M2.npy
pn2018,tr03-0314,tr03-0314,O2-M1,train,304800,/data/gen/tokens/pn2018/tr03-0314__O2-M1.npy
pn2018,tr03-0304,tr03-0304,F3-M2,train,315900,/data/gen/tokens/pn2018/tr03-0304__F3-M2.npy
pn2018,tr03-0304,tr03-0304,F4-M1,train,315900,/data/gen/tokens/pn2018/tr03-0304__F4-M1.npy
pn2018,tr03-0304,tr03-0304,C3-M2,train,315900,/data/gen/tokens/pn2018/tr03-0304__C3-M2.npy
pn2018,tr03-0304,tr03-0304,C4-M1,train,315900,/data/gen/tokens/pn2018/tr03-0304__C4-M1.npy
pn2018,tr03-0304,tr03-0304,O1-M2,train,315900,/data/gen/tokens/pn2018/tr03-0304__O1-M2.npy
pn2018,tr03-0304,tr03-0304,O2-M1,train,315900,/data/gen/tokens/pn2018/tr03-0304__O2-M1.npy
pn2018,tr03-0322,tr03-0322,F3-M2,train,297000,/data/gen/tokens/pn2018/tr03-0322__F3-M2.npy
pn2018,tr03-0322,tr03-0322,F4-M1,train,297000,/data/gen/tokens/pn2018/tr03-0322__F4-M1.npy
pn2018,tr03-0322,tr03-0322,C3-M2,train,297000,/data/gen/tokens/pn2018/tr03-0322__C3-M2.npy
pn2018,tr03-0322,tr03-0322,C4-M1,train,297000,/data/gen/tokens/pn2018/tr03-0322__C4-M1.npy
pn2018,tr03-0322,tr03-0322,O1-M2,train,297000,/data/gen/tokens/pn2018/tr03-0322__O1-M2.npy
pn2018,tr03-0322,tr03-0322,O2-M1,train,297000,/data/gen/tokens/pn2018/tr03-0322__O2-M1.npy
pn2018,tr03-0333,tr03-0333,F3-M2,train,259200,/data/gen/tokens/pn2018/tr03-0333__F3-M2.npy
pn2018,tr03-0333,tr03-0333,F4-M1,train,259200,/data/gen/tokens/pn2018/tr03-0333__F4-M1.npy
pn2018,tr03-0333,tr03-0333,C3-M2,train,259200,/data/gen/tokens/pn2018/tr03-0333__C3-M2.npy
pn2018,tr03-0333,tr03-0333,C4-M1,train,259200,/data/gen/tokens/pn2018/tr03-0333__C4-M1.npy
pn2018,tr03-0333,tr03-0333,O1-M2,train,259200,/data/gen/tokens/pn2018/tr03-0333__O1-M2.npy
pn2018,tr03-0333,tr03-0333,O2-M1,train,259200,/data/gen/tokens/pn2018/tr03-0333__O2-M1.npy
pn2018,tr03-0401,tr03-0401,F3-M2,train,221400,/data/gen/tokens/pn2018/tr03-0401__F3-M2.npy
pn2018,tr03-0401,tr03-0401,F4-M1,train,221400,/data/gen/tokens/pn2018/tr03-0401__F4-M1.npy
pn2018,tr03-0401,tr03-0401,C3-M2,train,221400,/data/gen/tokens/pn2018/tr03-0401__C3-M2.npy
pn2018,tr03-0401,tr03-0401,C4-M1,train,221400,/data/gen/tokens/pn2018/tr03-0401__C4-M1.npy
pn2018,tr03-0401,tr03-0401,O1-M2,train,221400,/data/gen/tokens/pn2018/tr03-0401__O1-M2.npy
pn2018,tr03-0401,tr03-0401,O2-M1,train,221400,/data/gen/tokens/pn2018/tr03-0401__O2-M1.npy
pn2018,tr03-0373,tr03-0373,F3-M2,train,259500,/data/gen/tokens/pn2018/tr03-0373__F3-M2.npy
pn2018,tr03-0373,tr03-0373,F4-M1,train,259500,/data/gen/tokens/pn2018/tr03-0373__F4-M1.npy
pn2018,tr03-0373,tr03-0373,C3-M2,train,259500,/data/gen/tokens/pn2018/tr03-0373__C3-M2.npy
pn2018,tr03-0373,tr03-0373,C4-M1,train,259500,/data/gen/tokens/pn2018/tr03-0373__C4-M1.npy
pn2018,tr03-0373,tr03-0373,O1-M2,train,259500,/data/gen/tokens/pn2018/tr03-0373__O1-M2.npy
pn2018,tr03-0373,tr03-0373,O2-M1,train,259500,/data/gen/tokens/pn2018/tr03-0373__O2-M1.npy
pn2018,tr03-0394,tr03-0394,F3-M2,train,260400,/data/gen/tokens/pn2018/tr03-0394__F3-M2.npy
pn2018,tr03-0394,tr03-0394,F4-M1,train,260400,/data/gen/tokens/pn2018/tr03-0394__F4-M1.npy
pn2018,tr03-0394,tr03-0394,C3-M2,train,260400,/data/gen/tokens/pn2018/tr03-0394__C3-M2.npy
pn2018,tr03-0394,tr03-0394,C4-M1,train,260400,/data/gen/tokens/pn2018/tr03-0394__C4-M1.npy
pn2018,tr03-0394,tr03-0394,O1-M2,train,260400,/data/gen/tokens/pn2018/tr03-0394__O1-M2.npy
pn2018,tr03-0394,tr03-0394,O2-M1,train,260400,/data/gen/tokens/pn2018/tr03-0394__O2-M1.npy
pn2018,tr03-0396,tr03-0396,F3-M2,heldout,259800,/data/gen/tokens/pn2018/tr03-0396__F3-M2.npy
pn2018,tr03-0396,tr03-0396,F4-M1,heldout,259800,/data/gen/tokens/pn2018/tr03-0396__F4-M1.npy
pn2018,tr03-0396,tr03-0396,C3-M2,heldout,259800,/data/gen/tokens/pn2018/tr03-0396__C3-M2.npy
pn2018,tr03-0396,tr03-0396,C4-M1,heldout,259800,/data/gen/tokens/pn2018/tr03-0396__C4-M1.npy
pn2018,tr03-0396,tr03-0396,O1-M2,heldout,259800,/data/gen/tokens/pn2018/tr03-0396__O1-M2.npy
pn2018,tr03-0396,tr03-0396,O2-M1,heldout,259800,/data/gen/tokens/pn2018/tr03-0396__O2-M1.npy
pn2018,tr03-0392,tr03-0392,F3-M2,train,288300,/data/gen/tokens/pn2018/tr03-0392__F3-M2.npy
pn2018,tr03-0392,tr03-0392,F4-M1,train,288300,/data/gen/tokens/pn2018/tr03-0392__F4-M1.npy
pn2018,tr03-0392,tr03-0392,C3-M2,train,288300,/data/gen/tokens/pn2018/tr03-0392__C3-M2.npy
pn2018,tr03-0392,tr03-0392,C4-M1,train,288300,/data/gen/tokens/pn2018/tr03-0392__C4-M1.npy
pn2018,tr03-0392,tr03-0392,O1-M2,train,288300,/data/gen/tokens/pn2018/tr03-0392__O1-M2.npy
pn2018,tr03-0392,tr03-0392,O2-M1,train,288300,/data/gen/tokens/pn2018/tr03-0392__O2-M1.npy
pn2018,tr03-0402,tr03-0402,F3-M2,train,273600,/data/gen/tokens/pn2018/tr03-0402__F3-M2.npy
pn2018,tr03-0402,tr03-0402,F4-M1,train,273600,/data/gen/tokens/pn2018/tr03-0402__F4-M1.npy
pn2018,tr03-0402,tr03-0402,C3-M2,train,273600,/data/gen/tokens/pn2018/tr03-0402__C3-M2.npy
pn2018,tr03-0402,tr03-0402,C4-M1,train,273600,/data/gen/tokens/pn2018/tr03-0402__C4-M1.npy
pn2018,tr03-0402,tr03-0402,O1-M2,train,273600,/data/gen/tokens/pn2018/tr03-0402__O1-M2.npy
pn2018,tr03-0402,tr03-0402,O2-M1,train,273600,/data/gen/tokens/pn2018/tr03-0402__O2-M1.npy
pn2018,tr03-0411,tr03-0411,F3-M2,train,286200,/data/gen/tokens/pn2018/tr03-0411__F3-M2.npy
pn2018,tr03-0411,tr03-0411,F4-M1,train,286200,/data/gen/tokens/pn2018/tr03-0411__F4-M1.npy
pn2018,tr03-0411,tr03-0411,C3-M2,train,286200,/data/gen/tokens/pn2018/tr03-0411__C3-M2.npy
pn2018,tr03-0411,tr03-0411,C4-M1,train,286200,/data/gen/tokens/pn2018/tr03-0411__C4-M1.npy
pn2018,tr03-0411,tr03-0411,O1-M2,train,286200,/data/gen/tokens/pn2018/tr03-0411__O1-M2.npy
pn2018,tr03-0411,tr03-0411,O2-M1,train,286200,/data/gen/tokens/pn2018/tr03-0411__O2-M1.npy
pn2018,tr03-0413,tr03-0413,F3-M2,heldout,314700,/data/gen/tokens/pn2018/tr03-0413__F3-M2.npy
pn2018,tr03-0413,tr03-0413,F4-M1,heldout,314700,/data/gen/tokens/pn2018/tr03-0413__F4-M1.npy
pn2018,tr03-0413,tr03-0413,C3-M2,heldout,314700,/data/gen/tokens/pn2018/tr03-0413__C3-M2.npy
pn2018,tr03-0413,tr03-0413,C4-M1,heldout,314700,/data/gen/tokens/pn2018/tr03-0413__C4-M1.npy
pn2018,tr03-0413,tr03-0413,O1-M2,heldout,314700,/data/gen/tokens/pn2018/tr03-0413__O1-M2.npy
pn2018,tr03-0413,tr03-0413,O2-M1,heldout,314700,/data/gen/tokens/pn2018/tr03-0413__O2-M1.npy
pn2018,tr03-0473,tr03-0473,F3-M2,train,267300,/data/gen/tokens/pn2018/tr03-0473__F3-M2.npy
pn2018,tr03-0473,tr03-0473,F4-M1,train,267300,/data/gen/tokens/pn2018/tr03-0473__F4-M1.npy
pn2018,tr03-0473,tr03-0473,C3-M2,train,267300,/data/gen/tokens/pn2018/tr03-0473__C3-M2.npy
pn2018,tr03-0473,tr03-0473,C4-M1,train,267300,/data/gen/tokens/pn2018/tr03-0473__C4-M1.npy
pn2018,tr03-0473,tr03-0473,O1-M2,train,267300,/data/gen/tokens/pn2018/tr03-0473__O1-M2.npy
pn2018,tr03-0473,tr03-0473,O2-M1,train,267300,/data/gen/tokens/pn2018/tr03-0473__O2-M1.npy
pn2018,tr03-0426,tr03-0426,F3-M2,heldout,289200,/data/gen/tokens/pn2018/tr03-0426__F3-M2.npy
pn2018,tr03-0426,tr03-0426,F4-M1,heldout,289200,/data/gen/tokens/pn2018/tr03-0426__F4-M1.npy
pn2018,tr03-0426,tr03-0426,C3-M2,heldout,289200,/data/gen/tokens/pn2018/tr03-0426__C3-M2.npy
pn2018,tr03-0426,tr03-0426,C4-M1,heldout,289200,/data/gen/tokens/pn2018/tr03-0426__C4-M1.npy
pn2018,tr03-0426,tr03-0426,O1-M2,heldout,289200,/data/gen/tokens/pn2018/tr03-0426__O1-M2.npy
pn2018,tr03-0426,tr03-0426,O2-M1,heldout,289200,/data/gen/tokens/pn2018/tr03-0426__O2-M1.npy
pn2018,tr03-0418,tr03-0418,F3-M2,train,292500,/data/gen/tokens/pn2018/tr03-0418__F3-M2.npy
pn2018,tr03-0418,tr03-0418,F4-M1,train,292500,/data/gen/tokens/pn2018/tr03-0418__F4-M1.npy
pn2018,tr03-0418,tr03-0418,C3-M2,train,292500,/data/gen/tokens/pn2018/tr03-0418__C3-M2.npy
pn2018,tr03-0418,tr03-0418,C4-M1,train,292500,/data/gen/tokens/pn2018/tr03-0418__C4-M1.npy
pn2018,tr03-0418,tr03-0418,O1-M2,train,292500,/data/gen/tokens/pn2018/tr03-0418__O1-M2.npy
pn2018,tr03-0418,tr03-0418,O2-M1,train,292500,/data/gen/tokens/pn2018/tr03-0418__O2-M1.npy
pn2018,tr03-0434,tr03-0434,F3-M2,train,313500,/data/gen/tokens/pn2018/tr03-0434__F3-M2.npy
pn2018,tr03-0434,tr03-0434,F4-M1,train,313500,/data/gen/tokens/pn2018/tr03-0434__F4-M1.npy
pn2018,tr03-0434,tr03-0434,C3-M2,train,313500,/data/gen/tokens/pn2018/tr03-0434__C3-M2.npy
pn2018,tr03-0434,tr03-0434,C4-M1,train,313500,/data/gen/tokens/pn2018/tr03-0434__C4-M1.npy
pn2018,tr03-0434,tr03-0434,O1-M2,train,313500,/data/gen/tokens/pn2018/tr03-0434__O1-M2.npy
pn2018,tr03-0434,tr03-0434,O2-M1,train,313500,/data/gen/tokens/pn2018/tr03-0434__O2-M1.npy
pn2018,tr03-0428,tr03-0428,F3-M2,train,303900,/data/gen/tokens/pn2018/tr03-0428__F3-M2.npy
pn2018,tr03-0428,tr03-0428,F4-M1,train,303900,/data/gen/tokens/pn2018/tr03-0428__F4-M1.npy
pn2018,tr03-0428,tr03-0428,C3-M2,train,303900,/data/gen/tokens/pn2018/tr03-0428__C3-M2.npy
pn2018,tr03-0428,tr03-0428,C4-M1,train,303900,/data/gen/tokens/pn2018/tr03-0428__C4-M1.npy
pn2018,tr03-0428,tr03-0428,O1-M2,train,303900,/data/gen/tokens/pn2018/tr03-0428__O1-M2.npy
pn2018,tr03-0428,tr03-0428,O2-M1,train,303900,/data/gen/tokens/pn2018/tr03-0428__O2-M1.npy
pn2018,tr03-0485,tr03-0485,F3-M2,train,296100,/data/gen/tokens/pn2018/tr03-0485__F3-M2.npy
pn2018,tr03-0485,tr03-0485,F4-M1,train,296100,/data/gen/tokens/pn2018/tr03-0485__F4-M1.npy
pn2018,tr03-0485,tr03-0485,C3-M2,train,296100,/data/gen/tokens/pn2018/tr03-0485__C3-M2.npy
pn2018,tr03-0485,tr03-0485,C4-M1,train,296100,/data/gen/tokens/pn2018/tr03-0485__C4-M1.npy
pn2018,tr03-0485,tr03-0485,O1-M2,train,296100,/data/gen/tokens/pn2018/tr03-0485__O1-M2.npy
pn2018,tr03-0485,tr03-0485,O2-M1,train,296100,/data/gen/tokens/pn2018/tr03-0485__O2-M1.npy
pn2018,tr03-0487,tr03-0487,F3-M2,train,279600,/data/gen/tokens/pn2018/tr03-0487__F3-M2.npy
pn2018,tr03-0487,tr03-0487,F4-M1,train,279600,/data/gen/tokens/pn2018/tr03-0487__F4-M1.npy
pn2018,tr03-0487,tr03-0487,C3-M2,train,279600,/data/gen/tokens/pn2018/tr03-0487__C3-M2.npy
pn2018,tr03-0487,tr03-0487,C4-M1,train,279600,/data/gen/tokens/pn2018/tr03-0487__C4-M1.npy
pn2018,tr03-0487,tr03-0487,O1-M2,train,279600,/data/gen/tokens/pn2018/tr03-0487__O1-M2.npy
pn2018,tr03-0487,tr03-0487,O2-M1,train,279600,/data/gen/tokens/pn2018/tr03-0487__O2-M1.npy
pn2018,tr03-0494,tr03-0494,F3-M2,train,272400,/data/gen/tokens/pn2018/tr03-0494__F3-M2.npy
pn2018,tr03-0494,tr03-0494,F4-M1,train,272400,/data/gen/tokens/pn2018/tr03-0494__F4-M1.npy
pn2018,tr03-0494,tr03-0494,C3-M2,train,272400,/data/gen/tokens/pn2018/tr03-0494__C3-M2.npy
pn2018,tr03-0494,tr03-0494,C4-M1,train,272400,/data/gen/tokens/pn2018/tr03-0494__C4-M1.npy
pn2018,tr03-0494,tr03-0494,O1-M2,train,272400,/data/gen/tokens/pn2018/tr03-0494__O1-M2.npy
pn2018,tr03-0494,tr03-0494,O2-M1,train,272400,/data/gen/tokens/pn2018/tr03-0494__O2-M1.npy
pn2018,tr03-0536,tr03-0536,F3-M2,train,254700,/data/gen/tokens/pn2018/tr03-0536__F3-M2.npy
pn2018,tr03-0536,tr03-0536,F4-M1,train,254700,/data/gen/tokens/pn2018/tr03-0536__F4-M1.npy
pn2018,tr03-0536,tr03-0536,C3-M2,train,254700,/data/gen/tokens/pn2018/tr03-0536__C3-M2.npy
pn2018,tr03-0536,tr03-0536,C4-M1,train,254700,/data/gen/tokens/pn2018/tr03-0536__C4-M1.npy
pn2018,tr03-0536,tr03-0536,O1-M2,train,254700,/data/gen/tokens/pn2018/tr03-0536__O1-M2.npy
pn2018,tr03-0536,tr03-0536,O2-M1,train,254700,/data/gen/tokens/pn2018/tr03-0536__O2-M1.npy
pn2018,tr03-0523,tr03-0523,F3-M2,train,282600,/data/gen/tokens/pn2018/tr03-0523__F3-M2.npy
pn2018,tr03-0523,tr03-0523,F4-M1,train,282600,/data/gen/tokens/pn2018/tr03-0523__F4-M1.npy
pn2018,tr03-0523,tr03-0523,C3-M2,train,282600,/data/gen/tokens/pn2018/tr03-0523__C3-M2.npy
pn2018,tr03-0523,tr03-0523,C4-M1,train,282600,/data/gen/tokens/pn2018/tr03-0523__C4-M1.npy
pn2018,tr03-0523,tr03-0523,O1-M2,train,282600,/data/gen/tokens/pn2018/tr03-0523__O1-M2.npy
pn2018,tr03-0523,tr03-0523,O2-M1,train,282600,/data/gen/tokens/pn2018/tr03-0523__O2-M1.npy
pn2018,tr03-0532,tr03-0532,F3-M2,train,270000,/data/gen/tokens/pn2018/tr03-0532__F3-M2.npy
pn2018,tr03-0532,tr03-0532,F4-M1,train,270000,/data/gen/tokens/pn2018/tr03-0532__F4-M1.npy
pn2018,tr03-0532,tr03-0532,C3-M2,train,270000,/data/gen/tokens/pn2018/tr03-0532__C3-M2.npy
pn2018,tr03-0532,tr03-0532,C4-M1,train,270000,/data/gen/tokens/pn2018/tr03-0532__C4-M1.npy
pn2018,tr03-0532,tr03-0532,O1-M2,train,270000,/data/gen/tokens/pn2018/tr03-0532__O1-M2.npy
pn2018,tr03-0532,tr03-0532,O2-M1,train,270000,/data/gen/tokens/pn2018/tr03-0532__O2-M1.npy
pn2018,tr03-0541,tr03-0541,F3-M2,train,340200,/data/gen/tokens/pn2018/tr03-0541__F3-M2.npy
pn2018,tr03-0541,tr03-0541,F4-M1,train,340200,/data/gen/tokens/pn2018/tr03-0541__F4-M1.npy
pn2018,tr03-0541,tr03-0541,C3-M2,train,340200,/data/gen/tokens/pn2018/tr03-0541__C3-M2.npy
pn2018,tr03-0541,tr03-0541,C4-M1,train,340200,/data/gen/tokens/pn2018/tr03-0541__C4-M1.npy
pn2018,tr03-0541,tr03-0541,O1-M2,train,340200,/data/gen/tokens/pn2018/tr03-0541__O1-M2.npy
pn2018,tr03-0541,tr03-0541,O2-M1,train,340200,/data/gen/tokens/pn2018/tr03-0541__O2-M1.npy
pn2018,tr03-0584,tr03-0584,F3-M2,train,277500,/data/gen/tokens/pn2018/tr03-0584__F3-M2.npy
pn2018,tr03-0584,tr03-0584,F4-M1,train,277500,/data/gen/tokens/pn2018/tr03-0584__F4-M1.npy
pn2018,tr03-0584,tr03-0584,C3-M2,train,277500,/data/gen/tokens/pn2018/tr03-0584__C3-M2.npy
pn2018,tr03-0584,tr03-0584,C4-M1,train,277500,/data/gen/tokens/pn2018/tr03-0584__C4-M1.npy
pn2018,tr03-0584,tr03-0584,O1-M2,train,277500,/data/gen/tokens/pn2018/tr03-0584__O1-M2.npy
pn2018,tr03-0584,tr03-0584,O2-M1,train,277500,/data/gen/tokens/pn2018/tr03-0584__O2-M1.npy
pn2018,tr03-0560,tr03-0560,F3-M2,train,297300,/data/gen/tokens/pn2018/tr03-0560__F3-M2.npy
pn2018,tr03-0560,tr03-0560,F4-M1,train,297300,/data/gen/tokens/pn2018/tr03-0560__F4-M1.npy
pn2018,tr03-0560,tr03-0560,C3-M2,train,297300,/data/gen/tokens/pn2018/tr03-0560__C3-M2.npy
pn2018,tr03-0560,tr03-0560,C4-M1,train,297300,/data/gen/tokens/pn2018/tr03-0560__C4-M1.npy
pn2018,tr03-0560,tr03-0560,O1-M2,train,297300,/data/gen/tokens/pn2018/tr03-0560__O1-M2.npy
pn2018,tr03-0560,tr03-0560,O2-M1,train,297300,/data/gen/tokens/pn2018/tr03-0560__O2-M1.npy
pn2018,tr03-0567,tr03-0567,F3-M2,train,270300,/data/gen/tokens/pn2018/tr03-0567__F3-M2.npy
pn2018,tr03-0567,tr03-0567,F4-M1,train,270300,/data/gen/tokens/pn2018/tr03-0567__F4-M1.npy
pn2018,tr03-0567,tr03-0567,C3-M2,train,270300,/data/gen/tokens/pn2018/tr03-0567__C3-M2.npy
pn2018,tr03-0567,tr03-0567,C4-M1,train,270300,/data/gen/tokens/pn2018/tr03-0567__C4-M1.npy
pn2018,tr03-0567,tr03-0567,O1-M2,train,270300,/data/gen/tokens/pn2018/tr03-0567__O1-M2.npy
pn2018,tr03-0567,tr03-0567,O2-M1,train,270300,/data/gen/tokens/pn2018/tr03-0567__O2-M1.npy
pn2018,tr03-0623,tr03-0623,F3-M2,train,243300,/data/gen/tokens/pn2018/tr03-0623__F3-M2.npy
pn2018,tr03-0623,tr03-0623,F4-M1,train,243300,/data/gen/tokens/pn2018/tr03-0623__F4-M1.npy
pn2018,tr03-0623,tr03-0623,C3-M2,train,243300,/data/gen/tokens/pn2018/tr03-0623__C3-M2.npy
pn2018,tr03-0623,tr03-0623,C4-M1,train,243300,/data/gen/tokens/pn2018/tr03-0623__C4-M1.npy
pn2018,tr03-0623,tr03-0623,O1-M2,train,243300,/data/gen/tokens/pn2018/tr03-0623__O1-M2.npy
pn2018,tr03-0623,tr03-0623,O2-M1,train,243300,/data/gen/tokens/pn2018/tr03-0623__O2-M1.npy
pn2018,tr03-0592,tr03-0592,F3-M2,train,248100,/data/gen/tokens/pn2018/tr03-0592__F3-M2.npy
pn2018,tr03-0592,tr03-0592,F4-M1,train,248100,/data/gen/tokens/pn2018/tr03-0592__F4-M1.npy
pn2018,tr03-0592,tr03-0592,C3-M2,train,248100,/data/gen/tokens/pn2018/tr03-0592__C3-M2.npy
pn2018,tr03-0592,tr03-0592,C4-M1,train,248100,/data/gen/tokens/pn2018/tr03-0592__C4-M1.npy
pn2018,tr03-0592,tr03-0592,O1-M2,train,248100,/data/gen/tokens/pn2018/tr03-0592__O1-M2.npy
pn2018,tr03-0592,tr03-0592,O2-M1,train,248100,/data/gen/tokens/pn2018/tr03-0592__O2-M1.npy
pn2018,tr03-0645,tr03-0645,F3-M2,train,247800,/data/gen/tokens/pn2018/tr03-0645__F3-M2.npy
pn2018,tr03-0645,tr03-0645,F4-M1,train,247800,/data/gen/tokens/pn2018/tr03-0645__F4-M1.npy
pn2018,tr03-0645,tr03-0645,C3-M2,train,247800,/data/gen/tokens/pn2018/tr03-0645__C3-M2.npy
pn2018,tr03-0645,tr03-0645,C4-M1,train,247800,/data/gen/tokens/pn2018/tr03-0645__C4-M1.npy
pn2018,tr03-0645,tr03-0645,O1-M2,train,247800,/data/gen/tokens/pn2018/tr03-0645__O1-M2.npy
pn2018,tr03-0645,tr03-0645,O2-M1,train,247800,/data/gen/tokens/pn2018/tr03-0645__O2-M1.npy
pn2018,tr03-0618,tr03-0618,F3-M2,train,266700,/data/gen/tokens/pn2018/tr03-0618__F3-M2.npy
pn2018,tr03-0618,tr03-0618,F4-M1,train,266700,/data/gen/tokens/pn2018/tr03-0618__F4-M1.npy
pn2018,tr03-0618,tr03-0618,C3-M2,train,266700,/data/gen/tokens/pn2018/tr03-0618__C3-M2.npy
pn2018,tr03-0618,tr03-0618,C4-M1,train,266700,/data/gen/tokens/pn2018/tr03-0618__C4-M1.npy
pn2018,tr03-0618,tr03-0618,O1-M2,train,266700,/data/gen/tokens/pn2018/tr03-0618__O1-M2.npy
pn2018,tr03-0618,tr03-0618,O2-M1,train,266700,/data/gen/tokens/pn2018/tr03-0618__O2-M1.npy
pn2018,tr03-0672,tr03-0672,F3-M2,train,290700,/data/gen/tokens/pn2018/tr03-0672__F3-M2.npy
pn2018,tr03-0672,tr03-0672,F4-M1,train,290700,/data/gen/tokens/pn2018/tr03-0672__F4-M1.npy
pn2018,tr03-0672,tr03-0672,C3-M2,train,290700,/data/gen/tokens/pn2018/tr03-0672__C3-M2.npy
pn2018,tr03-0672,tr03-0672,C4-M1,train,290700,/data/gen/tokens/pn2018/tr03-0672__C4-M1.npy
pn2018,tr03-0672,tr03-0672,O1-M2,train,290700,/data/gen/tokens/pn2018/tr03-0672__O1-M2.npy
pn2018,tr03-0672,tr03-0672,O2-M1,train,290700,/data/gen/tokens/pn2018/tr03-0672__O2-M1.npy
pn2018,tr03-0678,tr03-0678,F3-M2,train,266700,/data/gen/tokens/pn2018/tr03-0678__F3-M2.npy
pn2018,tr03-0678,tr03-0678,F4-M1,train,266700,/data/gen/tokens/pn2018/tr03-0678__F4-M1.npy
pn2018,tr03-0678,tr03-0678,C3-M2,train,266700,/data/gen/tokens/pn2018/tr03-0678__C3-M2.npy
pn2018,tr03-0678,tr03-0678,C4-M1,train,266700,/data/gen/tokens/pn2018/tr03-0678__C4-M1.npy
pn2018,tr03-0678,tr03-0678,O1-M2,train,266700,/data/gen/tokens/pn2018/tr03-0678__O1-M2.npy
pn2018,tr03-0678,tr03-0678,O2-M1,train,266700,/data/gen/tokens/pn2018/tr03-0678__O2-M1.npy
pn2018,tr03-0674,tr03-0674,F3-M2,train,293400,/data/gen/tokens/pn2018/tr03-0674__F3-M2.npy
pn2018,tr03-0674,tr03-0674,F4-M1,train,293400,/data/gen/tokens/pn2018/tr03-0674__F4-M1.npy
pn2018,tr03-0674,tr03-0674,C3-M2,train,293400,/data/gen/tokens/pn2018/tr03-0674__C3-M2.npy
pn2018,tr03-0674,tr03-0674,C4-M1,train,293400,/data/gen/tokens/pn2018/tr03-0674__C4-M1.npy
pn2018,tr03-0674,tr03-0674,O1-M2,train,293400,/data/gen/tokens/pn2018/tr03-0674__O1-M2.npy
pn2018,tr03-0674,tr03-0674,O2-M1,train,293400,/data/gen/tokens/pn2018/tr03-0674__O2-M1.npy
pn2018,tr03-0715,tr03-0715,F3-M2,train,264900,/data/gen/tokens/pn2018/tr03-0715__F3-M2.npy
pn2018,tr03-0715,tr03-0715,F4-M1,train,264900,/data/gen/tokens/pn2018/tr03-0715__F4-M1.npy
pn2018,tr03-0715,tr03-0715,C3-M2,train,264900,/data/gen/tokens/pn2018/tr03-0715__C3-M2.npy
pn2018,tr03-0715,tr03-0715,C4-M1,train,264900,/data/gen/tokens/pn2018/tr03-0715__C4-M1.npy
pn2018,tr03-0715,tr03-0715,O1-M2,train,264900,/data/gen/tokens/pn2018/tr03-0715__O1-M2.npy
pn2018,tr03-0715,tr03-0715,O2-M1,train,264900,/data/gen/tokens/pn2018/tr03-0715__O2-M1.npy
pn2018,tr03-0697,tr03-0697,F3-M2,train,289200,/data/gen/tokens/pn2018/tr03-0697__F3-M2.npy
pn2018,tr03-0697,tr03-0697,F4-M1,train,289200,/data/gen/tokens/pn2018/tr03-0697__F4-M1.npy
pn2018,tr03-0697,tr03-0697,C3-M2,train,289200,/data/gen/tokens/pn2018/tr03-0697__C3-M2.npy
pn2018,tr03-0697,tr03-0697,C4-M1,train,289200,/data/gen/tokens/pn2018/tr03-0697__C4-M1.npy
pn2018,tr03-0697,tr03-0697,O1-M2,train,289200,/data/gen/tokens/pn2018/tr03-0697__O1-M2.npy
pn2018,tr03-0697,tr03-0697,O2-M1,train,289200,/data/gen/tokens/pn2018/tr03-0697__O2-M1.npy
pn2018,tr03-0708,tr03-0708,F3-M2,train,271800,/data/gen/tokens/pn2018/tr03-0708__F3-M2.npy
pn2018,tr03-0708,tr03-0708,F4-M1,train,271800,/data/gen/tokens/pn2018/tr03-0708__F4-M1.npy
pn2018,tr03-0708,tr03-0708,C3-M2,train,271800,/data/gen/tokens/pn2018/tr03-0708__C3-M2.npy
pn2018,tr03-0708,tr03-0708,C4-M1,train,271800,/data/gen/tokens/pn2018/tr03-0708__C4-M1.npy
pn2018,tr03-0708,tr03-0708,O1-M2,train,271800,/data/gen/tokens/pn2018/tr03-0708__O1-M2.npy
pn2018,tr03-0708,tr03-0708,O2-M1,train,271800,/data/gen/tokens/pn2018/tr03-0708__O2-M1.npy
pn2018,tr03-0686,tr03-0686,F3-M2,train,283800,/data/gen/tokens/pn2018/tr03-0686__F3-M2.npy
pn2018,tr03-0686,tr03-0686,F4-M1,train,283800,/data/gen/tokens/pn2018/tr03-0686__F4-M1.npy
pn2018,tr03-0686,tr03-0686,C3-M2,train,283800,/data/gen/tokens/pn2018/tr03-0686__C3-M2.npy
pn2018,tr03-0686,tr03-0686,C4-M1,train,283800,/data/gen/tokens/pn2018/tr03-0686__C4-M1.npy
pn2018,tr03-0686,tr03-0686,O1-M2,train,283800,/data/gen/tokens/pn2018/tr03-0686__O1-M2.npy
pn2018,tr03-0686,tr03-0686,O2-M1,train,283800,/data/gen/tokens/pn2018/tr03-0686__O2-M1.npy
pn2018,tr03-0713,tr03-0713,F3-M2,train,281700,/data/gen/tokens/pn2018/tr03-0713__F3-M2.npy
pn2018,tr03-0713,tr03-0713,F4-M1,train,281700,/data/gen/tokens/pn2018/tr03-0713__F4-M1.npy
pn2018,tr03-0713,tr03-0713,C3-M2,train,281700,/data/gen/tokens/pn2018/tr03-0713__C3-M2.npy
pn2018,tr03-0713,tr03-0713,C4-M1,train,281700,/data/gen/tokens/pn2018/tr03-0713__C4-M1.npy
pn2018,tr03-0713,tr03-0713,O1-M2,train,281700,/data/gen/tokens/pn2018/tr03-0713__O1-M2.npy
pn2018,tr03-0713,tr03-0713,O2-M1,train,281700,/data/gen/tokens/pn2018/tr03-0713__O2-M1.npy
pn2018,tr03-0773,tr03-0773,F3-M2,train,240300,/data/gen/tokens/pn2018/tr03-0773__F3-M2.npy
pn2018,tr03-0773,tr03-0773,F4-M1,train,240300,/data/gen/tokens/pn2018/tr03-0773__F4-M1.npy
pn2018,tr03-0773,tr03-0773,C3-M2,train,240300,/data/gen/tokens/pn2018/tr03-0773__C3-M2.npy
pn2018,tr03-0773,tr03-0773,C4-M1,train,240300,/data/gen/tokens/pn2018/tr03-0773__C4-M1.npy
pn2018,tr03-0773,tr03-0773,O1-M2,train,240300,/data/gen/tokens/pn2018/tr03-0773__O1-M2.npy
pn2018,tr03-0773,tr03-0773,O2-M1,train,240300,/data/gen/tokens/pn2018/tr03-0773__O2-M1.npy
pn2018,tr03-0733,tr03-0733,F3-M2,train,297900,/data/gen/tokens/pn2018/tr03-0733__F3-M2.npy
pn2018,tr03-0733,tr03-0733,F4-M1,train,297900,/data/gen/tokens/pn2018/tr03-0733__F4-M1.npy
pn2018,tr03-0733,tr03-0733,C3-M2,train,297900,/data/gen/tokens/pn2018/tr03-0733__C3-M2.npy
pn2018,tr03-0733,tr03-0733,C4-M1,train,297900,/data/gen/tokens/pn2018/tr03-0733__C4-M1.npy
pn2018,tr03-0733,tr03-0733,O1-M2,train,297900,/data/gen/tokens/pn2018/tr03-0733__O1-M2.npy
pn2018,tr03-0733,tr03-0733,O2-M1,train,297900,/data/gen/tokens/pn2018/tr03-0733__O2-M1.npy
pn2018,tr03-0726,tr03-0726,F3-M2,train,293400,/data/gen/tokens/pn2018/tr03-0726__F3-M2.npy
pn2018,tr03-0726,tr03-0726,F4-M1,train,293400,/data/gen/tokens/pn2018/tr03-0726__F4-M1.npy
pn2018,tr03-0726,tr03-0726,C3-M2,train,293400,/data/gen/tokens/pn2018/tr03-0726__C3-M2.npy
pn2018,tr03-0726,tr03-0726,C4-M1,train,293400,/data/gen/tokens/pn2018/tr03-0726__C4-M1.npy
pn2018,tr03-0726,tr03-0726,O1-M2,train,293400,/data/gen/tokens/pn2018/tr03-0726__O1-M2.npy
pn2018,tr03-0726,tr03-0726,O2-M1,train,293400,/data/gen/tokens/pn2018/tr03-0726__O2-M1.npy
pn2018,tr03-0764,tr03-0764,F3-M2,train,276300,/data/gen/tokens/pn2018/tr03-0764__F3-M2.npy
pn2018,tr03-0764,tr03-0764,F4-M1,train,276300,/data/gen/tokens/pn2018/tr03-0764__F4-M1.npy
pn2018,tr03-0764,tr03-0764,C3-M2,train,276300,/data/gen/tokens/pn2018/tr03-0764__C3-M2.npy
pn2018,tr03-0764,tr03-0764,C4-M1,train,276300,/data/gen/tokens/pn2018/tr03-0764__C4-M1.npy
pn2018,tr03-0764,tr03-0764,O1-M2,train,276300,/data/gen/tokens/pn2018/tr03-0764__O1-M2.npy
pn2018,tr03-0764,tr03-0764,O2-M1,train,276300,/data/gen/tokens/pn2018/tr03-0764__O2-M1.npy
pn2018,tr03-0780,tr03-0780,F3-M2,train,295500,/data/gen/tokens/pn2018/tr03-0780__F3-M2.npy
pn2018,tr03-0780,tr03-0780,F4-M1,train,295500,/data/gen/tokens/pn2018/tr03-0780__F4-M1.npy
pn2018,tr03-0780,tr03-0780,C3-M2,train,295500,/data/gen/tokens/pn2018/tr03-0780__C3-M2.npy
pn2018,tr03-0780,tr03-0780,C4-M1,train,295500,/data/gen/tokens/pn2018/tr03-0780__C4-M1.npy
pn2018,tr03-0780,tr03-0780,O1-M2,train,295500,/data/gen/tokens/pn2018/tr03-0780__O1-M2.npy
pn2018,tr03-0780,tr03-0780,O2-M1,train,295500,/data/gen/tokens/pn2018/tr03-0780__O2-M1.npy
pn2018,tr03-0743,tr03-0743,F3-M2,heldout,309600,/data/gen/tokens/pn2018/tr03-0743__F3-M2.npy
pn2018,tr03-0743,tr03-0743,F4-M1,heldout,309600,/data/gen/tokens/pn2018/tr03-0743__F4-M1.npy
pn2018,tr03-0743,tr03-0743,C3-M2,heldout,309600,/data/gen/tokens/pn2018/tr03-0743__C3-M2.npy
pn2018,tr03-0743,tr03-0743,C4-M1,heldout,309600,/data/gen/tokens/pn2018/tr03-0743__C4-M1.npy
pn2018,tr03-0743,tr03-0743,O1-M2,heldout,309600,/data/gen/tokens/pn2018/tr03-0743__O1-M2.npy
pn2018,tr03-0743,tr03-0743,O2-M1,heldout,309600,/data/gen/tokens/pn2018/tr03-0743__O2-M1.npy
pn2018,tr03-0759,tr03-0759,F3-M2,train,305100,/data/gen/tokens/pn2018/tr03-0759__F3-M2.npy
pn2018,tr03-0759,tr03-0759,F4-M1,train,305100,/data/gen/tokens/pn2018/tr03-0759__F4-M1.npy
pn2018,tr03-0759,tr03-0759,C3-M2,train,305100,/data/gen/tokens/pn2018/tr03-0759__C3-M2.npy
pn2018,tr03-0759,tr03-0759,C4-M1,train,305100,/data/gen/tokens/pn2018/tr03-0759__C4-M1.npy
pn2018,tr03-0759,tr03-0759,O1-M2,train,305100,/data/gen/tokens/pn2018/tr03-0759__O1-M2.npy
pn2018,tr03-0759,tr03-0759,O2-M1,train,305100,/data/gen/tokens/pn2018/tr03-0759__O2-M1.npy
pn2018,tr03-0785,tr03-0785,F3-M2,train,264900,/data/gen/tokens/pn2018/tr03-0785__F3-M2.npy
pn2018,tr03-0785,tr03-0785,F4-M1,train,264900,/data/gen/tokens/pn2018/tr03-0785__F4-M1.npy
pn2018,tr03-0785,tr03-0785,C3-M2,train,264900,/data/gen/tokens/pn2018/tr03-0785__C3-M2.npy
pn2018,tr03-0785,tr03-0785,C4-M1,train,264900,/data/gen/tokens/pn2018/tr03-0785__C4-M1.npy
pn2018,tr03-0785,tr03-0785,O1-M2,train,264900,/data/gen/tokens/pn2018/tr03-0785__O1-M2.npy
pn2018,tr03-0785,tr03-0785,O2-M1,train,264900,/data/gen/tokens/pn2018/tr03-0785__O2-M1.npy
pn2018,tr03-0796,tr03-0796,F3-M2,train,235200,/data/gen/tokens/pn2018/tr03-0796__F3-M2.npy
pn2018,tr03-0796,tr03-0796,F4-M1,train,235200,/data/gen/tokens/pn2018/tr03-0796__F4-M1.npy
pn2018,tr03-0796,tr03-0796,C3-M2,train,235200,/data/gen/tokens/pn2018/tr03-0796__C3-M2.npy
pn2018,tr03-0796,tr03-0796,C4-M1,train,235200,/data/gen/tokens/pn2018/tr03-0796__C4-M1.npy
pn2018,tr03-0796,tr03-0796,O1-M2,train,235200,/data/gen/tokens/pn2018/tr03-0796__O1-M2.npy
pn2018,tr03-0796,tr03-0796,O2-M1,train,235200,/data/gen/tokens/pn2018/tr03-0796__O2-M1.npy
pn2018,tr03-0793,tr03-0793,F3-M2,heldout,264600,/data/gen/tokens/pn2018/tr03-0793__F3-M2.npy
pn2018,tr03-0793,tr03-0793,F4-M1,heldout,264600,/data/gen/tokens/pn2018/tr03-0793__F4-M1.npy
pn2018,tr03-0793,tr03-0793,C3-M2,heldout,264600,/data/gen/tokens/pn2018/tr03-0793__C3-M2.npy
pn2018,tr03-0793,tr03-0793,C4-M1,heldout,264600,/data/gen/tokens/pn2018/tr03-0793__C4-M1.npy
pn2018,tr03-0793,tr03-0793,O1-M2,heldout,264600,/data/gen/tokens/pn2018/tr03-0793__O1-M2.npy
pn2018,tr03-0793,tr03-0793,O2-M1,heldout,264600,/data/gen/tokens/pn2018/tr03-0793__O2-M1.npy
pn2018,tr03-0792,tr03-0792,F3-M2,train,305700,/data/gen/tokens/pn2018/tr03-0792__F3-M2.npy
pn2018,tr03-0792,tr03-0792,F4-M1,train,305700,/data/gen/tokens/pn2018/tr03-0792__F4-M1.npy
pn2018,tr03-0792,tr03-0792,C3-M2,train,305700,/data/gen/tokens/pn2018/tr03-0792__C3-M2.npy
pn2018,tr03-0792,tr03-0792,C4-M1,train,305700,/data/gen/tokens/pn2018/tr03-0792__C4-M1.npy
pn2018,tr03-0792,tr03-0792,O1-M2,train,305700,/data/gen/tokens/pn2018/tr03-0792__O1-M2.npy
pn2018,tr03-0792,tr03-0792,O2-M1,train,305700,/data/gen/tokens/pn2018/tr03-0792__O2-M1.npy
pn2018,tr03-0802,tr03-0802,F3-M2,train,291300,/data/gen/tokens/pn2018/tr03-0802__F3-M2.npy
pn2018,tr03-0802,tr03-0802,F4-M1,train,291300,/data/gen/tokens/pn2018/tr03-0802__F4-M1.npy
pn2018,tr03-0802,tr03-0802,C3-M2,train,291300,/data/gen/tokens/pn2018/tr03-0802__C3-M2.npy
pn2018,tr03-0802,tr03-0802,C4-M1,train,291300,/data/gen/tokens/pn2018/tr03-0802__C4-M1.npy
pn2018,tr03-0802,tr03-0802,O1-M2,train,291300,/data/gen/tokens/pn2018/tr03-0802__O1-M2.npy
pn2018,tr03-0802,tr03-0802,O2-M1,train,291300,/data/gen/tokens/pn2018/tr03-0802__O2-M1.npy
pn2018,tr03-0816,tr03-0816,F3-M2,heldout,284400,/data/gen/tokens/pn2018/tr03-0816__F3-M2.npy
pn2018,tr03-0816,tr03-0816,F4-M1,heldout,284400,/data/gen/tokens/pn2018/tr03-0816__F4-M1.npy
pn2018,tr03-0816,tr03-0816,C3-M2,heldout,284400,/data/gen/tokens/pn2018/tr03-0816__C3-M2.npy
pn2018,tr03-0816,tr03-0816,C4-M1,heldout,284400,/data/gen/tokens/pn2018/tr03-0816__C4-M1.npy
pn2018,tr03-0816,tr03-0816,O1-M2,heldout,284400,/data/gen/tokens/pn2018/tr03-0816__O1-M2.npy
pn2018,tr03-0816,tr03-0816,O2-M1,heldout,284400,/data/gen/tokens/pn2018/tr03-0816__O2-M1.npy
pn2018,tr03-0862,tr03-0862,F3-M2,train,279900,/data/gen/tokens/pn2018/tr03-0862__F3-M2.npy
pn2018,tr03-0862,tr03-0862,F4-M1,train,279900,/data/gen/tokens/pn2018/tr03-0862__F4-M1.npy
pn2018,tr03-0862,tr03-0862,C3-M2,train,279900,/data/gen/tokens/pn2018/tr03-0862__C3-M2.npy
pn2018,tr03-0862,tr03-0862,C4-M1,train,279900,/data/gen/tokens/pn2018/tr03-0862__C4-M1.npy
pn2018,tr03-0862,tr03-0862,O1-M2,train,279900,/data/gen/tokens/pn2018/tr03-0862__O1-M2.npy
pn2018,tr03-0862,tr03-0862,O2-M1,train,279900,/data/gen/tokens/pn2018/tr03-0862__O2-M1.npy
pn2018,tr03-0863,tr03-0863,F3-M2,train,249300,/data/gen/tokens/pn2018/tr03-0863__F3-M2.npy
pn2018,tr03-0863,tr03-0863,F4-M1,train,249300,/data/gen/tokens/pn2018/tr03-0863__F4-M1.npy
pn2018,tr03-0863,tr03-0863,C3-M2,train,249300,/data/gen/tokens/pn2018/tr03-0863__C3-M2.npy
pn2018,tr03-0863,tr03-0863,C4-M1,train,249300,/data/gen/tokens/pn2018/tr03-0863__C4-M1.npy
pn2018,tr03-0863,tr03-0863,O1-M2,train,249300,/data/gen/tokens/pn2018/tr03-0863__O1-M2.npy
pn2018,tr03-0863,tr03-0863,O2-M1,train,249300,/data/gen/tokens/pn2018/tr03-0863__O2-M1.npy
pn2018,tr03-0907,tr03-0907,F3-M2,train,264300,/data/gen/tokens/pn2018/tr03-0907__F3-M2.npy
pn2018,tr03-0907,tr03-0907,F4-M1,train,264300,/data/gen/tokens/pn2018/tr03-0907__F4-M1.npy
pn2018,tr03-0907,tr03-0907,C3-M2,train,264300,/data/gen/tokens/pn2018/tr03-0907__C3-M2.npy
pn2018,tr03-0907,tr03-0907,C4-M1,train,264300,/data/gen/tokens/pn2018/tr03-0907__C4-M1.npy
pn2018,tr03-0907,tr03-0907,O1-M2,train,264300,/data/gen/tokens/pn2018/tr03-0907__O1-M2.npy
pn2018,tr03-0907,tr03-0907,O2-M1,train,264300,/data/gen/tokens/pn2018/tr03-0907__O2-M1.npy
pn2018,tr03-0879,tr03-0879,F3-M2,train,277800,/data/gen/tokens/pn2018/tr03-0879__F3-M2.npy
pn2018,tr03-0879,tr03-0879,F4-M1,train,277800,/data/gen/tokens/pn2018/tr03-0879__F4-M1.npy
pn2018,tr03-0879,tr03-0879,C3-M2,train,277800,/data/gen/tokens/pn2018/tr03-0879__C3-M2.npy
pn2018,tr03-0879,tr03-0879,C4-M1,train,277800,/data/gen/tokens/pn2018/tr03-0879__C4-M1.npy
pn2018,tr03-0879,tr03-0879,O1-M2,train,277800,/data/gen/tokens/pn2018/tr03-0879__O1-M2.npy
pn2018,tr03-0879,tr03-0879,O2-M1,train,277800,/data/gen/tokens/pn2018/tr03-0879__O2-M1.npy
pn2018,tr03-0876,tr03-0876,F3-M2,train,318300,/data/gen/tokens/pn2018/tr03-0876__F3-M2.npy
pn2018,tr03-0876,tr03-0876,F4-M1,train,318300,/data/gen/tokens/pn2018/tr03-0876__F4-M1.npy
pn2018,tr03-0876,tr03-0876,C3-M2,train,318300,/data/gen/tokens/pn2018/tr03-0876__C3-M2.npy
pn2018,tr03-0876,tr03-0876,C4-M1,train,318300,/data/gen/tokens/pn2018/tr03-0876__C4-M1.npy
pn2018,tr03-0876,tr03-0876,O1-M2,train,318300,/data/gen/tokens/pn2018/tr03-0876__O1-M2.npy
pn2018,tr03-0876,tr03-0876,O2-M1,train,318300,/data/gen/tokens/pn2018/tr03-0876__O2-M1.npy
pn2018,tr03-0904,tr03-0904,F3-M2,train,286200,/data/gen/tokens/pn2018/tr03-0904__F3-M2.npy
pn2018,tr03-0904,tr03-0904,F4-M1,train,286200,/data/gen/tokens/pn2018/tr03-0904__F4-M1.npy
pn2018,tr03-0904,tr03-0904,C3-M2,train,286200,/data/gen/tokens/pn2018/tr03-0904__C3-M2.npy
pn2018,tr03-0904,tr03-0904,C4-M1,train,286200,/data/gen/tokens/pn2018/tr03-0904__C4-M1.npy
pn2018,tr03-0904,tr03-0904,O1-M2,train,286200,/data/gen/tokens/pn2018/tr03-0904__O1-M2.npy
pn2018,tr03-0904,tr03-0904,O2-M1,train,286200,/data/gen/tokens/pn2018/tr03-0904__O2-M1.npy
pn2018,tr03-0885,tr03-0885,F3-M2,train,298500,/data/gen/tokens/pn2018/tr03-0885__F3-M2.npy
pn2018,tr03-0885,tr03-0885,F4-M1,train,298500,/data/gen/tokens/pn2018/tr03-0885__F4-M1.npy
pn2018,tr03-0885,tr03-0885,C3-M2,train,298500,/data/gen/tokens/pn2018/tr03-0885__C3-M2.npy
pn2018,tr03-0885,tr03-0885,C4-M1,train,298500,/data/gen/tokens/pn2018/tr03-0885__C4-M1.npy
pn2018,tr03-0885,tr03-0885,O1-M2,train,298500,/data/gen/tokens/pn2018/tr03-0885__O1-M2.npy
pn2018,tr03-0885,tr03-0885,O2-M1,train,298500,/data/gen/tokens/pn2018/tr03-0885__O2-M1.npy
pn2018,tr03-0900,tr03-0900,F3-M2,train,300600,/data/gen/tokens/pn2018/tr03-0900__F3-M2.npy
pn2018,tr03-0900,tr03-0900,F4-M1,train,300600,/data/gen/tokens/pn2018/tr03-0900__F4-M1.npy
pn2018,tr03-0900,tr03-0900,C3-M2,train,300600,/data/gen/tokens/pn2018/tr03-0900__C3-M2.npy
pn2018,tr03-0900,tr03-0900,C4-M1,train,300600,/data/gen/tokens/pn2018/tr03-0900__C4-M1.npy
pn2018,tr03-0900,tr03-0900,O1-M2,train,300600,/data/gen/tokens/pn2018/tr03-0900__O1-M2.npy
pn2018,tr03-0900,tr03-0900,O2-M1,train,300600,/data/gen/tokens/pn2018/tr03-0900__O2-M1.npy
pn2018,tr03-0906,tr03-0906,F3-M2,train,257700,/data/gen/tokens/pn2018/tr03-0906__F3-M2.npy
pn2018,tr03-0906,tr03-0906,F4-M1,train,257700,/data/gen/tokens/pn2018/tr03-0906__F4-M1.npy
pn2018,tr03-0906,tr03-0906,C3-M2,train,257700,/data/gen/tokens/pn2018/tr03-0906__C3-M2.npy
pn2018,tr03-0906,tr03-0906,C4-M1,train,257700,/data/gen/tokens/pn2018/tr03-0906__C4-M1.npy
pn2018,tr03-0906,tr03-0906,O1-M2,train,257700,/data/gen/tokens/pn2018/tr03-0906__O1-M2.npy
pn2018,tr03-0906,tr03-0906,O2-M1,train,257700,/data/gen/tokens/pn2018/tr03-0906__O2-M1.npy
pn2018,tr03-0909,tr03-0909,F3-M2,train,265800,/data/gen/tokens/pn2018/tr03-0909__F3-M2.npy
pn2018,tr03-0909,tr03-0909,F4-M1,train,265800,/data/gen/tokens/pn2018/tr03-0909__F4-M1.npy
pn2018,tr03-0909,tr03-0909,C3-M2,train,265800,/data/gen/tokens/pn2018/tr03-0909__C3-M2.npy
pn2018,tr03-0909,tr03-0909,C4-M1,train,265800,/data/gen/tokens/pn2018/tr03-0909__C4-M1.npy
pn2018,tr03-0909,tr03-0909,O1-M2,train,265800,/data/gen/tokens/pn2018/tr03-0909__O1-M2.npy
pn2018,tr03-0909,tr03-0909,O2-M1,train,265800,/data/gen/tokens/pn2018/tr03-0909__O2-M1.npy
pn2018,tr03-0933,tr03-0933,F3-M2,train,253200,/data/gen/tokens/pn2018/tr03-0933__F3-M2.npy
pn2018,tr03-0933,tr03-0933,F4-M1,train,253200,/data/gen/tokens/pn2018/tr03-0933__F4-M1.npy
pn2018,tr03-0933,tr03-0933,C3-M2,train,253200,/data/gen/tokens/pn2018/tr03-0933__C3-M2.npy
pn2018,tr03-0933,tr03-0933,C4-M1,train,253200,/data/gen/tokens/pn2018/tr03-0933__C4-M1.npy
pn2018,tr03-0933,tr03-0933,O1-M2,train,253200,/data/gen/tokens/pn2018/tr03-0933__O1-M2.npy
pn2018,tr03-0933,tr03-0933,O2-M1,train,253200,/data/gen/tokens/pn2018/tr03-0933__O2-M1.npy
pn2018,tr03-0940,tr03-0940,F3-M2,train,251100,/data/gen/tokens/pn2018/tr03-0940__F3-M2.npy
pn2018,tr03-0940,tr03-0940,F4-M1,train,251100,/data/gen/tokens/pn2018/tr03-0940__F4-M1.npy
pn2018,tr03-0940,tr03-0940,C3-M2,train,251100,/data/gen/tokens/pn2018/tr03-0940__C3-M2.npy
pn2018,tr03-0940,tr03-0940,C4-M1,train,251100,/data/gen/tokens/pn2018/tr03-0940__C4-M1.npy
pn2018,tr03-0940,tr03-0940,O1-M2,train,251100,/data/gen/tokens/pn2018/tr03-0940__O1-M2.npy
pn2018,tr03-0940,tr03-0940,O2-M1,train,251100,/data/gen/tokens/pn2018/tr03-0940__O2-M1.npy
pn2018,tr03-0919,tr03-0919,F3-M2,heldout,276600,/data/gen/tokens/pn2018/tr03-0919__F3-M2.npy
pn2018,tr03-0919,tr03-0919,F4-M1,heldout,276600,/data/gen/tokens/pn2018/tr03-0919__F4-M1.npy
pn2018,tr03-0919,tr03-0919,C3-M2,heldout,276600,/data/gen/tokens/pn2018/tr03-0919__C3-M2.npy
pn2018,tr03-0919,tr03-0919,C4-M1,heldout,276600,/data/gen/tokens/pn2018/tr03-0919__C4-M1.npy
pn2018,tr03-0919,tr03-0919,O1-M2,heldout,276600,/data/gen/tokens/pn2018/tr03-0919__O1-M2.npy
pn2018,tr03-0919,tr03-0919,O2-M1,heldout,276600,/data/gen/tokens/pn2018/tr03-0919__O2-M1.npy
pn2018,tr03-0955,tr03-0955,F3-M2,train,279300,/data/gen/tokens/pn2018/tr03-0955__F3-M2.npy
pn2018,tr03-0955,tr03-0955,F4-M1,train,279300,/data/gen/tokens/pn2018/tr03-0955__F4-M1.npy
pn2018,tr03-0955,tr03-0955,C3-M2,train,279300,/data/gen/tokens/pn2018/tr03-0955__C3-M2.npy
pn2018,tr03-0955,tr03-0955,C4-M1,train,279300,/data/gen/tokens/pn2018/tr03-0955__C4-M1.npy
pn2018,tr03-0955,tr03-0955,O1-M2,train,279300,/data/gen/tokens/pn2018/tr03-0955__O1-M2.npy
pn2018,tr03-0955,tr03-0955,O2-M1,train,279300,/data/gen/tokens/pn2018/tr03-0955__O2-M1.npy
pn2018,tr03-0982,tr03-0982,F3-M2,train,284100,/data/gen/tokens/pn2018/tr03-0982__F3-M2.npy
pn2018,tr03-0982,tr03-0982,F4-M1,train,284100,/data/gen/tokens/pn2018/tr03-0982__F4-M1.npy
pn2018,tr03-0982,tr03-0982,C3-M2,train,284100,/data/gen/tokens/pn2018/tr03-0982__C3-M2.npy
pn2018,tr03-0982,tr03-0982,C4-M1,train,284100,/data/gen/tokens/pn2018/tr03-0982__C4-M1.npy
pn2018,tr03-0982,tr03-0982,O1-M2,train,284100,/data/gen/tokens/pn2018/tr03-0982__O1-M2.npy
pn2018,tr03-0982,tr03-0982,O2-M1,train,284100,/data/gen/tokens/pn2018/tr03-0982__O2-M1.npy
pn2018,tr03-0921,tr03-0921,F3-M2,train,318000,/data/gen/tokens/pn2018/tr03-0921__F3-M2.npy
pn2018,tr03-0921,tr03-0921,F4-M1,train,318000,/data/gen/tokens/pn2018/tr03-0921__F4-M1.npy
pn2018,tr03-0921,tr03-0921,C3-M2,train,318000,/data/gen/tokens/pn2018/tr03-0921__C3-M2.npy
pn2018,tr03-0921,tr03-0921,C4-M1,train,318000,/data/gen/tokens/pn2018/tr03-0921__C4-M1.npy
pn2018,tr03-0921,tr03-0921,O1-M2,train,318000,/data/gen/tokens/pn2018/tr03-0921__O1-M2.npy
pn2018,tr03-0921,tr03-0921,O2-M1,train,318000,/data/gen/tokens/pn2018/tr03-0921__O2-M1.npy
pn2018,tr03-1004,tr03-1004,F3-M2,heldout,254100,/data/gen/tokens/pn2018/tr03-1004__F3-M2.npy
pn2018,tr03-1004,tr03-1004,F4-M1,heldout,254100,/data/gen/tokens/pn2018/tr03-1004__F4-M1.npy
pn2018,tr03-1004,tr03-1004,C3-M2,heldout,254100,/data/gen/tokens/pn2018/tr03-1004__C3-M2.npy
pn2018,tr03-1004,tr03-1004,C4-M1,heldout,254100,/data/gen/tokens/pn2018/tr03-1004__C4-M1.npy
pn2018,tr03-1004,tr03-1004,O1-M2,heldout,254100,/data/gen/tokens/pn2018/tr03-1004__O1-M2.npy
pn2018,tr03-1004,tr03-1004,O2-M1,heldout,254100,/data/gen/tokens/pn2018/tr03-1004__O2-M1.npy
pn2018,tr03-1010,tr03-1010,F3-M2,train,305400,/data/gen/tokens/pn2018/tr03-1010__F3-M2.npy
pn2018,tr03-1010,tr03-1010,F4-M1,train,305400,/data/gen/tokens/pn2018/tr03-1010__F4-M1.npy
pn2018,tr03-1010,tr03-1010,C3-M2,train,305400,/data/gen/tokens/pn2018/tr03-1010__C3-M2.npy
pn2018,tr03-1010,tr03-1010,C4-M1,train,305400,/data/gen/tokens/pn2018/tr03-1010__C4-M1.npy
pn2018,tr03-1010,tr03-1010,O1-M2,train,305400,/data/gen/tokens/pn2018/tr03-1010__O1-M2.npy
pn2018,tr03-1010,tr03-1010,O2-M1,train,305400,/data/gen/tokens/pn2018/tr03-1010__O2-M1.npy
pn2018,tr03-1013,tr03-1013,F3-M2,train,282600,/data/gen/tokens/pn2018/tr03-1013__F3-M2.npy
pn2018,tr03-1013,tr03-1013,F4-M1,train,282600,/data/gen/tokens/pn2018/tr03-1013__F4-M1.npy
pn2018,tr03-1013,tr03-1013,C3-M2,train,282600,/data/gen/tokens/pn2018/tr03-1013__C3-M2.npy
pn2018,tr03-1013,tr03-1013,C4-M1,train,282600,/data/gen/tokens/pn2018/tr03-1013__C4-M1.npy
pn2018,tr03-1013,tr03-1013,O1-M2,train,282600,/data/gen/tokens/pn2018/tr03-1013__O1-M2.npy
pn2018,tr03-1013,tr03-1013,O2-M1,train,282600,/data/gen/tokens/pn2018/tr03-1013__O2-M1.npy
pn2018,tr03-1050,tr03-1050,F3-M2,train,271800,/data/gen/tokens/pn2018/tr03-1050__F3-M2.npy
pn2018,tr03-1050,tr03-1050,F4-M1,train,271800,/data/gen/tokens/pn2018/tr03-1050__F4-M1.npy
pn2018,tr03-1050,tr03-1050,C3-M2,train,271800,/data/gen/tokens/pn2018/tr03-1050__C3-M2.npy
pn2018,tr03-1050,tr03-1050,C4-M1,train,271800,/data/gen/tokens/pn2018/tr03-1050__C4-M1.npy
pn2018,tr03-1050,tr03-1050,O1-M2,train,271800,/data/gen/tokens/pn2018/tr03-1050__O1-M2.npy
pn2018,tr03-1050,tr03-1050,O2-M1,train,271800,/data/gen/tokens/pn2018/tr03-1050__O2-M1.npy
pn2018,tr03-1082,tr03-1082,F3-M2,heldout,286200,/data/gen/tokens/pn2018/tr03-1082__F3-M2.npy
pn2018,tr03-1082,tr03-1082,F4-M1,heldout,286200,/data/gen/tokens/pn2018/tr03-1082__F4-M1.npy
pn2018,tr03-1082,tr03-1082,C3-M2,heldout,286200,/data/gen/tokens/pn2018/tr03-1082__C3-M2.npy
pn2018,tr03-1082,tr03-1082,C4-M1,heldout,286200,/data/gen/tokens/pn2018/tr03-1082__C4-M1.npy
pn2018,tr03-1082,tr03-1082,O1-M2,heldout,286200,/data/gen/tokens/pn2018/tr03-1082__O1-M2.npy
pn2018,tr03-1082,tr03-1082,O2-M1,heldout,286200,/data/gen/tokens/pn2018/tr03-1082__O2-M1.npy
pn2018,tr03-1023,tr03-1023,F3-M2,train,304800,/data/gen/tokens/pn2018/tr03-1023__F3-M2.npy
pn2018,tr03-1023,tr03-1023,F4-M1,train,304800,/data/gen/tokens/pn2018/tr03-1023__F4-M1.npy
pn2018,tr03-1023,tr03-1023,C3-M2,train,304800,/data/gen/tokens/pn2018/tr03-1023__C3-M2.npy
pn2018,tr03-1023,tr03-1023,C4-M1,train,304800,/data/gen/tokens/pn2018/tr03-1023__C4-M1.npy
pn2018,tr03-1023,tr03-1023,O1-M2,train,304800,/data/gen/tokens/pn2018/tr03-1023__O1-M2.npy
pn2018,tr03-1023,tr03-1023,O2-M1,train,304800,/data/gen/tokens/pn2018/tr03-1023__O2-M1.npy
pn2018,tr03-1056,tr03-1056,F3-M2,train,294000,/data/gen/tokens/pn2018/tr03-1056__F3-M2.npy
pn2018,tr03-1056,tr03-1056,F4-M1,train,294000,/data/gen/tokens/pn2018/tr03-1056__F4-M1.npy
pn2018,tr03-1056,tr03-1056,C3-M2,train,294000,/data/gen/tokens/pn2018/tr03-1056__C3-M2.npy
pn2018,tr03-1056,tr03-1056,C4-M1,train,294000,/data/gen/tokens/pn2018/tr03-1056__C4-M1.npy
pn2018,tr03-1056,tr03-1056,O1-M2,train,294000,/data/gen/tokens/pn2018/tr03-1056__O1-M2.npy
pn2018,tr03-1056,tr03-1056,O2-M1,train,294000,/data/gen/tokens/pn2018/tr03-1056__O2-M1.npy
pn2018,tr03-1075,tr03-1075,F3-M2,train,306300,/data/gen/tokens/pn2018/tr03-1075__F3-M2.npy
pn2018,tr03-1075,tr03-1075,F4-M1,train,306300,/data/gen/tokens/pn2018/tr03-1075__F4-M1.npy
pn2018,tr03-1075,tr03-1075,C3-M2,train,306300,/data/gen/tokens/pn2018/tr03-1075__C3-M2.npy
pn2018,tr03-1075,tr03-1075,C4-M1,train,306300,/data/gen/tokens/pn2018/tr03-1075__C4-M1.npy
pn2018,tr03-1075,tr03-1075,O1-M2,train,306300,/data/gen/tokens/pn2018/tr03-1075__O1-M2.npy
pn2018,tr03-1075,tr03-1075,O2-M1,train,306300,/data/gen/tokens/pn2018/tr03-1075__O2-M1.npy
pn2018,tr03-1115,tr03-1115,F3-M2,train,199500,/data/gen/tokens/pn2018/tr03-1115__F3-M2.npy
pn2018,tr03-1115,tr03-1115,F4-M1,train,199500,/data/gen/tokens/pn2018/tr03-1115__F4-M1.npy
pn2018,tr03-1115,tr03-1115,C3-M2,train,199500,/data/gen/tokens/pn2018/tr03-1115__C3-M2.npy
pn2018,tr03-1115,tr03-1115,C4-M1,train,199500,/data/gen/tokens/pn2018/tr03-1115__C4-M1.npy
pn2018,tr03-1115,tr03-1115,O1-M2,train,199500,/data/gen/tokens/pn2018/tr03-1115__O1-M2.npy
pn2018,tr03-1115,tr03-1115,O2-M1,train,199500,/data/gen/tokens/pn2018/tr03-1115__O2-M1.npy
pn2018,tr03-1143,tr03-1143,F3-M2,train,294600,/data/gen/tokens/pn2018/tr03-1143__F3-M2.npy
pn2018,tr03-1143,tr03-1143,F4-M1,train,294600,/data/gen/tokens/pn2018/tr03-1143__F4-M1.npy
pn2018,tr03-1143,tr03-1143,C3-M2,train,294600,/data/gen/tokens/pn2018/tr03-1143__C3-M2.npy
pn2018,tr03-1143,tr03-1143,C4-M1,train,294600,/data/gen/tokens/pn2018/tr03-1143__C4-M1.npy
pn2018,tr03-1143,tr03-1143,O1-M2,train,294600,/data/gen/tokens/pn2018/tr03-1143__O1-M2.npy
pn2018,tr03-1143,tr03-1143,O2-M1,train,294600,/data/gen/tokens/pn2018/tr03-1143__O2-M1.npy
pn2018,tr03-1112,tr03-1112,F3-M2,train,280500,/data/gen/tokens/pn2018/tr03-1112__F3-M2.npy
pn2018,tr03-1112,tr03-1112,F4-M1,train,280500,/data/gen/tokens/pn2018/tr03-1112__F4-M1.npy
pn2018,tr03-1112,tr03-1112,C3-M2,train,280500,/data/gen/tokens/pn2018/tr03-1112__C3-M2.npy
pn2018,tr03-1112,tr03-1112,C4-M1,train,280500,/data/gen/tokens/pn2018/tr03-1112__C4-M1.npy
pn2018,tr03-1112,tr03-1112,O1-M2,train,280500,/data/gen/tokens/pn2018/tr03-1112__O1-M2.npy
pn2018,tr03-1112,tr03-1112,O2-M1,train,280500,/data/gen/tokens/pn2018/tr03-1112__O2-M1.npy
pn2018,tr03-1100,tr03-1100,F3-M2,train,288000,/data/gen/tokens/pn2018/tr03-1100__F3-M2.npy
pn2018,tr03-1100,tr03-1100,F4-M1,train,288000,/data/gen/tokens/pn2018/tr03-1100__F4-M1.npy
pn2018,tr03-1100,tr03-1100,C3-M2,train,288000,/data/gen/tokens/pn2018/tr03-1100__C3-M2.npy
pn2018,tr03-1100,tr03-1100,C4-M1,train,288000,/data/gen/tokens/pn2018/tr03-1100__C4-M1.npy
pn2018,tr03-1100,tr03-1100,O1-M2,train,288000,/data/gen/tokens/pn2018/tr03-1100__O1-M2.npy
pn2018,tr03-1100,tr03-1100,O2-M1,train,288000,/data/gen/tokens/pn2018/tr03-1100__O2-M1.npy
pn2018,tr03-1135,tr03-1135,F3-M2,train,300300,/data/gen/tokens/pn2018/tr03-1135__F3-M2.npy
pn2018,tr03-1135,tr03-1135,F4-M1,train,300300,/data/gen/tokens/pn2018/tr03-1135__F4-M1.npy
pn2018,tr03-1135,tr03-1135,C3-M2,train,300300,/data/gen/tokens/pn2018/tr03-1135__C3-M2.npy
pn2018,tr03-1135,tr03-1135,C4-M1,train,300300,/data/gen/tokens/pn2018/tr03-1135__C4-M1.npy
pn2018,tr03-1135,tr03-1135,O1-M2,train,300300,/data/gen/tokens/pn2018/tr03-1135__O1-M2.npy
pn2018,tr03-1135,tr03-1135,O2-M1,train,300300,/data/gen/tokens/pn2018/tr03-1135__O2-M1.npy
pn2018,tr03-1119,tr03-1119,F3-M2,train,302700,/data/gen/tokens/pn2018/tr03-1119__F3-M2.npy
pn2018,tr03-1119,tr03-1119,F4-M1,train,302700,/data/gen/tokens/pn2018/tr03-1119__F4-M1.npy
pn2018,tr03-1119,tr03-1119,C3-M2,train,302700,/data/gen/tokens/pn2018/tr03-1119__C3-M2.npy
pn2018,tr03-1119,tr03-1119,C4-M1,train,302700,/data/gen/tokens/pn2018/tr03-1119__C4-M1.npy
pn2018,tr03-1119,tr03-1119,O1-M2,train,302700,/data/gen/tokens/pn2018/tr03-1119__O1-M2.npy
pn2018,tr03-1119,tr03-1119,O2-M1,train,302700,/data/gen/tokens/pn2018/tr03-1119__O2-M1.npy
pn2018,tr03-1129,tr03-1129,F3-M2,train,321900,/data/gen/tokens/pn2018/tr03-1129__F3-M2.npy
pn2018,tr03-1129,tr03-1129,F4-M1,train,321900,/data/gen/tokens/pn2018/tr03-1129__F4-M1.npy
pn2018,tr03-1129,tr03-1129,C3-M2,train,321900,/data/gen/tokens/pn2018/tr03-1129__C3-M2.npy
pn2018,tr03-1129,tr03-1129,C4-M1,train,321900,/data/gen/tokens/pn2018/tr03-1129__C4-M1.npy
pn2018,tr03-1129,tr03-1129,O1-M2,train,321900,/data/gen/tokens/pn2018/tr03-1129__O1-M2.npy
pn2018,tr03-1129,tr03-1129,O2-M1,train,321900,/data/gen/tokens/pn2018/tr03-1129__O2-M1.npy
pn2018,tr03-1160,tr03-1160,F3-M2,train,255300,/data/gen/tokens/pn2018/tr03-1160__F3-M2.npy
pn2018,tr03-1160,tr03-1160,F4-M1,train,255300,/data/gen/tokens/pn2018/tr03-1160__F4-M1.npy
pn2018,tr03-1160,tr03-1160,C3-M2,train,255300,/data/gen/tokens/pn2018/tr03-1160__C3-M2.npy
pn2018,tr03-1160,tr03-1160,C4-M1,train,255300,/data/gen/tokens/pn2018/tr03-1160__C4-M1.npy
pn2018,tr03-1160,tr03-1160,O1-M2,train,255300,/data/gen/tokens/pn2018/tr03-1160__O1-M2.npy
pn2018,tr03-1160,tr03-1160,O2-M1,train,255300,/data/gen/tokens/pn2018/tr03-1160__O2-M1.npy
pn2018,tr03-1155,tr03-1155,F3-M2,train,260700,/data/gen/tokens/pn2018/tr03-1155__F3-M2.npy
pn2018,tr03-1155,tr03-1155,F4-M1,train,260700,/data/gen/tokens/pn2018/tr03-1155__F4-M1.npy
pn2018,tr03-1155,tr03-1155,C3-M2,train,260700,/data/gen/tokens/pn2018/tr03-1155__C3-M2.npy
pn2018,tr03-1155,tr03-1155,C4-M1,train,260700,/data/gen/tokens/pn2018/tr03-1155__C4-M1.npy
pn2018,tr03-1155,tr03-1155,O1-M2,train,260700,/data/gen/tokens/pn2018/tr03-1155__O1-M2.npy
pn2018,tr03-1155,tr03-1155,O2-M1,train,260700,/data/gen/tokens/pn2018/tr03-1155__O2-M1.npy
pn2018,tr03-1181,tr03-1181,F3-M2,train,269100,/data/gen/tokens/pn2018/tr03-1181__F3-M2.npy
pn2018,tr03-1181,tr03-1181,F4-M1,train,269100,/data/gen/tokens/pn2018/tr03-1181__F4-M1.npy
pn2018,tr03-1181,tr03-1181,C3-M2,train,269100,/data/gen/tokens/pn2018/tr03-1181__C3-M2.npy
pn2018,tr03-1181,tr03-1181,C4-M1,train,269100,/data/gen/tokens/pn2018/tr03-1181__C4-M1.npy
pn2018,tr03-1181,tr03-1181,O1-M2,train,269100,/data/gen/tokens/pn2018/tr03-1181__O1-M2.npy
pn2018,tr03-1181,tr03-1181,O2-M1,train,269100,/data/gen/tokens/pn2018/tr03-1181__O2-M1.npy
pn2018,tr03-1183,tr03-1183,F3-M2,train,270300,/data/gen/tokens/pn2018/tr03-1183__F3-M2.npy
pn2018,tr03-1183,tr03-1183,F4-M1,train,270300,/data/gen/tokens/pn2018/tr03-1183__F4-M1.npy
pn2018,tr03-1183,tr03-1183,C3-M2,train,270300,/data/gen/tokens/pn2018/tr03-1183__C3-M2.npy
pn2018,tr03-1183,tr03-1183,C4-M1,train,270300,/data/gen/tokens/pn2018/tr03-1183__C4-M1.npy
pn2018,tr03-1183,tr03-1183,O1-M2,train,270300,/data/gen/tokens/pn2018/tr03-1183__O1-M2.npy
pn2018,tr03-1183,tr03-1183,O2-M1,train,270300,/data/gen/tokens/pn2018/tr03-1183__O2-M1.npy
pn2018,tr03-1226,tr03-1226,F3-M2,train,233700,/data/gen/tokens/pn2018/tr03-1226__F3-M2.npy
pn2018,tr03-1226,tr03-1226,F4-M1,train,233700,/data/gen/tokens/pn2018/tr03-1226__F4-M1.npy
pn2018,tr03-1226,tr03-1226,C3-M2,train,233700,/data/gen/tokens/pn2018/tr03-1226__C3-M2.npy
pn2018,tr03-1226,tr03-1226,C4-M1,train,233700,/data/gen/tokens/pn2018/tr03-1226__C4-M1.npy
pn2018,tr03-1226,tr03-1226,O1-M2,train,233700,/data/gen/tokens/pn2018/tr03-1226__O1-M2.npy
pn2018,tr03-1226,tr03-1226,O2-M1,train,233700,/data/gen/tokens/pn2018/tr03-1226__O2-M1.npy
pn2018,tr03-1185,tr03-1185,F3-M2,train,264600,/data/gen/tokens/pn2018/tr03-1185__F3-M2.npy
pn2018,tr03-1185,tr03-1185,F4-M1,train,264600,/data/gen/tokens/pn2018/tr03-1185__F4-M1.npy
pn2018,tr03-1185,tr03-1185,C3-M2,train,264600,/data/gen/tokens/pn2018/tr03-1185__C3-M2.npy
pn2018,tr03-1185,tr03-1185,C4-M1,train,264600,/data/gen/tokens/pn2018/tr03-1185__C4-M1.npy
pn2018,tr03-1185,tr03-1185,O1-M2,train,264600,/data/gen/tokens/pn2018/tr03-1185__O1-M2.npy
pn2018,tr03-1185,tr03-1185,O2-M1,train,264600,/data/gen/tokens/pn2018/tr03-1185__O2-M1.npy
pn2018,tr03-1197,tr03-1197,F3-M2,train,310200,/data/gen/tokens/pn2018/tr03-1197__F3-M2.npy
pn2018,tr03-1197,tr03-1197,F4-M1,train,310200,/data/gen/tokens/pn2018/tr03-1197__F4-M1.npy
pn2018,tr03-1197,tr03-1197,C3-M2,train,310200,/data/gen/tokens/pn2018/tr03-1197__C3-M2.npy
pn2018,tr03-1197,tr03-1197,C4-M1,train,310200,/data/gen/tokens/pn2018/tr03-1197__C4-M1.npy
pn2018,tr03-1197,tr03-1197,O1-M2,train,310200,/data/gen/tokens/pn2018/tr03-1197__O1-M2.npy
pn2018,tr03-1197,tr03-1197,O2-M1,train,310200,/data/gen/tokens/pn2018/tr03-1197__O2-M1.npy
pn2018,tr03-1231,tr03-1231,F3-M2,train,289200,/data/gen/tokens/pn2018/tr03-1231__F3-M2.npy
pn2018,tr03-1231,tr03-1231,F4-M1,train,289200,/data/gen/tokens/pn2018/tr03-1231__F4-M1.npy
pn2018,tr03-1231,tr03-1231,C3-M2,train,289200,/data/gen/tokens/pn2018/tr03-1231__C3-M2.npy
pn2018,tr03-1231,tr03-1231,C4-M1,train,289200,/data/gen/tokens/pn2018/tr03-1231__C4-M1.npy
pn2018,tr03-1231,tr03-1231,O1-M2,train,289200,/data/gen/tokens/pn2018/tr03-1231__O1-M2.npy
pn2018,tr03-1231,tr03-1231,O2-M1,train,289200,/data/gen/tokens/pn2018/tr03-1231__O2-M1.npy
pn2018,tr03-1292,tr03-1292,F3-M2,train,300300,/data/gen/tokens/pn2018/tr03-1292__F3-M2.npy
pn2018,tr03-1292,tr03-1292,F4-M1,train,300300,/data/gen/tokens/pn2018/tr03-1292__F4-M1.npy
pn2018,tr03-1292,tr03-1292,C3-M2,train,300300,/data/gen/tokens/pn2018/tr03-1292__C3-M2.npy
pn2018,tr03-1292,tr03-1292,C4-M1,train,300300,/data/gen/tokens/pn2018/tr03-1292__C4-M1.npy
pn2018,tr03-1292,tr03-1292,O1-M2,train,300300,/data/gen/tokens/pn2018/tr03-1292__O1-M2.npy
pn2018,tr03-1292,tr03-1292,O2-M1,train,300300,/data/gen/tokens/pn2018/tr03-1292__O2-M1.npy
pn2018,tr03-1294,tr03-1294,F3-M2,train,258900,/data/gen/tokens/pn2018/tr03-1294__F3-M2.npy
pn2018,tr03-1294,tr03-1294,F4-M1,train,258900,/data/gen/tokens/pn2018/tr03-1294__F4-M1.npy
pn2018,tr03-1294,tr03-1294,C3-M2,train,258900,/data/gen/tokens/pn2018/tr03-1294__C3-M2.npy
pn2018,tr03-1294,tr03-1294,C4-M1,train,258900,/data/gen/tokens/pn2018/tr03-1294__C4-M1.npy
pn2018,tr03-1294,tr03-1294,O1-M2,train,258900,/data/gen/tokens/pn2018/tr03-1294__O1-M2.npy
pn2018,tr03-1294,tr03-1294,O2-M1,train,258900,/data/gen/tokens/pn2018/tr03-1294__O2-M1.npy
pn2018,tr03-1302,tr03-1302,F3-M2,train,270900,/data/gen/tokens/pn2018/tr03-1302__F3-M2.npy
pn2018,tr03-1302,tr03-1302,F4-M1,train,270900,/data/gen/tokens/pn2018/tr03-1302__F4-M1.npy
pn2018,tr03-1302,tr03-1302,C3-M2,train,270900,/data/gen/tokens/pn2018/tr03-1302__C3-M2.npy
pn2018,tr03-1302,tr03-1302,C4-M1,train,270900,/data/gen/tokens/pn2018/tr03-1302__C4-M1.npy
pn2018,tr03-1302,tr03-1302,O1-M2,train,270900,/data/gen/tokens/pn2018/tr03-1302__O1-M2.npy
pn2018,tr03-1302,tr03-1302,O2-M1,train,270900,/data/gen/tokens/pn2018/tr03-1302__O2-M1.npy
pn2018,tr03-1333,tr03-1333,F3-M2,train,256500,/data/gen/tokens/pn2018/tr03-1333__F3-M2.npy
pn2018,tr03-1333,tr03-1333,F4-M1,train,256500,/data/gen/tokens/pn2018/tr03-1333__F4-M1.npy
pn2018,tr03-1333,tr03-1333,C3-M2,train,256500,/data/gen/tokens/pn2018/tr03-1333__C3-M2.npy
pn2018,tr03-1333,tr03-1333,C4-M1,train,256500,/data/gen/tokens/pn2018/tr03-1333__C4-M1.npy
pn2018,tr03-1333,tr03-1333,O1-M2,train,256500,/data/gen/tokens/pn2018/tr03-1333__O1-M2.npy
pn2018,tr03-1333,tr03-1333,O2-M1,train,256500,/data/gen/tokens/pn2018/tr03-1333__O2-M1.npy
pn2018,tr03-1319,tr03-1319,F3-M2,train,262200,/data/gen/tokens/pn2018/tr03-1319__F3-M2.npy
pn2018,tr03-1319,tr03-1319,F4-M1,train,262200,/data/gen/tokens/pn2018/tr03-1319__F4-M1.npy
pn2018,tr03-1319,tr03-1319,C3-M2,train,262200,/data/gen/tokens/pn2018/tr03-1319__C3-M2.npy
pn2018,tr03-1319,tr03-1319,C4-M1,train,262200,/data/gen/tokens/pn2018/tr03-1319__C4-M1.npy
pn2018,tr03-1319,tr03-1319,O1-M2,train,262200,/data/gen/tokens/pn2018/tr03-1319__O1-M2.npy
pn2018,tr03-1319,tr03-1319,O2-M1,train,262200,/data/gen/tokens/pn2018/tr03-1319__O2-M1.npy
pn2018,tr03-1346,tr03-1346,F3-M2,train,241800,/data/gen/tokens/pn2018/tr03-1346__F3-M2.npy
pn2018,tr03-1346,tr03-1346,F4-M1,train,241800,/data/gen/tokens/pn2018/tr03-1346__F4-M1.npy
pn2018,tr03-1346,tr03-1346,C3-M2,train,241800,/data/gen/tokens/pn2018/tr03-1346__C3-M2.npy
pn2018,tr03-1346,tr03-1346,C4-M1,train,241800,/data/gen/tokens/pn2018/tr03-1346__C4-M1.npy
pn2018,tr03-1346,tr03-1346,O1-M2,train,241800,/data/gen/tokens/pn2018/tr03-1346__O1-M2.npy
pn2018,tr03-1346,tr03-1346,O2-M1,train,241800,/data/gen/tokens/pn2018/tr03-1346__O2-M1.npy
pn2018,tr03-1362,tr03-1362,F3-M2,train,288600,/data/gen/tokens/pn2018/tr03-1362__F3-M2.npy
pn2018,tr03-1362,tr03-1362,F4-M1,train,288600,/data/gen/tokens/pn2018/tr03-1362__F4-M1.npy
pn2018,tr03-1362,tr03-1362,C3-M2,train,288600,/data/gen/tokens/pn2018/tr03-1362__C3-M2.npy
pn2018,tr03-1362,tr03-1362,C4-M1,train,288600,/data/gen/tokens/pn2018/tr03-1362__C4-M1.npy
pn2018,tr03-1362,tr03-1362,O1-M2,train,288600,/data/gen/tokens/pn2018/tr03-1362__O1-M2.npy
pn2018,tr03-1362,tr03-1362,O2-M1,train,288600,/data/gen/tokens/pn2018/tr03-1362__O2-M1.npy
pn2018,tr03-1367,tr03-1367,F3-M2,train,234000,/data/gen/tokens/pn2018/tr03-1367__F3-M2.npy
pn2018,tr03-1367,tr03-1367,F4-M1,train,234000,/data/gen/tokens/pn2018/tr03-1367__F4-M1.npy
pn2018,tr03-1367,tr03-1367,C3-M2,train,234000,/data/gen/tokens/pn2018/tr03-1367__C3-M2.npy
pn2018,tr03-1367,tr03-1367,C4-M1,train,234000,/data/gen/tokens/pn2018/tr03-1367__C4-M1.npy
pn2018,tr03-1367,tr03-1367,O1-M2,train,234000,/data/gen/tokens/pn2018/tr03-1367__O1-M2.npy
pn2018,tr03-1367,tr03-1367,O2-M1,train,234000,/data/gen/tokens/pn2018/tr03-1367__O2-M1.npy
pn2018,tr03-1371,tr03-1371,F3-M2,heldout,266400,/data/gen/tokens/pn2018/tr03-1371__F3-M2.npy
pn2018,tr03-1371,tr03-1371,F4-M1,heldout,266400,/data/gen/tokens/pn2018/tr03-1371__F4-M1.npy
pn2018,tr03-1371,tr03-1371,C3-M2,heldout,266400,/data/gen/tokens/pn2018/tr03-1371__C3-M2.npy
pn2018,tr03-1371,tr03-1371,C4-M1,heldout,266400,/data/gen/tokens/pn2018/tr03-1371__C4-M1.npy
pn2018,tr03-1371,tr03-1371,O1-M2,heldout,266400,/data/gen/tokens/pn2018/tr03-1371__O1-M2.npy
pn2018,tr03-1371,tr03-1371,O2-M1,heldout,266400,/data/gen/tokens/pn2018/tr03-1371__O2-M1.npy
pn2018,tr03-1397,tr03-1397,F3-M2,train,265200,/data/gen/tokens/pn2018/tr03-1397__F3-M2.npy
pn2018,tr03-1397,tr03-1397,F4-M1,train,265200,/data/gen/tokens/pn2018/tr03-1397__F4-M1.npy
pn2018,tr03-1397,tr03-1397,C3-M2,train,265200,/data/gen/tokens/pn2018/tr03-1397__C3-M2.npy
pn2018,tr03-1397,tr03-1397,C4-M1,train,265200,/data/gen/tokens/pn2018/tr03-1397__C4-M1.npy
pn2018,tr03-1397,tr03-1397,O1-M2,train,265200,/data/gen/tokens/pn2018/tr03-1397__O1-M2.npy
pn2018,tr03-1397,tr03-1397,O2-M1,train,265200,/data/gen/tokens/pn2018/tr03-1397__O2-M1.npy
pn2018,tr03-1374,tr03-1374,F3-M2,train,285000,/data/gen/tokens/pn2018/tr03-1374__F3-M2.npy
pn2018,tr03-1374,tr03-1374,F4-M1,train,285000,/data/gen/tokens/pn2018/tr03-1374__F4-M1.npy
pn2018,tr03-1374,tr03-1374,C3-M2,train,285000,/data/gen/tokens/pn2018/tr03-1374__C3-M2.npy
pn2018,tr03-1374,tr03-1374,C4-M1,train,285000,/data/gen/tokens/pn2018/tr03-1374__C4-M1.npy
pn2018,tr03-1374,tr03-1374,O1-M2,train,285000,/data/gen/tokens/pn2018/tr03-1374__O1-M2.npy
pn2018,tr03-1374,tr03-1374,O2-M1,train,285000,/data/gen/tokens/pn2018/tr03-1374__O2-M1.npy
pn2018,tr03-1387,tr03-1387,F3-M2,train,271500,/data/gen/tokens/pn2018/tr03-1387__F3-M2.npy
pn2018,tr03-1387,tr03-1387,F4-M1,train,271500,/data/gen/tokens/pn2018/tr03-1387__F4-M1.npy
pn2018,tr03-1387,tr03-1387,C3-M2,train,271500,/data/gen/tokens/pn2018/tr03-1387__C3-M2.npy
pn2018,tr03-1387,tr03-1387,C4-M1,train,271500,/data/gen/tokens/pn2018/tr03-1387__C4-M1.npy
pn2018,tr03-1387,tr03-1387,O1-M2,train,271500,/data/gen/tokens/pn2018/tr03-1387__O1-M2.npy
pn2018,tr03-1387,tr03-1387,O2-M1,train,271500,/data/gen/tokens/pn2018/tr03-1387__O2-M1.npy
pn2018,tr03-1373,tr03-1373,F3-M2,heldout,310500,/data/gen/tokens/pn2018/tr03-1373__F3-M2.npy
pn2018,tr03-1373,tr03-1373,F4-M1,heldout,310500,/data/gen/tokens/pn2018/tr03-1373__F4-M1.npy
pn2018,tr03-1373,tr03-1373,C3-M2,heldout,310500,/data/gen/tokens/pn2018/tr03-1373__C3-M2.npy
pn2018,tr03-1373,tr03-1373,C4-M1,heldout,310500,/data/gen/tokens/pn2018/tr03-1373__C4-M1.npy
pn2018,tr03-1373,tr03-1373,O1-M2,heldout,310500,/data/gen/tokens/pn2018/tr03-1373__O1-M2.npy
pn2018,tr03-1373,tr03-1373,O2-M1,heldout,310500,/data/gen/tokens/pn2018/tr03-1373__O2-M1.npy
pn2018,tr03-1389,tr03-1389,F3-M2,train,298200,/data/gen/tokens/pn2018/tr03-1389__F3-M2.npy
pn2018,tr03-1389,tr03-1389,F4-M1,train,298200,/data/gen/tokens/pn2018/tr03-1389__F4-M1.npy
pn2018,tr03-1389,tr03-1389,C3-M2,train,298200,/data/gen/tokens/pn2018/tr03-1389__C3-M2.npy
pn2018,tr03-1389,tr03-1389,C4-M1,train,298200,/data/gen/tokens/pn2018/tr03-1389__C4-M1.npy
pn2018,tr03-1389,tr03-1389,O1-M2,train,298200,/data/gen/tokens/pn2018/tr03-1389__O1-M2.npy
pn2018,tr03-1389,tr03-1389,O2-M1,train,298200,/data/gen/tokens/pn2018/tr03-1389__O2-M1.npy
pn2018,tr04-0008,tr04-0008,F3-M2,train,283200,/data/gen/tokens/pn2018/tr04-0008__F3-M2.npy
pn2018,tr04-0008,tr04-0008,F4-M1,train,283200,/data/gen/tokens/pn2018/tr04-0008__F4-M1.npy
pn2018,tr04-0008,tr04-0008,C3-M2,train,283200,/data/gen/tokens/pn2018/tr04-0008__C3-M2.npy
pn2018,tr04-0008,tr04-0008,C4-M1,train,283200,/data/gen/tokens/pn2018/tr04-0008__C4-M1.npy
pn2018,tr04-0008,tr04-0008,O1-M2,train,283200,/data/gen/tokens/pn2018/tr04-0008__O1-M2.npy
pn2018,tr04-0008,tr04-0008,O2-M1,train,283200,/data/gen/tokens/pn2018/tr04-0008__O2-M1.npy
pn2018,tr04-0014,tr04-0014,F3-M2,train,250800,/data/gen/tokens/pn2018/tr04-0014__F3-M2.npy
pn2018,tr04-0014,tr04-0014,F4-M1,train,250800,/data/gen/tokens/pn2018/tr04-0014__F4-M1.npy
pn2018,tr04-0014,tr04-0014,C3-M2,train,250800,/data/gen/tokens/pn2018/tr04-0014__C3-M2.npy
pn2018,tr04-0014,tr04-0014,C4-M1,train,250800,/data/gen/tokens/pn2018/tr04-0014__C4-M1.npy
pn2018,tr04-0014,tr04-0014,O1-M2,train,250800,/data/gen/tokens/pn2018/tr04-0014__O1-M2.npy
pn2018,tr04-0014,tr04-0014,O2-M1,train,250800,/data/gen/tokens/pn2018/tr04-0014__O2-M1.npy
pn2018,tr04-0015,tr04-0015,F3-M2,train,292500,/data/gen/tokens/pn2018/tr04-0015__F3-M2.npy
pn2018,tr04-0015,tr04-0015,F4-M1,train,292500,/data/gen/tokens/pn2018/tr04-0015__F4-M1.npy
pn2018,tr04-0015,tr04-0015,C3-M2,train,292500,/data/gen/tokens/pn2018/tr04-0015__C3-M2.npy
pn2018,tr04-0015,tr04-0015,C4-M1,train,292500,/data/gen/tokens/pn2018/tr04-0015__C4-M1.npy
pn2018,tr04-0015,tr04-0015,O1-M2,train,292500,/data/gen/tokens/pn2018/tr04-0015__O1-M2.npy
pn2018,tr04-0015,tr04-0015,O2-M1,train,292500,/data/gen/tokens/pn2018/tr04-0015__O2-M1.npy
pn2018,tr04-0029,tr04-0029,F3-M2,train,185100,/data/gen/tokens/pn2018/tr04-0029__F3-M2.npy
pn2018,tr04-0029,tr04-0029,F4-M1,train,185100,/data/gen/tokens/pn2018/tr04-0029__F4-M1.npy
pn2018,tr04-0029,tr04-0029,C3-M2,train,185100,/data/gen/tokens/pn2018/tr04-0029__C3-M2.npy
pn2018,tr04-0029,tr04-0029,C4-M1,train,185100,/data/gen/tokens/pn2018/tr04-0029__C4-M1.npy
pn2018,tr04-0029,tr04-0029,O1-M2,train,185100,/data/gen/tokens/pn2018/tr04-0029__O1-M2.npy
pn2018,tr04-0029,tr04-0029,O2-M1,train,185100,/data/gen/tokens/pn2018/tr04-0029__O2-M1.npy
pn2018,tr04-0020,tr04-0020,F3-M2,train,241200,/data/gen/tokens/pn2018/tr04-0020__F3-M2.npy
pn2018,tr04-0020,tr04-0020,F4-M1,train,241200,/data/gen/tokens/pn2018/tr04-0020__F4-M1.npy
pn2018,tr04-0020,tr04-0020,C3-M2,train,241200,/data/gen/tokens/pn2018/tr04-0020__C3-M2.npy
pn2018,tr04-0020,tr04-0020,C4-M1,train,241200,/data/gen/tokens/pn2018/tr04-0020__C4-M1.npy
pn2018,tr04-0020,tr04-0020,O1-M2,train,241200,/data/gen/tokens/pn2018/tr04-0020__O1-M2.npy
pn2018,tr04-0020,tr04-0020,O2-M1,train,241200,/data/gen/tokens/pn2018/tr04-0020__O2-M1.npy
pn2018,tr04-0039,tr04-0039,F3-M2,train,293400,/data/gen/tokens/pn2018/tr04-0039__F3-M2.npy
pn2018,tr04-0039,tr04-0039,F4-M1,train,293400,/data/gen/tokens/pn2018/tr04-0039__F4-M1.npy
pn2018,tr04-0039,tr04-0039,C3-M2,train,293400,/data/gen/tokens/pn2018/tr04-0039__C3-M2.npy
pn2018,tr04-0039,tr04-0039,C4-M1,train,293400,/data/gen/tokens/pn2018/tr04-0039__C4-M1.npy
pn2018,tr04-0039,tr04-0039,O1-M2,train,293400,/data/gen/tokens/pn2018/tr04-0039__O1-M2.npy
pn2018,tr04-0039,tr04-0039,O2-M1,train,293400,/data/gen/tokens/pn2018/tr04-0039__O2-M1.npy
pn2018,tr04-0030,tr04-0030,F3-M2,train,305400,/data/gen/tokens/pn2018/tr04-0030__F3-M2.npy
pn2018,tr04-0030,tr04-0030,F4-M1,train,305400,/data/gen/tokens/pn2018/tr04-0030__F4-M1.npy
pn2018,tr04-0030,tr04-0030,C3-M2,train,305400,/data/gen/tokens/pn2018/tr04-0030__C3-M2.npy
pn2018,tr04-0030,tr04-0030,C4-M1,train,305400,/data/gen/tokens/pn2018/tr04-0030__C4-M1.npy
pn2018,tr04-0030,tr04-0030,O1-M2,train,305400,/data/gen/tokens/pn2018/tr04-0030__O1-M2.npy
pn2018,tr04-0030,tr04-0030,O2-M1,train,305400,/data/gen/tokens/pn2018/tr04-0030__O2-M1.npy
pn2018,tr04-0079,tr04-0079,F3-M2,train,266100,/data/gen/tokens/pn2018/tr04-0079__F3-M2.npy
pn2018,tr04-0079,tr04-0079,F4-M1,train,266100,/data/gen/tokens/pn2018/tr04-0079__F4-M1.npy
pn2018,tr04-0079,tr04-0079,C3-M2,train,266100,/data/gen/tokens/pn2018/tr04-0079__C3-M2.npy
pn2018,tr04-0079,tr04-0079,C4-M1,train,266100,/data/gen/tokens/pn2018/tr04-0079__C4-M1.npy
pn2018,tr04-0079,tr04-0079,O1-M2,train,266100,/data/gen/tokens/pn2018/tr04-0079__O1-M2.npy
pn2018,tr04-0079,tr04-0079,O2-M1,train,266100,/data/gen/tokens/pn2018/tr04-0079__O2-M1.npy
pn2018,tr04-0075,tr04-0075,F3-M2,train,286800,/data/gen/tokens/pn2018/tr04-0075__F3-M2.npy
pn2018,tr04-0075,tr04-0075,F4-M1,train,286800,/data/gen/tokens/pn2018/tr04-0075__F4-M1.npy
pn2018,tr04-0075,tr04-0075,C3-M2,train,286800,/data/gen/tokens/pn2018/tr04-0075__C3-M2.npy
pn2018,tr04-0075,tr04-0075,C4-M1,train,286800,/data/gen/tokens/pn2018/tr04-0075__C4-M1.npy
pn2018,tr04-0075,tr04-0075,O1-M2,train,286800,/data/gen/tokens/pn2018/tr04-0075__O1-M2.npy
pn2018,tr04-0075,tr04-0075,O2-M1,train,286800,/data/gen/tokens/pn2018/tr04-0075__O2-M1.npy
pn2018,tr04-0117,tr04-0117,F3-M2,train,237300,/data/gen/tokens/pn2018/tr04-0117__F3-M2.npy
pn2018,tr04-0117,tr04-0117,F4-M1,train,237300,/data/gen/tokens/pn2018/tr04-0117__F4-M1.npy
pn2018,tr04-0117,tr04-0117,C3-M2,train,237300,/data/gen/tokens/pn2018/tr04-0117__C3-M2.npy
pn2018,tr04-0117,tr04-0117,C4-M1,train,237300,/data/gen/tokens/pn2018/tr04-0117__C4-M1.npy
pn2018,tr04-0117,tr04-0117,O1-M2,train,237300,/data/gen/tokens/pn2018/tr04-0117__O1-M2.npy
pn2018,tr04-0117,tr04-0117,O2-M1,train,237300,/data/gen/tokens/pn2018/tr04-0117__O2-M1.npy
pn2018,tr04-0041,tr04-0041,F3-M2,train,267300,/data/gen/tokens/pn2018/tr04-0041__F3-M2.npy
pn2018,tr04-0041,tr04-0041,F4-M1,train,267300,/data/gen/tokens/pn2018/tr04-0041__F4-M1.npy
pn2018,tr04-0041,tr04-0041,C3-M2,train,267300,/data/gen/tokens/pn2018/tr04-0041__C3-M2.npy
pn2018,tr04-0041,tr04-0041,C4-M1,train,267300,/data/gen/tokens/pn2018/tr04-0041__C4-M1.npy
pn2018,tr04-0041,tr04-0041,O1-M2,train,267300,/data/gen/tokens/pn2018/tr04-0041__O1-M2.npy
pn2018,tr04-0041,tr04-0041,O2-M1,train,267300,/data/gen/tokens/pn2018/tr04-0041__O2-M1.npy
pn2018,tr04-0120,tr04-0120,F3-M2,train,287100,/data/gen/tokens/pn2018/tr04-0120__F3-M2.npy
pn2018,tr04-0120,tr04-0120,F4-M1,train,287100,/data/gen/tokens/pn2018/tr04-0120__F4-M1.npy
pn2018,tr04-0120,tr04-0120,C3-M2,train,287100,/data/gen/tokens/pn2018/tr04-0120__C3-M2.npy
pn2018,tr04-0120,tr04-0120,C4-M1,train,287100,/data/gen/tokens/pn2018/tr04-0120__C4-M1.npy
pn2018,tr04-0120,tr04-0120,O1-M2,train,287100,/data/gen/tokens/pn2018/tr04-0120__O1-M2.npy
pn2018,tr04-0120,tr04-0120,O2-M1,train,287100,/data/gen/tokens/pn2018/tr04-0120__O2-M1.npy
pn2018,tr04-0121,tr04-0121,F3-M2,train,306900,/data/gen/tokens/pn2018/tr04-0121__F3-M2.npy
pn2018,tr04-0121,tr04-0121,F4-M1,train,306900,/data/gen/tokens/pn2018/tr04-0121__F4-M1.npy
pn2018,tr04-0121,tr04-0121,C3-M2,train,306900,/data/gen/tokens/pn2018/tr04-0121__C3-M2.npy
pn2018,tr04-0121,tr04-0121,C4-M1,train,306900,/data/gen/tokens/pn2018/tr04-0121__C4-M1.npy
pn2018,tr04-0121,tr04-0121,O1-M2,train,306900,/data/gen/tokens/pn2018/tr04-0121__O1-M2.npy
pn2018,tr04-0121,tr04-0121,O2-M1,train,306900,/data/gen/tokens/pn2018/tr04-0121__O2-M1.npy
pn2018,tr04-0133,tr04-0133,F3-M2,train,304200,/data/gen/tokens/pn2018/tr04-0133__F3-M2.npy
pn2018,tr04-0133,tr04-0133,F4-M1,train,304200,/data/gen/tokens/pn2018/tr04-0133__F4-M1.npy
pn2018,tr04-0133,tr04-0133,C3-M2,train,304200,/data/gen/tokens/pn2018/tr04-0133__C3-M2.npy
pn2018,tr04-0133,tr04-0133,C4-M1,train,304200,/data/gen/tokens/pn2018/tr04-0133__C4-M1.npy
pn2018,tr04-0133,tr04-0133,O1-M2,train,304200,/data/gen/tokens/pn2018/tr04-0133__O1-M2.npy
pn2018,tr04-0133,tr04-0133,O2-M1,train,304200,/data/gen/tokens/pn2018/tr04-0133__O2-M1.npy
pn2018,tr04-0144,tr04-0144,F3-M2,train,284100,/data/gen/tokens/pn2018/tr04-0144__F3-M2.npy
pn2018,tr04-0144,tr04-0144,F4-M1,train,284100,/data/gen/tokens/pn2018/tr04-0144__F4-M1.npy
pn2018,tr04-0144,tr04-0144,C3-M2,train,284100,/data/gen/tokens/pn2018/tr04-0144__C3-M2.npy
pn2018,tr04-0144,tr04-0144,C4-M1,train,284100,/data/gen/tokens/pn2018/tr04-0144__C4-M1.npy
pn2018,tr04-0144,tr04-0144,O1-M2,train,284100,/data/gen/tokens/pn2018/tr04-0144__O1-M2.npy
pn2018,tr04-0144,tr04-0144,O2-M1,train,284100,/data/gen/tokens/pn2018/tr04-0144__O2-M1.npy
pn2018,tr04-0196,tr04-0196,F3-M2,train,250200,/data/gen/tokens/pn2018/tr04-0196__F3-M2.npy
pn2018,tr04-0196,tr04-0196,F4-M1,train,250200,/data/gen/tokens/pn2018/tr04-0196__F4-M1.npy
pn2018,tr04-0196,tr04-0196,C3-M2,train,250200,/data/gen/tokens/pn2018/tr04-0196__C3-M2.npy
pn2018,tr04-0196,tr04-0196,C4-M1,train,250200,/data/gen/tokens/pn2018/tr04-0196__C4-M1.npy
pn2018,tr04-0196,tr04-0196,O1-M2,train,250200,/data/gen/tokens/pn2018/tr04-0196__O1-M2.npy
pn2018,tr04-0196,tr04-0196,O2-M1,train,250200,/data/gen/tokens/pn2018/tr04-0196__O2-M1.npy
pn2018,tr04-0187,tr04-0187,F3-M2,train,261600,/data/gen/tokens/pn2018/tr04-0187__F3-M2.npy
pn2018,tr04-0187,tr04-0187,F4-M1,train,261600,/data/gen/tokens/pn2018/tr04-0187__F4-M1.npy
pn2018,tr04-0187,tr04-0187,C3-M2,train,261600,/data/gen/tokens/pn2018/tr04-0187__C3-M2.npy
pn2018,tr04-0187,tr04-0187,C4-M1,train,261600,/data/gen/tokens/pn2018/tr04-0187__C4-M1.npy
pn2018,tr04-0187,tr04-0187,O1-M2,train,261600,/data/gen/tokens/pn2018/tr04-0187__O1-M2.npy
pn2018,tr04-0187,tr04-0187,O2-M1,train,261600,/data/gen/tokens/pn2018/tr04-0187__O2-M1.npy
pn2018,tr04-0208,tr04-0208,F3-M2,train,277800,/data/gen/tokens/pn2018/tr04-0208__F3-M2.npy
pn2018,tr04-0208,tr04-0208,F4-M1,train,277800,/data/gen/tokens/pn2018/tr04-0208__F4-M1.npy
pn2018,tr04-0208,tr04-0208,C3-M2,train,277800,/data/gen/tokens/pn2018/tr04-0208__C3-M2.npy
pn2018,tr04-0208,tr04-0208,C4-M1,train,277800,/data/gen/tokens/pn2018/tr04-0208__C4-M1.npy
pn2018,tr04-0208,tr04-0208,O1-M2,train,277800,/data/gen/tokens/pn2018/tr04-0208__O1-M2.npy
pn2018,tr04-0208,tr04-0208,O2-M1,train,277800,/data/gen/tokens/pn2018/tr04-0208__O2-M1.npy
pn2018,tr04-0209,tr04-0209,F3-M2,heldout,293700,/data/gen/tokens/pn2018/tr04-0209__F3-M2.npy
pn2018,tr04-0209,tr04-0209,F4-M1,heldout,293700,/data/gen/tokens/pn2018/tr04-0209__F4-M1.npy
pn2018,tr04-0209,tr04-0209,C3-M2,heldout,293700,/data/gen/tokens/pn2018/tr04-0209__C3-M2.npy
pn2018,tr04-0209,tr04-0209,C4-M1,heldout,293700,/data/gen/tokens/pn2018/tr04-0209__C4-M1.npy
pn2018,tr04-0209,tr04-0209,O1-M2,heldout,293700,/data/gen/tokens/pn2018/tr04-0209__O1-M2.npy
pn2018,tr04-0209,tr04-0209,O2-M1,heldout,293700,/data/gen/tokens/pn2018/tr04-0209__O2-M1.npy
pn2018,tr04-0214,tr04-0214,F3-M2,train,252600,/data/gen/tokens/pn2018/tr04-0214__F3-M2.npy
pn2018,tr04-0214,tr04-0214,F4-M1,train,252600,/data/gen/tokens/pn2018/tr04-0214__F4-M1.npy
pn2018,tr04-0214,tr04-0214,C3-M2,train,252600,/data/gen/tokens/pn2018/tr04-0214__C3-M2.npy
pn2018,tr04-0214,tr04-0214,C4-M1,train,252600,/data/gen/tokens/pn2018/tr04-0214__C4-M1.npy
pn2018,tr04-0214,tr04-0214,O1-M2,train,252600,/data/gen/tokens/pn2018/tr04-0214__O1-M2.npy
pn2018,tr04-0214,tr04-0214,O2-M1,train,252600,/data/gen/tokens/pn2018/tr04-0214__O2-M1.npy
pn2018,tr04-0210,tr04-0210,F3-M2,train,297600,/data/gen/tokens/pn2018/tr04-0210__F3-M2.npy
pn2018,tr04-0210,tr04-0210,F4-M1,train,297600,/data/gen/tokens/pn2018/tr04-0210__F4-M1.npy
pn2018,tr04-0210,tr04-0210,C3-M2,train,297600,/data/gen/tokens/pn2018/tr04-0210__C3-M2.npy
pn2018,tr04-0210,tr04-0210,C4-M1,train,297600,/data/gen/tokens/pn2018/tr04-0210__C4-M1.npy
pn2018,tr04-0210,tr04-0210,O1-M2,train,297600,/data/gen/tokens/pn2018/tr04-0210__O1-M2.npy
pn2018,tr04-0210,tr04-0210,O2-M1,train,297600,/data/gen/tokens/pn2018/tr04-0210__O2-M1.npy
pn2018,tr04-0216,tr04-0216,F3-M2,train,321000,/data/gen/tokens/pn2018/tr04-0216__F3-M2.npy
pn2018,tr04-0216,tr04-0216,F4-M1,train,321000,/data/gen/tokens/pn2018/tr04-0216__F4-M1.npy
pn2018,tr04-0216,tr04-0216,C3-M2,train,321000,/data/gen/tokens/pn2018/tr04-0216__C3-M2.npy
pn2018,tr04-0216,tr04-0216,C4-M1,train,321000,/data/gen/tokens/pn2018/tr04-0216__C4-M1.npy
pn2018,tr04-0216,tr04-0216,O1-M2,train,321000,/data/gen/tokens/pn2018/tr04-0216__O1-M2.npy
pn2018,tr04-0216,tr04-0216,O2-M1,train,321000,/data/gen/tokens/pn2018/tr04-0216__O2-M1.npy
pn2018,tr04-0223,tr04-0223,F3-M2,train,261300,/data/gen/tokens/pn2018/tr04-0223__F3-M2.npy
pn2018,tr04-0223,tr04-0223,F4-M1,train,261300,/data/gen/tokens/pn2018/tr04-0223__F4-M1.npy
pn2018,tr04-0223,tr04-0223,C3-M2,train,261300,/data/gen/tokens/pn2018/tr04-0223__C3-M2.npy
pn2018,tr04-0223,tr04-0223,C4-M1,train,261300,/data/gen/tokens/pn2018/tr04-0223__C4-M1.npy
pn2018,tr04-0223,tr04-0223,O1-M2,train,261300,/data/gen/tokens/pn2018/tr04-0223__O1-M2.npy
pn2018,tr04-0223,tr04-0223,O2-M1,train,261300,/data/gen/tokens/pn2018/tr04-0223__O2-M1.npy
pn2018,tr04-0231,tr04-0231,F3-M2,train,272100,/data/gen/tokens/pn2018/tr04-0231__F3-M2.npy
pn2018,tr04-0231,tr04-0231,F4-M1,train,272100,/data/gen/tokens/pn2018/tr04-0231__F4-M1.npy
pn2018,tr04-0231,tr04-0231,C3-M2,train,272100,/data/gen/tokens/pn2018/tr04-0231__C3-M2.npy
pn2018,tr04-0231,tr04-0231,C4-M1,train,272100,/data/gen/tokens/pn2018/tr04-0231__C4-M1.npy
pn2018,tr04-0231,tr04-0231,O1-M2,train,272100,/data/gen/tokens/pn2018/tr04-0231__O1-M2.npy
pn2018,tr04-0231,tr04-0231,O2-M1,train,272100,/data/gen/tokens/pn2018/tr04-0231__O2-M1.npy
pn2018,tr04-0227,tr04-0227,F3-M2,train,301200,/data/gen/tokens/pn2018/tr04-0227__F3-M2.npy
pn2018,tr04-0227,tr04-0227,F4-M1,train,301200,/data/gen/tokens/pn2018/tr04-0227__F4-M1.npy
pn2018,tr04-0227,tr04-0227,C3-M2,train,301200,/data/gen/tokens/pn2018/tr04-0227__C3-M2.npy
pn2018,tr04-0227,tr04-0227,C4-M1,train,301200,/data/gen/tokens/pn2018/tr04-0227__C4-M1.npy
pn2018,tr04-0227,tr04-0227,O1-M2,train,301200,/data/gen/tokens/pn2018/tr04-0227__O1-M2.npy
pn2018,tr04-0227,tr04-0227,O2-M1,train,301200,/data/gen/tokens/pn2018/tr04-0227__O2-M1.npy
pn2018,tr04-0247,tr04-0247,F3-M2,train,288300,/data/gen/tokens/pn2018/tr04-0247__F3-M2.npy
pn2018,tr04-0247,tr04-0247,F4-M1,train,288300,/data/gen/tokens/pn2018/tr04-0247__F4-M1.npy
pn2018,tr04-0247,tr04-0247,C3-M2,train,288300,/data/gen/tokens/pn2018/tr04-0247__C3-M2.npy
pn2018,tr04-0247,tr04-0247,C4-M1,train,288300,/data/gen/tokens/pn2018/tr04-0247__C4-M1.npy
pn2018,tr04-0247,tr04-0247,O1-M2,train,288300,/data/gen/tokens/pn2018/tr04-0247__O1-M2.npy
pn2018,tr04-0247,tr04-0247,O2-M1,train,288300,/data/gen/tokens/pn2018/tr04-0247__O2-M1.npy
pn2018,tr04-0239,tr04-0239,F3-M2,train,291900,/data/gen/tokens/pn2018/tr04-0239__F3-M2.npy
pn2018,tr04-0239,tr04-0239,F4-M1,train,291900,/data/gen/tokens/pn2018/tr04-0239__F4-M1.npy
pn2018,tr04-0239,tr04-0239,C3-M2,train,291900,/data/gen/tokens/pn2018/tr04-0239__C3-M2.npy
pn2018,tr04-0239,tr04-0239,C4-M1,train,291900,/data/gen/tokens/pn2018/tr04-0239__C4-M1.npy
pn2018,tr04-0239,tr04-0239,O1-M2,train,291900,/data/gen/tokens/pn2018/tr04-0239__O1-M2.npy
pn2018,tr04-0239,tr04-0239,O2-M1,train,291900,/data/gen/tokens/pn2018/tr04-0239__O2-M1.npy
pn2018,tr04-0261,tr04-0261,F3-M2,train,330300,/data/gen/tokens/pn2018/tr04-0261__F3-M2.npy
pn2018,tr04-0261,tr04-0261,F4-M1,train,330300,/data/gen/tokens/pn2018/tr04-0261__F4-M1.npy
pn2018,tr04-0261,tr04-0261,C3-M2,train,330300,/data/gen/tokens/pn2018/tr04-0261__C3-M2.npy
pn2018,tr04-0261,tr04-0261,C4-M1,train,330300,/data/gen/tokens/pn2018/tr04-0261__C4-M1.npy
pn2018,tr04-0261,tr04-0261,O1-M2,train,330300,/data/gen/tokens/pn2018/tr04-0261__O1-M2.npy
pn2018,tr04-0261,tr04-0261,O2-M1,train,330300,/data/gen/tokens/pn2018/tr04-0261__O2-M1.npy
pn2018,tr04-0265,tr04-0265,F3-M2,train,233700,/data/gen/tokens/pn2018/tr04-0265__F3-M2.npy
pn2018,tr04-0265,tr04-0265,F4-M1,train,233700,/data/gen/tokens/pn2018/tr04-0265__F4-M1.npy
pn2018,tr04-0265,tr04-0265,C3-M2,train,233700,/data/gen/tokens/pn2018/tr04-0265__C3-M2.npy
pn2018,tr04-0265,tr04-0265,C4-M1,train,233700,/data/gen/tokens/pn2018/tr04-0265__C4-M1.npy
pn2018,tr04-0265,tr04-0265,O1-M2,train,233700,/data/gen/tokens/pn2018/tr04-0265__O1-M2.npy
pn2018,tr04-0265,tr04-0265,O2-M1,train,233700,/data/gen/tokens/pn2018/tr04-0265__O2-M1.npy
pn2018,tr04-0255,tr04-0255,F3-M2,train,315000,/data/gen/tokens/pn2018/tr04-0255__F3-M2.npy
pn2018,tr04-0255,tr04-0255,F4-M1,train,315000,/data/gen/tokens/pn2018/tr04-0255__F4-M1.npy
pn2018,tr04-0255,tr04-0255,C3-M2,train,315000,/data/gen/tokens/pn2018/tr04-0255__C3-M2.npy
pn2018,tr04-0255,tr04-0255,C4-M1,train,315000,/data/gen/tokens/pn2018/tr04-0255__C4-M1.npy
pn2018,tr04-0255,tr04-0255,O1-M2,train,315000,/data/gen/tokens/pn2018/tr04-0255__O1-M2.npy
pn2018,tr04-0255,tr04-0255,O2-M1,train,315000,/data/gen/tokens/pn2018/tr04-0255__O2-M1.npy
pn2018,tr04-0275,tr04-0275,F3-M2,train,230400,/data/gen/tokens/pn2018/tr04-0275__F3-M2.npy
pn2018,tr04-0275,tr04-0275,F4-M1,train,230400,/data/gen/tokens/pn2018/tr04-0275__F4-M1.npy
pn2018,tr04-0275,tr04-0275,C3-M2,train,230400,/data/gen/tokens/pn2018/tr04-0275__C3-M2.npy
pn2018,tr04-0275,tr04-0275,C4-M1,train,230400,/data/gen/tokens/pn2018/tr04-0275__C4-M1.npy
pn2018,tr04-0275,tr04-0275,O1-M2,train,230400,/data/gen/tokens/pn2018/tr04-0275__O1-M2.npy
pn2018,tr04-0275,tr04-0275,O2-M1,train,230400,/data/gen/tokens/pn2018/tr04-0275__O2-M1.npy
pn2018,tr04-0332,tr04-0332,F3-M2,train,278100,/data/gen/tokens/pn2018/tr04-0332__F3-M2.npy
pn2018,tr04-0332,tr04-0332,F4-M1,train,278100,/data/gen/tokens/pn2018/tr04-0332__F4-M1.npy
pn2018,tr04-0332,tr04-0332,C3-M2,train,278100,/data/gen/tokens/pn2018/tr04-0332__C3-M2.npy
pn2018,tr04-0332,tr04-0332,C4-M1,train,278100,/data/gen/tokens/pn2018/tr04-0332__C4-M1.npy
pn2018,tr04-0332,tr04-0332,O1-M2,train,278100,/data/gen/tokens/pn2018/tr04-0332__O1-M2.npy
pn2018,tr04-0332,tr04-0332,O2-M1,train,278100,/data/gen/tokens/pn2018/tr04-0332__O2-M1.npy
pn2018,tr04-0269,tr04-0269,F3-M2,heldout,302400,/data/gen/tokens/pn2018/tr04-0269__F3-M2.npy
pn2018,tr04-0269,tr04-0269,F4-M1,heldout,302400,/data/gen/tokens/pn2018/tr04-0269__F4-M1.npy
pn2018,tr04-0269,tr04-0269,C3-M2,heldout,302400,/data/gen/tokens/pn2018/tr04-0269__C3-M2.npy
pn2018,tr04-0269,tr04-0269,C4-M1,heldout,302400,/data/gen/tokens/pn2018/tr04-0269__C4-M1.npy
pn2018,tr04-0269,tr04-0269,O1-M2,heldout,302400,/data/gen/tokens/pn2018/tr04-0269__O1-M2.npy
pn2018,tr04-0269,tr04-0269,O2-M1,heldout,302400,/data/gen/tokens/pn2018/tr04-0269__O2-M1.npy
pn2018,tr04-0287,tr04-0287,F3-M2,train,285000,/data/gen/tokens/pn2018/tr04-0287__F3-M2.npy
pn2018,tr04-0287,tr04-0287,F4-M1,train,285000,/data/gen/tokens/pn2018/tr04-0287__F4-M1.npy
pn2018,tr04-0287,tr04-0287,C3-M2,train,285000,/data/gen/tokens/pn2018/tr04-0287__C3-M2.npy
pn2018,tr04-0287,tr04-0287,C4-M1,train,285000,/data/gen/tokens/pn2018/tr04-0287__C4-M1.npy
pn2018,tr04-0287,tr04-0287,O1-M2,train,285000,/data/gen/tokens/pn2018/tr04-0287__O1-M2.npy
pn2018,tr04-0287,tr04-0287,O2-M1,train,285000,/data/gen/tokens/pn2018/tr04-0287__O2-M1.npy
pn2018,tr04-0279,tr04-0279,F3-M2,train,297900,/data/gen/tokens/pn2018/tr04-0279__F3-M2.npy
pn2018,tr04-0279,tr04-0279,F4-M1,train,297900,/data/gen/tokens/pn2018/tr04-0279__F4-M1.npy
pn2018,tr04-0279,tr04-0279,C3-M2,train,297900,/data/gen/tokens/pn2018/tr04-0279__C3-M2.npy
pn2018,tr04-0279,tr04-0279,C4-M1,train,297900,/data/gen/tokens/pn2018/tr04-0279__C4-M1.npy
pn2018,tr04-0279,tr04-0279,O1-M2,train,297900,/data/gen/tokens/pn2018/tr04-0279__O1-M2.npy
pn2018,tr04-0279,tr04-0279,O2-M1,train,297900,/data/gen/tokens/pn2018/tr04-0279__O2-M1.npy
pn2018,tr04-0358,tr04-0358,F3-M2,train,265200,/data/gen/tokens/pn2018/tr04-0358__F3-M2.npy
pn2018,tr04-0358,tr04-0358,F4-M1,train,265200,/data/gen/tokens/pn2018/tr04-0358__F4-M1.npy
pn2018,tr04-0358,tr04-0358,C3-M2,train,265200,/data/gen/tokens/pn2018/tr04-0358__C3-M2.npy
pn2018,tr04-0358,tr04-0358,C4-M1,train,265200,/data/gen/tokens/pn2018/tr04-0358__C4-M1.npy
pn2018,tr04-0358,tr04-0358,O1-M2,train,265200,/data/gen/tokens/pn2018/tr04-0358__O1-M2.npy
pn2018,tr04-0358,tr04-0358,O2-M1,train,265200,/data/gen/tokens/pn2018/tr04-0358__O2-M1.npy
pn2018,tr04-0342,tr04-0342,F3-M2,train,264000,/data/gen/tokens/pn2018/tr04-0342__F3-M2.npy
pn2018,tr04-0342,tr04-0342,F4-M1,train,264000,/data/gen/tokens/pn2018/tr04-0342__F4-M1.npy
pn2018,tr04-0342,tr04-0342,C3-M2,train,264000,/data/gen/tokens/pn2018/tr04-0342__C3-M2.npy
pn2018,tr04-0342,tr04-0342,C4-M1,train,264000,/data/gen/tokens/pn2018/tr04-0342__C4-M1.npy
pn2018,tr04-0342,tr04-0342,O1-M2,train,264000,/data/gen/tokens/pn2018/tr04-0342__O1-M2.npy
pn2018,tr04-0342,tr04-0342,O2-M1,train,264000,/data/gen/tokens/pn2018/tr04-0342__O2-M1.npy
pn2018,tr04-0362,tr04-0362,F3-M2,train,269100,/data/gen/tokens/pn2018/tr04-0362__F3-M2.npy
pn2018,tr04-0362,tr04-0362,F4-M1,train,269100,/data/gen/tokens/pn2018/tr04-0362__F4-M1.npy
pn2018,tr04-0362,tr04-0362,C3-M2,train,269100,/data/gen/tokens/pn2018/tr04-0362__C3-M2.npy
pn2018,tr04-0362,tr04-0362,C4-M1,train,269100,/data/gen/tokens/pn2018/tr04-0362__C4-M1.npy
pn2018,tr04-0362,tr04-0362,O1-M2,train,269100,/data/gen/tokens/pn2018/tr04-0362__O1-M2.npy
pn2018,tr04-0362,tr04-0362,O2-M1,train,269100,/data/gen/tokens/pn2018/tr04-0362__O2-M1.npy
pn2018,tr04-0374,tr04-0374,F3-M2,train,257100,/data/gen/tokens/pn2018/tr04-0374__F3-M2.npy
pn2018,tr04-0374,tr04-0374,F4-M1,train,257100,/data/gen/tokens/pn2018/tr04-0374__F4-M1.npy
pn2018,tr04-0374,tr04-0374,C3-M2,train,257100,/data/gen/tokens/pn2018/tr04-0374__C3-M2.npy
pn2018,tr04-0374,tr04-0374,C4-M1,train,257100,/data/gen/tokens/pn2018/tr04-0374__C4-M1.npy
pn2018,tr04-0374,tr04-0374,O1-M2,train,257100,/data/gen/tokens/pn2018/tr04-0374__O1-M2.npy
pn2018,tr04-0374,tr04-0374,O2-M1,train,257100,/data/gen/tokens/pn2018/tr04-0374__O2-M1.npy
pn2018,tr04-0393,tr04-0393,F3-M2,train,287400,/data/gen/tokens/pn2018/tr04-0393__F3-M2.npy
pn2018,tr04-0393,tr04-0393,F4-M1,train,287400,/data/gen/tokens/pn2018/tr04-0393__F4-M1.npy
pn2018,tr04-0393,tr04-0393,C3-M2,train,287400,/data/gen/tokens/pn2018/tr04-0393__C3-M2.npy
pn2018,tr04-0393,tr04-0393,C4-M1,train,287400,/data/gen/tokens/pn2018/tr04-0393__C4-M1.npy
pn2018,tr04-0393,tr04-0393,O1-M2,train,287400,/data/gen/tokens/pn2018/tr04-0393__O1-M2.npy
pn2018,tr04-0393,tr04-0393,O2-M1,train,287400,/data/gen/tokens/pn2018/tr04-0393__O2-M1.npy
pn2018,tr04-0400,tr04-0400,F3-M2,train,240900,/data/gen/tokens/pn2018/tr04-0400__F3-M2.npy
pn2018,tr04-0400,tr04-0400,F4-M1,train,240900,/data/gen/tokens/pn2018/tr04-0400__F4-M1.npy
pn2018,tr04-0400,tr04-0400,C3-M2,train,240900,/data/gen/tokens/pn2018/tr04-0400__C3-M2.npy
pn2018,tr04-0400,tr04-0400,C4-M1,train,240900,/data/gen/tokens/pn2018/tr04-0400__C4-M1.npy
pn2018,tr04-0400,tr04-0400,O1-M2,train,240900,/data/gen/tokens/pn2018/tr04-0400__O1-M2.npy
pn2018,tr04-0400,tr04-0400,O2-M1,train,240900,/data/gen/tokens/pn2018/tr04-0400__O2-M1.npy
pn2018,tr04-0417,tr04-0417,F3-M2,train,250800,/data/gen/tokens/pn2018/tr04-0417__F3-M2.npy
pn2018,tr04-0417,tr04-0417,F4-M1,train,250800,/data/gen/tokens/pn2018/tr04-0417__F4-M1.npy
pn2018,tr04-0417,tr04-0417,C3-M2,train,250800,/data/gen/tokens/pn2018/tr04-0417__C3-M2.npy
pn2018,tr04-0417,tr04-0417,C4-M1,train,250800,/data/gen/tokens/pn2018/tr04-0417__C4-M1.npy
pn2018,tr04-0417,tr04-0417,O1-M2,train,250800,/data/gen/tokens/pn2018/tr04-0417__O1-M2.npy
pn2018,tr04-0417,tr04-0417,O2-M1,train,250800,/data/gen/tokens/pn2018/tr04-0417__O2-M1.npy
pn2018,tr04-0404,tr04-0404,F3-M2,train,291900,/data/gen/tokens/pn2018/tr04-0404__F3-M2.npy
pn2018,tr04-0404,tr04-0404,F4-M1,train,291900,/data/gen/tokens/pn2018/tr04-0404__F4-M1.npy
pn2018,tr04-0404,tr04-0404,C3-M2,train,291900,/data/gen/tokens/pn2018/tr04-0404__C3-M2.npy
pn2018,tr04-0404,tr04-0404,C4-M1,train,291900,/data/gen/tokens/pn2018/tr04-0404__C4-M1.npy
pn2018,tr04-0404,tr04-0404,O1-M2,train,291900,/data/gen/tokens/pn2018/tr04-0404__O1-M2.npy
pn2018,tr04-0404,tr04-0404,O2-M1,train,291900,/data/gen/tokens/pn2018/tr04-0404__O2-M1.npy
pn2018,tr04-0402,tr04-0402,F3-M2,train,294300,/data/gen/tokens/pn2018/tr04-0402__F3-M2.npy
pn2018,tr04-0402,tr04-0402,F4-M1,train,294300,/data/gen/tokens/pn2018/tr04-0402__F4-M1.npy
pn2018,tr04-0402,tr04-0402,C3-M2,train,294300,/data/gen/tokens/pn2018/tr04-0402__C3-M2.npy
pn2018,tr04-0402,tr04-0402,C4-M1,train,294300,/data/gen/tokens/pn2018/tr04-0402__C4-M1.npy
pn2018,tr04-0402,tr04-0402,O1-M2,train,294300,/data/gen/tokens/pn2018/tr04-0402__O1-M2.npy
pn2018,tr04-0402,tr04-0402,O2-M1,train,294300,/data/gen/tokens/pn2018/tr04-0402__O2-M1.npy
pn2018,tr04-0425,tr04-0425,F3-M2,heldout,237000,/data/gen/tokens/pn2018/tr04-0425__F3-M2.npy
pn2018,tr04-0425,tr04-0425,F4-M1,heldout,237000,/data/gen/tokens/pn2018/tr04-0425__F4-M1.npy
pn2018,tr04-0425,tr04-0425,C3-M2,heldout,237000,/data/gen/tokens/pn2018/tr04-0425__C3-M2.npy
pn2018,tr04-0425,tr04-0425,C4-M1,heldout,237000,/data/gen/tokens/pn2018/tr04-0425__C4-M1.npy
pn2018,tr04-0425,tr04-0425,O1-M2,heldout,237000,/data/gen/tokens/pn2018/tr04-0425__O1-M2.npy
pn2018,tr04-0425,tr04-0425,O2-M1,heldout,237000,/data/gen/tokens/pn2018/tr04-0425__O2-M1.npy
pn2018,tr04-0468,tr04-0468,F3-M2,train,289500,/data/gen/tokens/pn2018/tr04-0468__F3-M2.npy
pn2018,tr04-0468,tr04-0468,F4-M1,train,289500,/data/gen/tokens/pn2018/tr04-0468__F4-M1.npy
pn2018,tr04-0468,tr04-0468,C3-M2,train,289500,/data/gen/tokens/pn2018/tr04-0468__C3-M2.npy
pn2018,tr04-0468,tr04-0468,C4-M1,train,289500,/data/gen/tokens/pn2018/tr04-0468__C4-M1.npy
pn2018,tr04-0468,tr04-0468,O1-M2,train,289500,/data/gen/tokens/pn2018/tr04-0468__O1-M2.npy
pn2018,tr04-0468,tr04-0468,O2-M1,train,289500,/data/gen/tokens/pn2018/tr04-0468__O2-M1.npy
pn2018,tr04-0471,tr04-0471,F3-M2,train,229500,/data/gen/tokens/pn2018/tr04-0471__F3-M2.npy
pn2018,tr04-0471,tr04-0471,F4-M1,train,229500,/data/gen/tokens/pn2018/tr04-0471__F4-M1.npy
pn2018,tr04-0471,tr04-0471,C3-M2,train,229500,/data/gen/tokens/pn2018/tr04-0471__C3-M2.npy
pn2018,tr04-0471,tr04-0471,C4-M1,train,229500,/data/gen/tokens/pn2018/tr04-0471__C4-M1.npy
pn2018,tr04-0471,tr04-0471,O1-M2,train,229500,/data/gen/tokens/pn2018/tr04-0471__O1-M2.npy
pn2018,tr04-0471,tr04-0471,O2-M1,train,229500,/data/gen/tokens/pn2018/tr04-0471__O2-M1.npy
pn2018,tr04-0474,tr04-0474,F3-M2,train,249300,/data/gen/tokens/pn2018/tr04-0474__F3-M2.npy
pn2018,tr04-0474,tr04-0474,F4-M1,train,249300,/data/gen/tokens/pn2018/tr04-0474__F4-M1.npy
pn2018,tr04-0474,tr04-0474,C3-M2,train,249300,/data/gen/tokens/pn2018/tr04-0474__C3-M2.npy
pn2018,tr04-0474,tr04-0474,C4-M1,train,249300,/data/gen/tokens/pn2018/tr04-0474__C4-M1.npy
pn2018,tr04-0474,tr04-0474,O1-M2,train,249300,/data/gen/tokens/pn2018/tr04-0474__O1-M2.npy
pn2018,tr04-0474,tr04-0474,O2-M1,train,249300,/data/gen/tokens/pn2018/tr04-0474__O2-M1.npy
pn2018,tr04-0551,tr04-0551,F3-M2,heldout,272400,/data/gen/tokens/pn2018/tr04-0551__F3-M2.npy
pn2018,tr04-0551,tr04-0551,F4-M1,heldout,272400,/data/gen/tokens/pn2018/tr04-0551__F4-M1.npy
pn2018,tr04-0551,tr04-0551,C3-M2,heldout,272400,/data/gen/tokens/pn2018/tr04-0551__C3-M2.npy
pn2018,tr04-0551,tr04-0551,C4-M1,heldout,272400,/data/gen/tokens/pn2018/tr04-0551__C4-M1.npy
pn2018,tr04-0551,tr04-0551,O1-M2,heldout,272400,/data/gen/tokens/pn2018/tr04-0551__O1-M2.npy
pn2018,tr04-0551,tr04-0551,O2-M1,heldout,272400,/data/gen/tokens/pn2018/tr04-0551__O2-M1.npy
pn2018,tr04-0503,tr04-0503,F3-M2,train,271500,/data/gen/tokens/pn2018/tr04-0503__F3-M2.npy
pn2018,tr04-0503,tr04-0503,F4-M1,train,271500,/data/gen/tokens/pn2018/tr04-0503__F4-M1.npy
pn2018,tr04-0503,tr04-0503,C3-M2,train,271500,/data/gen/tokens/pn2018/tr04-0503__C3-M2.npy
pn2018,tr04-0503,tr04-0503,C4-M1,train,271500,/data/gen/tokens/pn2018/tr04-0503__C4-M1.npy
pn2018,tr04-0503,tr04-0503,O1-M2,train,271500,/data/gen/tokens/pn2018/tr04-0503__O1-M2.npy
pn2018,tr04-0503,tr04-0503,O2-M1,train,271500,/data/gen/tokens/pn2018/tr04-0503__O2-M1.npy
pn2018,tr04-0568,tr04-0568,F3-M2,train,298500,/data/gen/tokens/pn2018/tr04-0568__F3-M2.npy
pn2018,tr04-0568,tr04-0568,F4-M1,train,298500,/data/gen/tokens/pn2018/tr04-0568__F4-M1.npy
pn2018,tr04-0568,tr04-0568,C3-M2,train,298500,/data/gen/tokens/pn2018/tr04-0568__C3-M2.npy
pn2018,tr04-0568,tr04-0568,C4-M1,train,298500,/data/gen/tokens/pn2018/tr04-0568__C4-M1.npy
pn2018,tr04-0568,tr04-0568,O1-M2,train,298500,/data/gen/tokens/pn2018/tr04-0568__O1-M2.npy
pn2018,tr04-0568,tr04-0568,O2-M1,train,298500,/data/gen/tokens/pn2018/tr04-0568__O2-M1.npy
pn2018,tr04-0569,tr04-0569,F3-M2,heldout,310500,/data/gen/tokens/pn2018/tr04-0569__F3-M2.npy
pn2018,tr04-0569,tr04-0569,F4-M1,heldout,310500,/data/gen/tokens/pn2018/tr04-0569__F4-M1.npy
pn2018,tr04-0569,tr04-0569,C3-M2,heldout,310500,/data/gen/tokens/pn2018/tr04-0569__C3-M2.npy
pn2018,tr04-0569,tr04-0569,C4-M1,heldout,310500,/data/gen/tokens/pn2018/tr04-0569__C4-M1.npy
pn2018,tr04-0569,tr04-0569,O1-M2,heldout,310500,/data/gen/tokens/pn2018/tr04-0569__O1-M2.npy
pn2018,tr04-0569,tr04-0569,O2-M1,heldout,310500,/data/gen/tokens/pn2018/tr04-0569__O2-M1.npy
pn2018,tr04-0536,tr04-0536,F3-M2,heldout,310500,/data/gen/tokens/pn2018/tr04-0536__F3-M2.npy
pn2018,tr04-0536,tr04-0536,F4-M1,heldout,310500,/data/gen/tokens/pn2018/tr04-0536__F4-M1.npy
pn2018,tr04-0536,tr04-0536,C3-M2,heldout,310500,/data/gen/tokens/pn2018/tr04-0536__C3-M2.npy
pn2018,tr04-0536,tr04-0536,C4-M1,heldout,310500,/data/gen/tokens/pn2018/tr04-0536__C4-M1.npy
pn2018,tr04-0536,tr04-0536,O1-M2,heldout,310500,/data/gen/tokens/pn2018/tr04-0536__O1-M2.npy
pn2018,tr04-0536,tr04-0536,O2-M1,heldout,310500,/data/gen/tokens/pn2018/tr04-0536__O2-M1.npy
pn2018,tr04-0570,tr04-0570,F3-M2,train,310200,/data/gen/tokens/pn2018/tr04-0570__F3-M2.npy
pn2018,tr04-0570,tr04-0570,F4-M1,train,310200,/data/gen/tokens/pn2018/tr04-0570__F4-M1.npy
pn2018,tr04-0570,tr04-0570,C3-M2,train,310200,/data/gen/tokens/pn2018/tr04-0570__C3-M2.npy
pn2018,tr04-0570,tr04-0570,C4-M1,train,310200,/data/gen/tokens/pn2018/tr04-0570__C4-M1.npy
pn2018,tr04-0570,tr04-0570,O1-M2,train,310200,/data/gen/tokens/pn2018/tr04-0570__O1-M2.npy
pn2018,tr04-0570,tr04-0570,O2-M1,train,310200,/data/gen/tokens/pn2018/tr04-0570__O2-M1.npy
pn2018,tr04-0587,tr04-0587,F3-M2,train,242100,/data/gen/tokens/pn2018/tr04-0587__F3-M2.npy
pn2018,tr04-0587,tr04-0587,F4-M1,train,242100,/data/gen/tokens/pn2018/tr04-0587__F4-M1.npy
pn2018,tr04-0587,tr04-0587,C3-M2,train,242100,/data/gen/tokens/pn2018/tr04-0587__C3-M2.npy
pn2018,tr04-0587,tr04-0587,C4-M1,train,242100,/data/gen/tokens/pn2018/tr04-0587__C4-M1.npy
pn2018,tr04-0587,tr04-0587,O1-M2,train,242100,/data/gen/tokens/pn2018/tr04-0587__O1-M2.npy
pn2018,tr04-0587,tr04-0587,O2-M1,train,242100,/data/gen/tokens/pn2018/tr04-0587__O2-M1.npy
pn2018,tr04-0583,tr04-0583,F3-M2,train,245400,/data/gen/tokens/pn2018/tr04-0583__F3-M2.npy
pn2018,tr04-0583,tr04-0583,F4-M1,train,245400,/data/gen/tokens/pn2018/tr04-0583__F4-M1.npy
pn2018,tr04-0583,tr04-0583,C3-M2,train,245400,/data/gen/tokens/pn2018/tr04-0583__C3-M2.npy
pn2018,tr04-0583,tr04-0583,C4-M1,train,245400,/data/gen/tokens/pn2018/tr04-0583__C4-M1.npy
pn2018,tr04-0583,tr04-0583,O1-M2,train,245400,/data/gen/tokens/pn2018/tr04-0583__O1-M2.npy
pn2018,tr04-0583,tr04-0583,O2-M1,train,245400,/data/gen/tokens/pn2018/tr04-0583__O2-M1.npy
pn2018,tr04-0611,tr04-0611,F3-M2,train,303000,/data/gen/tokens/pn2018/tr04-0611__F3-M2.npy
pn2018,tr04-0611,tr04-0611,F4-M1,train,303000,/data/gen/tokens/pn2018/tr04-0611__F4-M1.npy
pn2018,tr04-0611,tr04-0611,C3-M2,train,303000,/data/gen/tokens/pn2018/tr04-0611__C3-M2.npy
pn2018,tr04-0611,tr04-0611,C4-M1,train,303000,/data/gen/tokens/pn2018/tr04-0611__C4-M1.npy
pn2018,tr04-0611,tr04-0611,O1-M2,train,303000,/data/gen/tokens/pn2018/tr04-0611__O1-M2.npy
pn2018,tr04-0611,tr04-0611,O2-M1,train,303000,/data/gen/tokens/pn2018/tr04-0611__O2-M1.npy
pn2018,tr04-0603,tr04-0603,F3-M2,train,264900,/data/gen/tokens/pn2018/tr04-0603__F3-M2.npy
pn2018,tr04-0603,tr04-0603,F4-M1,train,264900,/data/gen/tokens/pn2018/tr04-0603__F4-M1.npy
pn2018,tr04-0603,tr04-0603,C3-M2,train,264900,/data/gen/tokens/pn2018/tr04-0603__C3-M2.npy
pn2018,tr04-0603,tr04-0603,C4-M1,train,264900,/data/gen/tokens/pn2018/tr04-0603__C4-M1.npy
pn2018,tr04-0603,tr04-0603,O1-M2,train,264900,/data/gen/tokens/pn2018/tr04-0603__O1-M2.npy
pn2018,tr04-0603,tr04-0603,O2-M1,train,264900,/data/gen/tokens/pn2018/tr04-0603__O2-M1.npy
pn2018,tr04-0579,tr04-0579,F3-M2,heldout,303000,/data/gen/tokens/pn2018/tr04-0579__F3-M2.npy
pn2018,tr04-0579,tr04-0579,F4-M1,heldout,303000,/data/gen/tokens/pn2018/tr04-0579__F4-M1.npy
pn2018,tr04-0579,tr04-0579,C3-M2,heldout,303000,/data/gen/tokens/pn2018/tr04-0579__C3-M2.npy
pn2018,tr04-0579,tr04-0579,C4-M1,heldout,303000,/data/gen/tokens/pn2018/tr04-0579__C4-M1.npy
pn2018,tr04-0579,tr04-0579,O1-M2,heldout,303000,/data/gen/tokens/pn2018/tr04-0579__O1-M2.npy
pn2018,tr04-0579,tr04-0579,O2-M1,heldout,303000,/data/gen/tokens/pn2018/tr04-0579__O2-M1.npy
pn2018,tr04-0613,tr04-0613,F3-M2,train,279300,/data/gen/tokens/pn2018/tr04-0613__F3-M2.npy
pn2018,tr04-0613,tr04-0613,F4-M1,train,279300,/data/gen/tokens/pn2018/tr04-0613__F4-M1.npy
pn2018,tr04-0613,tr04-0613,C3-M2,train,279300,/data/gen/tokens/pn2018/tr04-0613__C3-M2.npy
pn2018,tr04-0613,tr04-0613,C4-M1,train,279300,/data/gen/tokens/pn2018/tr04-0613__C4-M1.npy
pn2018,tr04-0613,tr04-0613,O1-M2,train,279300,/data/gen/tokens/pn2018/tr04-0613__O1-M2.npy
pn2018,tr04-0613,tr04-0613,O2-M1,train,279300,/data/gen/tokens/pn2018/tr04-0613__O2-M1.npy
pn2018,tr04-0631,tr04-0631,F3-M2,train,268200,/data/gen/tokens/pn2018/tr04-0631__F3-M2.npy
pn2018,tr04-0631,tr04-0631,F4-M1,train,268200,/data/gen/tokens/pn2018/tr04-0631__F4-M1.npy
pn2018,tr04-0631,tr04-0631,C3-M2,train,268200,/data/gen/tokens/pn2018/tr04-0631__C3-M2.npy
pn2018,tr04-0631,tr04-0631,C4-M1,train,268200,/data/gen/tokens/pn2018/tr04-0631__C4-M1.npy
pn2018,tr04-0631,tr04-0631,O1-M2,train,268200,/data/gen/tokens/pn2018/tr04-0631__O1-M2.npy
pn2018,tr04-0631,tr04-0631,O2-M1,train,268200,/data/gen/tokens/pn2018/tr04-0631__O2-M1.npy
pn2018,tr04-0658,tr04-0658,F3-M2,train,276000,/data/gen/tokens/pn2018/tr04-0658__F3-M2.npy
pn2018,tr04-0658,tr04-0658,F4-M1,train,276000,/data/gen/tokens/pn2018/tr04-0658__F4-M1.npy
pn2018,tr04-0658,tr04-0658,C3-M2,train,276000,/data/gen/tokens/pn2018/tr04-0658__C3-M2.npy
pn2018,tr04-0658,tr04-0658,C4-M1,train,276000,/data/gen/tokens/pn2018/tr04-0658__C4-M1.npy
pn2018,tr04-0658,tr04-0658,O1-M2,train,276000,/data/gen/tokens/pn2018/tr04-0658__O1-M2.npy
pn2018,tr04-0658,tr04-0658,O2-M1,train,276000,/data/gen/tokens/pn2018/tr04-0658__O2-M1.npy
pn2018,tr04-0671,tr04-0671,F3-M2,train,243900,/data/gen/tokens/pn2018/tr04-0671__F3-M2.npy
pn2018,tr04-0671,tr04-0671,F4-M1,train,243900,/data/gen/tokens/pn2018/tr04-0671__F4-M1.npy
pn2018,tr04-0671,tr04-0671,C3-M2,train,243900,/data/gen/tokens/pn2018/tr04-0671__C3-M2.npy
pn2018,tr04-0671,tr04-0671,C4-M1,train,243900,/data/gen/tokens/pn2018/tr04-0671__C4-M1.npy
pn2018,tr04-0671,tr04-0671,O1-M2,train,243900,/data/gen/tokens/pn2018/tr04-0671__O1-M2.npy
pn2018,tr04-0671,tr04-0671,O2-M1,train,243900,/data/gen/tokens/pn2018/tr04-0671__O2-M1.npy
pn2018,tr04-0679,tr04-0679,F3-M2,train,250200,/data/gen/tokens/pn2018/tr04-0679__F3-M2.npy
pn2018,tr04-0679,tr04-0679,F4-M1,train,250200,/data/gen/tokens/pn2018/tr04-0679__F4-M1.npy
pn2018,tr04-0679,tr04-0679,C3-M2,train,250200,/data/gen/tokens/pn2018/tr04-0679__C3-M2.npy
pn2018,tr04-0679,tr04-0679,C4-M1,train,250200,/data/gen/tokens/pn2018/tr04-0679__C4-M1.npy
pn2018,tr04-0679,tr04-0679,O1-M2,train,250200,/data/gen/tokens/pn2018/tr04-0679__O1-M2.npy
pn2018,tr04-0679,tr04-0679,O2-M1,train,250200,/data/gen/tokens/pn2018/tr04-0679__O2-M1.npy
pn2018,tr04-0675,tr04-0675,F3-M2,train,255300,/data/gen/tokens/pn2018/tr04-0675__F3-M2.npy
pn2018,tr04-0675,tr04-0675,F4-M1,train,255300,/data/gen/tokens/pn2018/tr04-0675__F4-M1.npy
pn2018,tr04-0675,tr04-0675,C3-M2,train,255300,/data/gen/tokens/pn2018/tr04-0675__C3-M2.npy
pn2018,tr04-0675,tr04-0675,C4-M1,train,255300,/data/gen/tokens/pn2018/tr04-0675__C4-M1.npy
pn2018,tr04-0675,tr04-0675,O1-M2,train,255300,/data/gen/tokens/pn2018/tr04-0675__O1-M2.npy
pn2018,tr04-0675,tr04-0675,O2-M1,train,255300,/data/gen/tokens/pn2018/tr04-0675__O2-M1.npy
pn2018,tr04-0653,tr04-0653,F3-M2,train,294900,/data/gen/tokens/pn2018/tr04-0653__F3-M2.npy
pn2018,tr04-0653,tr04-0653,F4-M1,train,294900,/data/gen/tokens/pn2018/tr04-0653__F4-M1.npy
pn2018,tr04-0653,tr04-0653,C3-M2,train,294900,/data/gen/tokens/pn2018/tr04-0653__C3-M2.npy
pn2018,tr04-0653,tr04-0653,C4-M1,train,294900,/data/gen/tokens/pn2018/tr04-0653__C4-M1.npy
pn2018,tr04-0653,tr04-0653,O1-M2,train,294900,/data/gen/tokens/pn2018/tr04-0653__O1-M2.npy
pn2018,tr04-0653,tr04-0653,O2-M1,train,294900,/data/gen/tokens/pn2018/tr04-0653__O2-M1.npy
pn2018,tr04-0649,tr04-0649,F3-M2,heldout,303900,/data/gen/tokens/pn2018/tr04-0649__F3-M2.npy
pn2018,tr04-0649,tr04-0649,F4-M1,heldout,303900,/data/gen/tokens/pn2018/tr04-0649__F4-M1.npy
pn2018,tr04-0649,tr04-0649,C3-M2,heldout,303900,/data/gen/tokens/pn2018/tr04-0649__C3-M2.npy
pn2018,tr04-0649,tr04-0649,C4-M1,heldout,303900,/data/gen/tokens/pn2018/tr04-0649__C4-M1.npy
pn2018,tr04-0649,tr04-0649,O1-M2,heldout,303900,/data/gen/tokens/pn2018/tr04-0649__O1-M2.npy
pn2018,tr04-0649,tr04-0649,O2-M1,heldout,303900,/data/gen/tokens/pn2018/tr04-0649__O2-M1.npy
pn2018,tr04-0695,tr04-0695,F3-M2,train,261300,/data/gen/tokens/pn2018/tr04-0695__F3-M2.npy
pn2018,tr04-0695,tr04-0695,F4-M1,train,261300,/data/gen/tokens/pn2018/tr04-0695__F4-M1.npy
pn2018,tr04-0695,tr04-0695,C3-M2,train,261300,/data/gen/tokens/pn2018/tr04-0695__C3-M2.npy
pn2018,tr04-0695,tr04-0695,C4-M1,train,261300,/data/gen/tokens/pn2018/tr04-0695__C4-M1.npy
pn2018,tr04-0695,tr04-0695,O1-M2,train,261300,/data/gen/tokens/pn2018/tr04-0695__O1-M2.npy
pn2018,tr04-0695,tr04-0695,O2-M1,train,261300,/data/gen/tokens/pn2018/tr04-0695__O2-M1.npy
pn2018,tr04-0699,tr04-0699,F3-M2,train,293700,/data/gen/tokens/pn2018/tr04-0699__F3-M2.npy
pn2018,tr04-0699,tr04-0699,F4-M1,train,293700,/data/gen/tokens/pn2018/tr04-0699__F4-M1.npy
pn2018,tr04-0699,tr04-0699,C3-M2,train,293700,/data/gen/tokens/pn2018/tr04-0699__C3-M2.npy
pn2018,tr04-0699,tr04-0699,C4-M1,train,293700,/data/gen/tokens/pn2018/tr04-0699__C4-M1.npy
pn2018,tr04-0699,tr04-0699,O1-M2,train,293700,/data/gen/tokens/pn2018/tr04-0699__O1-M2.npy
pn2018,tr04-0699,tr04-0699,O2-M1,train,293700,/data/gen/tokens/pn2018/tr04-0699__O2-M1.npy
pn2018,tr04-0702,tr04-0702,F3-M2,train,279600,/data/gen/tokens/pn2018/tr04-0702__F3-M2.npy
pn2018,tr04-0702,tr04-0702,F4-M1,train,279600,/data/gen/tokens/pn2018/tr04-0702__F4-M1.npy
pn2018,tr04-0702,tr04-0702,C3-M2,train,279600,/data/gen/tokens/pn2018/tr04-0702__C3-M2.npy
pn2018,tr04-0702,tr04-0702,C4-M1,train,279600,/data/gen/tokens/pn2018/tr04-0702__C4-M1.npy
pn2018,tr04-0702,tr04-0702,O1-M2,train,279600,/data/gen/tokens/pn2018/tr04-0702__O1-M2.npy
pn2018,tr04-0702,tr04-0702,O2-M1,train,279600,/data/gen/tokens/pn2018/tr04-0702__O2-M1.npy
pn2018,tr04-0710,tr04-0710,F3-M2,train,255300,/data/gen/tokens/pn2018/tr04-0710__F3-M2.npy
pn2018,tr04-0710,tr04-0710,F4-M1,train,255300,/data/gen/tokens/pn2018/tr04-0710__F4-M1.npy
pn2018,tr04-0710,tr04-0710,C3-M2,train,255300,/data/gen/tokens/pn2018/tr04-0710__C3-M2.npy
pn2018,tr04-0710,tr04-0710,C4-M1,train,255300,/data/gen/tokens/pn2018/tr04-0710__C4-M1.npy
pn2018,tr04-0710,tr04-0710,O1-M2,train,255300,/data/gen/tokens/pn2018/tr04-0710__O1-M2.npy
pn2018,tr04-0710,tr04-0710,O2-M1,train,255300,/data/gen/tokens/pn2018/tr04-0710__O2-M1.npy
pn2018,tr04-0703,tr04-0703,F3-M2,train,290700,/data/gen/tokens/pn2018/tr04-0703__F3-M2.npy
pn2018,tr04-0703,tr04-0703,F4-M1,train,290700,/data/gen/tokens/pn2018/tr04-0703__F4-M1.npy
pn2018,tr04-0703,tr04-0703,C3-M2,train,290700,/data/gen/tokens/pn2018/tr04-0703__C3-M2.npy
pn2018,tr04-0703,tr04-0703,C4-M1,train,290700,/data/gen/tokens/pn2018/tr04-0703__C4-M1.npy
pn2018,tr04-0703,tr04-0703,O1-M2,train,290700,/data/gen/tokens/pn2018/tr04-0703__O1-M2.npy
pn2018,tr04-0703,tr04-0703,O2-M1,train,290700,/data/gen/tokens/pn2018/tr04-0703__O2-M1.npy
pn2018,tr04-0741,tr04-0741,F3-M2,train,261000,/data/gen/tokens/pn2018/tr04-0741__F3-M2.npy
pn2018,tr04-0741,tr04-0741,F4-M1,train,261000,/data/gen/tokens/pn2018/tr04-0741__F4-M1.npy
pn2018,tr04-0741,tr04-0741,C3-M2,train,261000,/data/gen/tokens/pn2018/tr04-0741__C3-M2.npy
pn2018,tr04-0741,tr04-0741,C4-M1,train,261000,/data/gen/tokens/pn2018/tr04-0741__C4-M1.npy
pn2018,tr04-0741,tr04-0741,O1-M2,train,261000,/data/gen/tokens/pn2018/tr04-0741__O1-M2.npy
pn2018,tr04-0741,tr04-0741,O2-M1,train,261000,/data/gen/tokens/pn2018/tr04-0741__O2-M1.npy
pn2018,tr04-0746,tr04-0746,F3-M2,train,299400,/data/gen/tokens/pn2018/tr04-0746__F3-M2.npy
pn2018,tr04-0746,tr04-0746,F4-M1,train,299400,/data/gen/tokens/pn2018/tr04-0746__F4-M1.npy
pn2018,tr04-0746,tr04-0746,C3-M2,train,299400,/data/gen/tokens/pn2018/tr04-0746__C3-M2.npy
pn2018,tr04-0746,tr04-0746,C4-M1,train,299400,/data/gen/tokens/pn2018/tr04-0746__C4-M1.npy
pn2018,tr04-0746,tr04-0746,O1-M2,train,299400,/data/gen/tokens/pn2018/tr04-0746__O1-M2.npy
pn2018,tr04-0746,tr04-0746,O2-M1,train,299400,/data/gen/tokens/pn2018/tr04-0746__O2-M1.npy
pn2018,tr04-0726,tr04-0726,F3-M2,train,305400,/data/gen/tokens/pn2018/tr04-0726__F3-M2.npy
pn2018,tr04-0726,tr04-0726,F4-M1,train,305400,/data/gen/tokens/pn2018/tr04-0726__F4-M1.npy
pn2018,tr04-0726,tr04-0726,C3-M2,train,305400,/data/gen/tokens/pn2018/tr04-0726__C3-M2.npy
pn2018,tr04-0726,tr04-0726,C4-M1,train,305400,/data/gen/tokens/pn2018/tr04-0726__C4-M1.npy
pn2018,tr04-0726,tr04-0726,O1-M2,train,305400,/data/gen/tokens/pn2018/tr04-0726__O1-M2.npy
pn2018,tr04-0726,tr04-0726,O2-M1,train,305400,/data/gen/tokens/pn2018/tr04-0726__O2-M1.npy
pn2018,tr04-0762,tr04-0762,F3-M2,train,259200,/data/gen/tokens/pn2018/tr04-0762__F3-M2.npy
pn2018,tr04-0762,tr04-0762,F4-M1,train,259200,/data/gen/tokens/pn2018/tr04-0762__F4-M1.npy
pn2018,tr04-0762,tr04-0762,C3-M2,train,259200,/data/gen/tokens/pn2018/tr04-0762__C3-M2.npy
pn2018,tr04-0762,tr04-0762,C4-M1,train,259200,/data/gen/tokens/pn2018/tr04-0762__C4-M1.npy
pn2018,tr04-0762,tr04-0762,O1-M2,train,259200,/data/gen/tokens/pn2018/tr04-0762__O1-M2.npy
pn2018,tr04-0762,tr04-0762,O2-M1,train,259200,/data/gen/tokens/pn2018/tr04-0762__O2-M1.npy
pn2018,tr04-0785,tr04-0785,F3-M2,heldout,294600,/data/gen/tokens/pn2018/tr04-0785__F3-M2.npy
pn2018,tr04-0785,tr04-0785,F4-M1,heldout,294600,/data/gen/tokens/pn2018/tr04-0785__F4-M1.npy
pn2018,tr04-0785,tr04-0785,C3-M2,heldout,294600,/data/gen/tokens/pn2018/tr04-0785__C3-M2.npy
pn2018,tr04-0785,tr04-0785,C4-M1,heldout,294600,/data/gen/tokens/pn2018/tr04-0785__C4-M1.npy
pn2018,tr04-0785,tr04-0785,O1-M2,heldout,294600,/data/gen/tokens/pn2018/tr04-0785__O1-M2.npy
pn2018,tr04-0785,tr04-0785,O2-M1,heldout,294600,/data/gen/tokens/pn2018/tr04-0785__O2-M1.npy
pn2018,tr04-0825,tr04-0825,F3-M2,train,321000,/data/gen/tokens/pn2018/tr04-0825__F3-M2.npy
pn2018,tr04-0825,tr04-0825,F4-M1,train,321000,/data/gen/tokens/pn2018/tr04-0825__F4-M1.npy
pn2018,tr04-0825,tr04-0825,C3-M2,train,321000,/data/gen/tokens/pn2018/tr04-0825__C3-M2.npy
pn2018,tr04-0825,tr04-0825,C4-M1,train,321000,/data/gen/tokens/pn2018/tr04-0825__C4-M1.npy
pn2018,tr04-0825,tr04-0825,O1-M2,train,321000,/data/gen/tokens/pn2018/tr04-0825__O1-M2.npy
pn2018,tr04-0825,tr04-0825,O2-M1,train,321000,/data/gen/tokens/pn2018/tr04-0825__O2-M1.npy
pn2018,tr04-0829,tr04-0829,F3-M2,train,265800,/data/gen/tokens/pn2018/tr04-0829__F3-M2.npy
pn2018,tr04-0829,tr04-0829,F4-M1,train,265800,/data/gen/tokens/pn2018/tr04-0829__F4-M1.npy
pn2018,tr04-0829,tr04-0829,C3-M2,train,265800,/data/gen/tokens/pn2018/tr04-0829__C3-M2.npy
pn2018,tr04-0829,tr04-0829,C4-M1,train,265800,/data/gen/tokens/pn2018/tr04-0829__C4-M1.npy
pn2018,tr04-0829,tr04-0829,O1-M2,train,265800,/data/gen/tokens/pn2018/tr04-0829__O1-M2.npy
pn2018,tr04-0829,tr04-0829,O2-M1,train,265800,/data/gen/tokens/pn2018/tr04-0829__O2-M1.npy
pn2018,tr04-0805,tr04-0805,F3-M2,train,323700,/data/gen/tokens/pn2018/tr04-0805__F3-M2.npy
pn2018,tr04-0805,tr04-0805,F4-M1,train,323700,/data/gen/tokens/pn2018/tr04-0805__F4-M1.npy
pn2018,tr04-0805,tr04-0805,C3-M2,train,323700,/data/gen/tokens/pn2018/tr04-0805__C3-M2.npy
pn2018,tr04-0805,tr04-0805,C4-M1,train,323700,/data/gen/tokens/pn2018/tr04-0805__C4-M1.npy
pn2018,tr04-0805,tr04-0805,O1-M2,train,323700,/data/gen/tokens/pn2018/tr04-0805__O1-M2.npy
pn2018,tr04-0805,tr04-0805,O2-M1,train,323700,/data/gen/tokens/pn2018/tr04-0805__O2-M1.npy
pn2018,tr04-0806,tr04-0806,F3-M2,train,302100,/data/gen/tokens/pn2018/tr04-0806__F3-M2.npy
pn2018,tr04-0806,tr04-0806,F4-M1,train,302100,/data/gen/tokens/pn2018/tr04-0806__F4-M1.npy
pn2018,tr04-0806,tr04-0806,C3-M2,train,302100,/data/gen/tokens/pn2018/tr04-0806__C3-M2.npy
pn2018,tr04-0806,tr04-0806,C4-M1,train,302100,/data/gen/tokens/pn2018/tr04-0806__C4-M1.npy
pn2018,tr04-0806,tr04-0806,O1-M2,train,302100,/data/gen/tokens/pn2018/tr04-0806__O1-M2.npy
pn2018,tr04-0806,tr04-0806,O2-M1,train,302100,/data/gen/tokens/pn2018/tr04-0806__O2-M1.npy
pn2018,tr04-0864,tr04-0864,F3-M2,train,288300,/data/gen/tokens/pn2018/tr04-0864__F3-M2.npy
pn2018,tr04-0864,tr04-0864,F4-M1,train,288300,/data/gen/tokens/pn2018/tr04-0864__F4-M1.npy
pn2018,tr04-0864,tr04-0864,C3-M2,train,288300,/data/gen/tokens/pn2018/tr04-0864__C3-M2.npy
pn2018,tr04-0864,tr04-0864,C4-M1,train,288300,/data/gen/tokens/pn2018/tr04-0864__C4-M1.npy
pn2018,tr04-0864,tr04-0864,O1-M2,train,288300,/data/gen/tokens/pn2018/tr04-0864__O1-M2.npy
pn2018,tr04-0864,tr04-0864,O2-M1,train,288300,/data/gen/tokens/pn2018/tr04-0864__O2-M1.npy
pn2018,tr04-0808,tr04-0808,F3-M2,train,309000,/data/gen/tokens/pn2018/tr04-0808__F3-M2.npy
pn2018,tr04-0808,tr04-0808,F4-M1,train,309000,/data/gen/tokens/pn2018/tr04-0808__F4-M1.npy
pn2018,tr04-0808,tr04-0808,C3-M2,train,309000,/data/gen/tokens/pn2018/tr04-0808__C3-M2.npy
pn2018,tr04-0808,tr04-0808,C4-M1,train,309000,/data/gen/tokens/pn2018/tr04-0808__C4-M1.npy
pn2018,tr04-0808,tr04-0808,O1-M2,train,309000,/data/gen/tokens/pn2018/tr04-0808__O1-M2.npy
pn2018,tr04-0808,tr04-0808,O2-M1,train,309000,/data/gen/tokens/pn2018/tr04-0808__O2-M1.npy
pn2018,tr04-0878,tr04-0878,F3-M2,train,286500,/data/gen/tokens/pn2018/tr04-0878__F3-M2.npy
pn2018,tr04-0878,tr04-0878,F4-M1,train,286500,/data/gen/tokens/pn2018/tr04-0878__F4-M1.npy
pn2018,tr04-0878,tr04-0878,C3-M2,train,286500,/data/gen/tokens/pn2018/tr04-0878__C3-M2.npy
pn2018,tr04-0878,tr04-0878,C4-M1,train,286500,/data/gen/tokens/pn2018/tr04-0878__C4-M1.npy
pn2018,tr04-0878,tr04-0878,O1-M2,train,286500,/data/gen/tokens/pn2018/tr04-0878__O1-M2.npy
pn2018,tr04-0878,tr04-0878,O2-M1,train,286500,/data/gen/tokens/pn2018/tr04-0878__O2-M1.npy
pn2018,tr04-0882,tr04-0882,F3-M2,train,252300,/data/gen/tokens/pn2018/tr04-0882__F3-M2.npy
pn2018,tr04-0882,tr04-0882,F4-M1,train,252300,/data/gen/tokens/pn2018/tr04-0882__F4-M1.npy
pn2018,tr04-0882,tr04-0882,C3-M2,train,252300,/data/gen/tokens/pn2018/tr04-0882__C3-M2.npy
pn2018,tr04-0882,tr04-0882,C4-M1,train,252300,/data/gen/tokens/pn2018/tr04-0882__C4-M1.npy
pn2018,tr04-0882,tr04-0882,O1-M2,train,252300,/data/gen/tokens/pn2018/tr04-0882__O1-M2.npy
pn2018,tr04-0882,tr04-0882,O2-M1,train,252300,/data/gen/tokens/pn2018/tr04-0882__O2-M1.npy
pn2018,tr04-0909,tr04-0909,F3-M2,train,327600,/data/gen/tokens/pn2018/tr04-0909__F3-M2.npy
pn2018,tr04-0909,tr04-0909,F4-M1,train,327600,/data/gen/tokens/pn2018/tr04-0909__F4-M1.npy
pn2018,tr04-0909,tr04-0909,C3-M2,train,327600,/data/gen/tokens/pn2018/tr04-0909__C3-M2.npy
pn2018,tr04-0909,tr04-0909,C4-M1,train,327600,/data/gen/tokens/pn2018/tr04-0909__C4-M1.npy
pn2018,tr04-0909,tr04-0909,O1-M2,train,327600,/data/gen/tokens/pn2018/tr04-0909__O1-M2.npy
pn2018,tr04-0909,tr04-0909,O2-M1,train,327600,/data/gen/tokens/pn2018/tr04-0909__O2-M1.npy
pn2018,tr04-0908,tr04-0908,F3-M2,train,316800,/data/gen/tokens/pn2018/tr04-0908__F3-M2.npy
pn2018,tr04-0908,tr04-0908,F4-M1,train,316800,/data/gen/tokens/pn2018/tr04-0908__F4-M1.npy
pn2018,tr04-0908,tr04-0908,C3-M2,train,316800,/data/gen/tokens/pn2018/tr04-0908__C3-M2.npy
pn2018,tr04-0908,tr04-0908,C4-M1,train,316800,/data/gen/tokens/pn2018/tr04-0908__C4-M1.npy
pn2018,tr04-0908,tr04-0908,O1-M2,train,316800,/data/gen/tokens/pn2018/tr04-0908__O1-M2.npy
pn2018,tr04-0908,tr04-0908,O2-M1,train,316800,/data/gen/tokens/pn2018/tr04-0908__O2-M1.npy
pn2018,tr04-0913,tr04-0913,F3-M2,heldout,226800,/data/gen/tokens/pn2018/tr04-0913__F3-M2.npy
pn2018,tr04-0913,tr04-0913,F4-M1,heldout,226800,/data/gen/tokens/pn2018/tr04-0913__F4-M1.npy
pn2018,tr04-0913,tr04-0913,C3-M2,heldout,226800,/data/gen/tokens/pn2018/tr04-0913__C3-M2.npy
pn2018,tr04-0913,tr04-0913,C4-M1,heldout,226800,/data/gen/tokens/pn2018/tr04-0913__C4-M1.npy
pn2018,tr04-0913,tr04-0913,O1-M2,heldout,226800,/data/gen/tokens/pn2018/tr04-0913__O1-M2.npy
pn2018,tr04-0913,tr04-0913,O2-M1,heldout,226800,/data/gen/tokens/pn2018/tr04-0913__O2-M1.npy
pn2018,tr04-0900,tr04-0900,F3-M2,train,281400,/data/gen/tokens/pn2018/tr04-0900__F3-M2.npy
pn2018,tr04-0900,tr04-0900,F4-M1,train,281400,/data/gen/tokens/pn2018/tr04-0900__F4-M1.npy
pn2018,tr04-0900,tr04-0900,C3-M2,train,281400,/data/gen/tokens/pn2018/tr04-0900__C3-M2.npy
pn2018,tr04-0900,tr04-0900,C4-M1,train,281400,/data/gen/tokens/pn2018/tr04-0900__C4-M1.npy
pn2018,tr04-0900,tr04-0900,O1-M2,train,281400,/data/gen/tokens/pn2018/tr04-0900__O1-M2.npy
pn2018,tr04-0900,tr04-0900,O2-M1,train,281400,/data/gen/tokens/pn2018/tr04-0900__O2-M1.npy
pn2018,tr04-0887,tr04-0887,F3-M2,train,288000,/data/gen/tokens/pn2018/tr04-0887__F3-M2.npy
pn2018,tr04-0887,tr04-0887,F4-M1,train,288000,/data/gen/tokens/pn2018/tr04-0887__F4-M1.npy
pn2018,tr04-0887,tr04-0887,C3-M2,train,288000,/data/gen/tokens/pn2018/tr04-0887__C3-M2.npy
pn2018,tr04-0887,tr04-0887,C4-M1,train,288000,/data/gen/tokens/pn2018/tr04-0887__C4-M1.npy
pn2018,tr04-0887,tr04-0887,O1-M2,train,288000,/data/gen/tokens/pn2018/tr04-0887__O1-M2.npy
pn2018,tr04-0887,tr04-0887,O2-M1,train,288000,/data/gen/tokens/pn2018/tr04-0887__O2-M1.npy
pn2018,tr04-0933,tr04-0933,F3-M2,train,264000,/data/gen/tokens/pn2018/tr04-0933__F3-M2.npy
pn2018,tr04-0933,tr04-0933,F4-M1,train,264000,/data/gen/tokens/pn2018/tr04-0933__F4-M1.npy
pn2018,tr04-0933,tr04-0933,C3-M2,train,264000,/data/gen/tokens/pn2018/tr04-0933__C3-M2.npy
pn2018,tr04-0933,tr04-0933,C4-M1,train,264000,/data/gen/tokens/pn2018/tr04-0933__C4-M1.npy
pn2018,tr04-0933,tr04-0933,O1-M2,train,264000,/data/gen/tokens/pn2018/tr04-0933__O1-M2.npy
pn2018,tr04-0933,tr04-0933,O2-M1,train,264000,/data/gen/tokens/pn2018/tr04-0933__O2-M1.npy
pn2018,tr04-0931,tr04-0931,F3-M2,heldout,309000,/data/gen/tokens/pn2018/tr04-0931__F3-M2.npy
pn2018,tr04-0931,tr04-0931,F4-M1,heldout,309000,/data/gen/tokens/pn2018/tr04-0931__F4-M1.npy
pn2018,tr04-0931,tr04-0931,C3-M2,heldout,309000,/data/gen/tokens/pn2018/tr04-0931__C3-M2.npy
pn2018,tr04-0931,tr04-0931,C4-M1,heldout,309000,/data/gen/tokens/pn2018/tr04-0931__C4-M1.npy
pn2018,tr04-0931,tr04-0931,O1-M2,heldout,309000,/data/gen/tokens/pn2018/tr04-0931__O1-M2.npy
pn2018,tr04-0931,tr04-0931,O2-M1,heldout,309000,/data/gen/tokens/pn2018/tr04-0931__O2-M1.npy
pn2018,tr04-0915,tr04-0915,F3-M2,train,252600,/data/gen/tokens/pn2018/tr04-0915__F3-M2.npy
pn2018,tr04-0915,tr04-0915,F4-M1,train,252600,/data/gen/tokens/pn2018/tr04-0915__F4-M1.npy
pn2018,tr04-0915,tr04-0915,C3-M2,train,252600,/data/gen/tokens/pn2018/tr04-0915__C3-M2.npy
pn2018,tr04-0915,tr04-0915,C4-M1,train,252600,/data/gen/tokens/pn2018/tr04-0915__C4-M1.npy
pn2018,tr04-0915,tr04-0915,O1-M2,train,252600,/data/gen/tokens/pn2018/tr04-0915__O1-M2.npy
pn2018,tr04-0915,tr04-0915,O2-M1,train,252600,/data/gen/tokens/pn2018/tr04-0915__O2-M1.npy
pn2018,tr04-0939,tr04-0939,F3-M2,train,273000,/data/gen/tokens/pn2018/tr04-0939__F3-M2.npy
pn2018,tr04-0939,tr04-0939,F4-M1,train,273000,/data/gen/tokens/pn2018/tr04-0939__F4-M1.npy
pn2018,tr04-0939,tr04-0939,C3-M2,train,273000,/data/gen/tokens/pn2018/tr04-0939__C3-M2.npy
pn2018,tr04-0939,tr04-0939,C4-M1,train,273000,/data/gen/tokens/pn2018/tr04-0939__C4-M1.npy
pn2018,tr04-0939,tr04-0939,O1-M2,train,273000,/data/gen/tokens/pn2018/tr04-0939__O1-M2.npy
pn2018,tr04-0939,tr04-0939,O2-M1,train,273000,/data/gen/tokens/pn2018/tr04-0939__O2-M1.npy
pn2018,tr04-0959,tr04-0959,F3-M2,train,246900,/data/gen/tokens/pn2018/tr04-0959__F3-M2.npy
pn2018,tr04-0959,tr04-0959,F4-M1,train,246900,/data/gen/tokens/pn2018/tr04-0959__F4-M1.npy
pn2018,tr04-0959,tr04-0959,C3-M2,train,246900,/data/gen/tokens/pn2018/tr04-0959__C3-M2.npy
pn2018,tr04-0959,tr04-0959,C4-M1,train,246900,/data/gen/tokens/pn2018/tr04-0959__C4-M1.npy
pn2018,tr04-0959,tr04-0959,O1-M2,train,246900,/data/gen/tokens/pn2018/tr04-0959__O1-M2.npy
pn2018,tr04-0959,tr04-0959,O2-M1,train,246900,/data/gen/tokens/pn2018/tr04-0959__O2-M1.npy
pn2018,tr04-0960,tr04-0960,F3-M2,train,285900,/data/gen/tokens/pn2018/tr04-0960__F3-M2.npy
pn2018,tr04-0960,tr04-0960,F4-M1,train,285900,/data/gen/tokens/pn2018/tr04-0960__F4-M1.npy
pn2018,tr04-0960,tr04-0960,C3-M2,train,285900,/data/gen/tokens/pn2018/tr04-0960__C3-M2.npy
pn2018,tr04-0960,tr04-0960,C4-M1,train,285900,/data/gen/tokens/pn2018/tr04-0960__C4-M1.npy
pn2018,tr04-0960,tr04-0960,O1-M2,train,285900,/data/gen/tokens/pn2018/tr04-0960__O1-M2.npy
pn2018,tr04-0960,tr04-0960,O2-M1,train,285900,/data/gen/tokens/pn2018/tr04-0960__O2-M1.npy
pn2018,tr04-0963,tr04-0963,F3-M2,train,276600,/data/gen/tokens/pn2018/tr04-0963__F3-M2.npy
pn2018,tr04-0963,tr04-0963,F4-M1,train,276600,/data/gen/tokens/pn2018/tr04-0963__F4-M1.npy
pn2018,tr04-0963,tr04-0963,C3-M2,train,276600,/data/gen/tokens/pn2018/tr04-0963__C3-M2.npy
pn2018,tr04-0963,tr04-0963,C4-M1,train,276600,/data/gen/tokens/pn2018/tr04-0963__C4-M1.npy
pn2018,tr04-0963,tr04-0963,O1-M2,train,276600,/data/gen/tokens/pn2018/tr04-0963__O1-M2.npy
pn2018,tr04-0963,tr04-0963,O2-M1,train,276600,/data/gen/tokens/pn2018/tr04-0963__O2-M1.npy
pn2018,tr04-0966,tr04-0966,F3-M2,train,293700,/data/gen/tokens/pn2018/tr04-0966__F3-M2.npy
pn2018,tr04-0966,tr04-0966,F4-M1,train,293700,/data/gen/tokens/pn2018/tr04-0966__F4-M1.npy
pn2018,tr04-0966,tr04-0966,C3-M2,train,293700,/data/gen/tokens/pn2018/tr04-0966__C3-M2.npy
pn2018,tr04-0966,tr04-0966,C4-M1,train,293700,/data/gen/tokens/pn2018/tr04-0966__C4-M1.npy
pn2018,tr04-0966,tr04-0966,O1-M2,train,293700,/data/gen/tokens/pn2018/tr04-0966__O1-M2.npy
pn2018,tr04-0966,tr04-0966,O2-M1,train,293700,/data/gen/tokens/pn2018/tr04-0966__O2-M1.npy
pn2018,tr04-1021,tr04-1021,F3-M2,train,252000,/data/gen/tokens/pn2018/tr04-1021__F3-M2.npy
pn2018,tr04-1021,tr04-1021,F4-M1,train,252000,/data/gen/tokens/pn2018/tr04-1021__F4-M1.npy
pn2018,tr04-1021,tr04-1021,C3-M2,train,252000,/data/gen/tokens/pn2018/tr04-1021__C3-M2.npy
pn2018,tr04-1021,tr04-1021,C4-M1,train,252000,/data/gen/tokens/pn2018/tr04-1021__C4-M1.npy
pn2018,tr04-1021,tr04-1021,O1-M2,train,252000,/data/gen/tokens/pn2018/tr04-1021__O1-M2.npy
pn2018,tr04-1021,tr04-1021,O2-M1,train,252000,/data/gen/tokens/pn2018/tr04-1021__O2-M1.npy
pn2018,tr04-1006,tr04-1006,F3-M2,train,282300,/data/gen/tokens/pn2018/tr04-1006__F3-M2.npy
pn2018,tr04-1006,tr04-1006,F4-M1,train,282300,/data/gen/tokens/pn2018/tr04-1006__F4-M1.npy
pn2018,tr04-1006,tr04-1006,C3-M2,train,282300,/data/gen/tokens/pn2018/tr04-1006__C3-M2.npy
pn2018,tr04-1006,tr04-1006,C4-M1,train,282300,/data/gen/tokens/pn2018/tr04-1006__C4-M1.npy
pn2018,tr04-1006,tr04-1006,O1-M2,train,282300,/data/gen/tokens/pn2018/tr04-1006__O1-M2.npy
pn2018,tr04-1006,tr04-1006,O2-M1,train,282300,/data/gen/tokens/pn2018/tr04-1006__O2-M1.npy
pn2018,tr04-1013,tr04-1013,F3-M2,train,268500,/data/gen/tokens/pn2018/tr04-1013__F3-M2.npy
pn2018,tr04-1013,tr04-1013,F4-M1,train,268500,/data/gen/tokens/pn2018/tr04-1013__F4-M1.npy
pn2018,tr04-1013,tr04-1013,C3-M2,train,268500,/data/gen/tokens/pn2018/tr04-1013__C3-M2.npy
pn2018,tr04-1013,tr04-1013,C4-M1,train,268500,/data/gen/tokens/pn2018/tr04-1013__C4-M1.npy
pn2018,tr04-1013,tr04-1013,O1-M2,train,268500,/data/gen/tokens/pn2018/tr04-1013__O1-M2.npy
pn2018,tr04-1013,tr04-1013,O2-M1,train,268500,/data/gen/tokens/pn2018/tr04-1013__O2-M1.npy
pn2018,tr04-0983,tr04-0983,F3-M2,train,299400,/data/gen/tokens/pn2018/tr04-0983__F3-M2.npy
pn2018,tr04-0983,tr04-0983,F4-M1,train,299400,/data/gen/tokens/pn2018/tr04-0983__F4-M1.npy
pn2018,tr04-0983,tr04-0983,C3-M2,train,299400,/data/gen/tokens/pn2018/tr04-0983__C3-M2.npy
pn2018,tr04-0983,tr04-0983,C4-M1,train,299400,/data/gen/tokens/pn2018/tr04-0983__C4-M1.npy
pn2018,tr04-0983,tr04-0983,O1-M2,train,299400,/data/gen/tokens/pn2018/tr04-0983__O1-M2.npy
pn2018,tr04-0983,tr04-0983,O2-M1,train,299400,/data/gen/tokens/pn2018/tr04-0983__O2-M1.npy
pn2018,tr04-1023,tr04-1023,F3-M2,train,289800,/data/gen/tokens/pn2018/tr04-1023__F3-M2.npy
pn2018,tr04-1023,tr04-1023,F4-M1,train,289800,/data/gen/tokens/pn2018/tr04-1023__F4-M1.npy
pn2018,tr04-1023,tr04-1023,C3-M2,train,289800,/data/gen/tokens/pn2018/tr04-1023__C3-M2.npy
pn2018,tr04-1023,tr04-1023,C4-M1,train,289800,/data/gen/tokens/pn2018/tr04-1023__C4-M1.npy
pn2018,tr04-1023,tr04-1023,O1-M2,train,289800,/data/gen/tokens/pn2018/tr04-1023__O1-M2.npy
pn2018,tr04-1023,tr04-1023,O2-M1,train,289800,/data/gen/tokens/pn2018/tr04-1023__O2-M1.npy
pn2018,tr04-1032,tr04-1032,F3-M2,train,274200,/data/gen/tokens/pn2018/tr04-1032__F3-M2.npy
pn2018,tr04-1032,tr04-1032,F4-M1,train,274200,/data/gen/tokens/pn2018/tr04-1032__F4-M1.npy
pn2018,tr04-1032,tr04-1032,C3-M2,train,274200,/data/gen/tokens/pn2018/tr04-1032__C3-M2.npy
pn2018,tr04-1032,tr04-1032,C4-M1,train,274200,/data/gen/tokens/pn2018/tr04-1032__C4-M1.npy
pn2018,tr04-1032,tr04-1032,O1-M2,train,274200,/data/gen/tokens/pn2018/tr04-1032__O1-M2.npy
pn2018,tr04-1032,tr04-1032,O2-M1,train,274200,/data/gen/tokens/pn2018/tr04-1032__O2-M1.npy
pn2018,tr04-1034,tr04-1034,F3-M2,train,302400,/data/gen/tokens/pn2018/tr04-1034__F3-M2.npy
pn2018,tr04-1034,tr04-1034,F4-M1,train,302400,/data/gen/tokens/pn2018/tr04-1034__F4-M1.npy
pn2018,tr04-1034,tr04-1034,C3-M2,train,302400,/data/gen/tokens/pn2018/tr04-1034__C3-M2.npy
pn2018,tr04-1034,tr04-1034,C4-M1,train,302400,/data/gen/tokens/pn2018/tr04-1034__C4-M1.npy
pn2018,tr04-1034,tr04-1034,O1-M2,train,302400,/data/gen/tokens/pn2018/tr04-1034__O1-M2.npy
pn2018,tr04-1034,tr04-1034,O2-M1,train,302400,/data/gen/tokens/pn2018/tr04-1034__O2-M1.npy
pn2018,tr04-1087,tr04-1087,F3-M2,train,236400,/data/gen/tokens/pn2018/tr04-1087__F3-M2.npy
pn2018,tr04-1087,tr04-1087,F4-M1,train,236400,/data/gen/tokens/pn2018/tr04-1087__F4-M1.npy
pn2018,tr04-1087,tr04-1087,C3-M2,train,236400,/data/gen/tokens/pn2018/tr04-1087__C3-M2.npy
pn2018,tr04-1087,tr04-1087,C4-M1,train,236400,/data/gen/tokens/pn2018/tr04-1087__C4-M1.npy
pn2018,tr04-1087,tr04-1087,O1-M2,train,236400,/data/gen/tokens/pn2018/tr04-1087__O1-M2.npy
pn2018,tr04-1087,tr04-1087,O2-M1,train,236400,/data/gen/tokens/pn2018/tr04-1087__O2-M1.npy
pn2018,tr04-1064,tr04-1064,F3-M2,train,304200,/data/gen/tokens/pn2018/tr04-1064__F3-M2.npy
pn2018,tr04-1064,tr04-1064,F4-M1,train,304200,/data/gen/tokens/pn2018/tr04-1064__F4-M1.npy
pn2018,tr04-1064,tr04-1064,C3-M2,train,304200,/data/gen/tokens/pn2018/tr04-1064__C3-M2.npy
pn2018,tr04-1064,tr04-1064,C4-M1,train,304200,/data/gen/tokens/pn2018/tr04-1064__C4-M1.npy
pn2018,tr04-1064,tr04-1064,O1-M2,train,304200,/data/gen/tokens/pn2018/tr04-1064__O1-M2.npy
pn2018,tr04-1064,tr04-1064,O2-M1,train,304200,/data/gen/tokens/pn2018/tr04-1064__O2-M1.npy
pn2018,tr04-1096,tr04-1096,F3-M2,heldout,291000,/data/gen/tokens/pn2018/tr04-1096__F3-M2.npy
pn2018,tr04-1096,tr04-1096,F4-M1,heldout,291000,/data/gen/tokens/pn2018/tr04-1096__F4-M1.npy
pn2018,tr04-1096,tr04-1096,C3-M2,heldout,291000,/data/gen/tokens/pn2018/tr04-1096__C3-M2.npy
pn2018,tr04-1096,tr04-1096,C4-M1,heldout,291000,/data/gen/tokens/pn2018/tr04-1096__C4-M1.npy
pn2018,tr04-1096,tr04-1096,O1-M2,heldout,291000,/data/gen/tokens/pn2018/tr04-1096__O1-M2.npy
pn2018,tr04-1096,tr04-1096,O2-M1,heldout,291000,/data/gen/tokens/pn2018/tr04-1096__O2-M1.npy
pn2018,tr04-1105,tr04-1105,F3-M2,train,235500,/data/gen/tokens/pn2018/tr04-1105__F3-M2.npy
pn2018,tr04-1105,tr04-1105,F4-M1,train,235500,/data/gen/tokens/pn2018/tr04-1105__F4-M1.npy
pn2018,tr04-1105,tr04-1105,C3-M2,train,235500,/data/gen/tokens/pn2018/tr04-1105__C3-M2.npy
pn2018,tr04-1105,tr04-1105,C4-M1,train,235500,/data/gen/tokens/pn2018/tr04-1105__C4-M1.npy
pn2018,tr04-1105,tr04-1105,O1-M2,train,235500,/data/gen/tokens/pn2018/tr04-1105__O1-M2.npy
pn2018,tr04-1105,tr04-1105,O2-M1,train,235500,/data/gen/tokens/pn2018/tr04-1105__O2-M1.npy
pn2018,tr04-1078,tr04-1078,F3-M2,train,276600,/data/gen/tokens/pn2018/tr04-1078__F3-M2.npy
pn2018,tr04-1078,tr04-1078,F4-M1,train,276600,/data/gen/tokens/pn2018/tr04-1078__F4-M1.npy
pn2018,tr04-1078,tr04-1078,C3-M2,train,276600,/data/gen/tokens/pn2018/tr04-1078__C3-M2.npy
pn2018,tr04-1078,tr04-1078,C4-M1,train,276600,/data/gen/tokens/pn2018/tr04-1078__C4-M1.npy
pn2018,tr04-1078,tr04-1078,O1-M2,train,276600,/data/gen/tokens/pn2018/tr04-1078__O1-M2.npy
pn2018,tr04-1078,tr04-1078,O2-M1,train,276600,/data/gen/tokens/pn2018/tr04-1078__O2-M1.npy
pn2018,tr04-1097,tr04-1097,F3-M2,heldout,292800,/data/gen/tokens/pn2018/tr04-1097__F3-M2.npy
pn2018,tr04-1097,tr04-1097,F4-M1,heldout,292800,/data/gen/tokens/pn2018/tr04-1097__F4-M1.npy
pn2018,tr04-1097,tr04-1097,C3-M2,heldout,292800,/data/gen/tokens/pn2018/tr04-1097__C3-M2.npy
pn2018,tr04-1097,tr04-1097,C4-M1,heldout,292800,/data/gen/tokens/pn2018/tr04-1097__C4-M1.npy
pn2018,tr04-1097,tr04-1097,O1-M2,heldout,292800,/data/gen/tokens/pn2018/tr04-1097__O1-M2.npy
pn2018,tr04-1097,tr04-1097,O2-M1,heldout,292800,/data/gen/tokens/pn2018/tr04-1097__O2-M1.npy
pn2018,tr04-1117,tr04-1117,F3-M2,train,331200,/data/gen/tokens/pn2018/tr04-1117__F3-M2.npy
pn2018,tr04-1117,tr04-1117,F4-M1,train,331200,/data/gen/tokens/pn2018/tr04-1117__F4-M1.npy
pn2018,tr04-1117,tr04-1117,C3-M2,train,331200,/data/gen/tokens/pn2018/tr04-1117__C3-M2.npy
pn2018,tr04-1117,tr04-1117,C4-M1,train,331200,/data/gen/tokens/pn2018/tr04-1117__C4-M1.npy
pn2018,tr04-1117,tr04-1117,O1-M2,train,331200,/data/gen/tokens/pn2018/tr04-1117__O1-M2.npy
pn2018,tr04-1117,tr04-1117,O2-M1,train,331200,/data/gen/tokens/pn2018/tr04-1117__O2-M1.npy
pn2018,tr05-0011,tr05-0011,F3-M2,train,275100,/data/gen/tokens/pn2018/tr05-0011__F3-M2.npy
pn2018,tr05-0011,tr05-0011,F4-M1,train,275100,/data/gen/tokens/pn2018/tr05-0011__F4-M1.npy
pn2018,tr05-0011,tr05-0011,C3-M2,train,275100,/data/gen/tokens/pn2018/tr05-0011__C3-M2.npy
pn2018,tr05-0011,tr05-0011,C4-M1,train,275100,/data/gen/tokens/pn2018/tr05-0011__C4-M1.npy
pn2018,tr05-0011,tr05-0011,O1-M2,train,275100,/data/gen/tokens/pn2018/tr05-0011__O1-M2.npy
pn2018,tr05-0011,tr05-0011,O2-M1,train,275100,/data/gen/tokens/pn2018/tr05-0011__O2-M1.npy
pn2018,tr05-0028,tr05-0028,F3-M2,train,245400,/data/gen/tokens/pn2018/tr05-0028__F3-M2.npy
pn2018,tr05-0028,tr05-0028,F4-M1,train,245400,/data/gen/tokens/pn2018/tr05-0028__F4-M1.npy
pn2018,tr05-0028,tr05-0028,C3-M2,train,245400,/data/gen/tokens/pn2018/tr05-0028__C3-M2.npy
pn2018,tr05-0028,tr05-0028,C4-M1,train,245400,/data/gen/tokens/pn2018/tr05-0028__C4-M1.npy
pn2018,tr05-0028,tr05-0028,O1-M2,train,245400,/data/gen/tokens/pn2018/tr05-0028__O1-M2.npy
pn2018,tr05-0028,tr05-0028,O2-M1,train,245400,/data/gen/tokens/pn2018/tr05-0028__O2-M1.npy
pn2018,tr05-0114,tr05-0114,F3-M2,train,327900,/data/gen/tokens/pn2018/tr05-0114__F3-M2.npy
pn2018,tr05-0114,tr05-0114,F4-M1,train,327900,/data/gen/tokens/pn2018/tr05-0114__F4-M1.npy
pn2018,tr05-0114,tr05-0114,C3-M2,train,327900,/data/gen/tokens/pn2018/tr05-0114__C3-M2.npy
pn2018,tr05-0114,tr05-0114,C4-M1,train,327900,/data/gen/tokens/pn2018/tr05-0114__C4-M1.npy
pn2018,tr05-0114,tr05-0114,O1-M2,train,327900,/data/gen/tokens/pn2018/tr05-0114__O1-M2.npy
pn2018,tr05-0114,tr05-0114,O2-M1,train,327900,/data/gen/tokens/pn2018/tr05-0114__O2-M1.npy
pn2018,tr05-0069,tr05-0069,F3-M2,train,260100,/data/gen/tokens/pn2018/tr05-0069__F3-M2.npy
pn2018,tr05-0069,tr05-0069,F4-M1,train,260100,/data/gen/tokens/pn2018/tr05-0069__F4-M1.npy
pn2018,tr05-0069,tr05-0069,C3-M2,train,260100,/data/gen/tokens/pn2018/tr05-0069__C3-M2.npy
pn2018,tr05-0069,tr05-0069,C4-M1,train,260100,/data/gen/tokens/pn2018/tr05-0069__C4-M1.npy
pn2018,tr05-0069,tr05-0069,O1-M2,train,260100,/data/gen/tokens/pn2018/tr05-0069__O1-M2.npy
pn2018,tr05-0069,tr05-0069,O2-M1,train,260100,/data/gen/tokens/pn2018/tr05-0069__O2-M1.npy
pn2018,tr05-0067,tr05-0067,F3-M2,train,264900,/data/gen/tokens/pn2018/tr05-0067__F3-M2.npy
pn2018,tr05-0067,tr05-0067,F4-M1,train,264900,/data/gen/tokens/pn2018/tr05-0067__F4-M1.npy
pn2018,tr05-0067,tr05-0067,C3-M2,train,264900,/data/gen/tokens/pn2018/tr05-0067__C3-M2.npy
pn2018,tr05-0067,tr05-0067,C4-M1,train,264900,/data/gen/tokens/pn2018/tr05-0067__C4-M1.npy
pn2018,tr05-0067,tr05-0067,O1-M2,train,264900,/data/gen/tokens/pn2018/tr05-0067__O1-M2.npy
pn2018,tr05-0067,tr05-0067,O2-M1,train,264900,/data/gen/tokens/pn2018/tr05-0067__O2-M1.npy
pn2018,tr05-0074,tr05-0074,F3-M2,train,300600,/data/gen/tokens/pn2018/tr05-0074__F3-M2.npy
pn2018,tr05-0074,tr05-0074,F4-M1,train,300600,/data/gen/tokens/pn2018/tr05-0074__F4-M1.npy
pn2018,tr05-0074,tr05-0074,C3-M2,train,300600,/data/gen/tokens/pn2018/tr05-0074__C3-M2.npy
pn2018,tr05-0074,tr05-0074,C4-M1,train,300600,/data/gen/tokens/pn2018/tr05-0074__C4-M1.npy
pn2018,tr05-0074,tr05-0074,O1-M2,train,300600,/data/gen/tokens/pn2018/tr05-0074__O1-M2.npy
pn2018,tr05-0074,tr05-0074,O2-M1,train,300600,/data/gen/tokens/pn2018/tr05-0074__O2-M1.npy
pn2018,tr05-0048,tr05-0048,F3-M2,train,330300,/data/gen/tokens/pn2018/tr05-0048__F3-M2.npy
pn2018,tr05-0048,tr05-0048,F4-M1,train,330300,/data/gen/tokens/pn2018/tr05-0048__F4-M1.npy
pn2018,tr05-0048,tr05-0048,C3-M2,train,330300,/data/gen/tokens/pn2018/tr05-0048__C3-M2.npy
pn2018,tr05-0048,tr05-0048,C4-M1,train,330300,/data/gen/tokens/pn2018/tr05-0048__C4-M1.npy
pn2018,tr05-0048,tr05-0048,O1-M2,train,330300,/data/gen/tokens/pn2018/tr05-0048__O1-M2.npy
pn2018,tr05-0048,tr05-0048,O2-M1,train,330300,/data/gen/tokens/pn2018/tr05-0048__O2-M1.npy
pn2018,tr05-0193,tr05-0193,F3-M2,train,255300,/data/gen/tokens/pn2018/tr05-0193__F3-M2.npy
pn2018,tr05-0193,tr05-0193,F4-M1,train,255300,/data/gen/tokens/pn2018/tr05-0193__F4-M1.npy
pn2018,tr05-0193,tr05-0193,C3-M2,train,255300,/data/gen/tokens/pn2018/tr05-0193__C3-M2.npy
pn2018,tr05-0193,tr05-0193,C4-M1,train,255300,/data/gen/tokens/pn2018/tr05-0193__C4-M1.npy
pn2018,tr05-0193,tr05-0193,O1-M2,train,255300,/data/gen/tokens/pn2018/tr05-0193__O1-M2.npy
pn2018,tr05-0193,tr05-0193,O2-M1,train,255300,/data/gen/tokens/pn2018/tr05-0193__O2-M1.npy
pn2018,tr05-0119,tr05-0119,F3-M2,train,306300,/data/gen/tokens/pn2018/tr05-0119__F3-M2.npy
pn2018,tr05-0119,tr05-0119,F4-M1,train,306300,/data/gen/tokens/pn2018/tr05-0119__F4-M1.npy
pn2018,tr05-0119,tr05-0119,C3-M2,train,306300,/data/gen/tokens/pn2018/tr05-0119__C3-M2.npy
pn2018,tr05-0119,tr05-0119,C4-M1,train,306300,/data/gen/tokens/pn2018/tr05-0119__C4-M1.npy
pn2018,tr05-0119,tr05-0119,O1-M2,train,306300,/data/gen/tokens/pn2018/tr05-0119__O1-M2.npy
pn2018,tr05-0119,tr05-0119,O2-M1,train,306300,/data/gen/tokens/pn2018/tr05-0119__O2-M1.npy
pn2018,tr05-0174,tr05-0174,F3-M2,train,271800,/data/gen/tokens/pn2018/tr05-0174__F3-M2.npy
pn2018,tr05-0174,tr05-0174,F4-M1,train,271800,/data/gen/tokens/pn2018/tr05-0174__F4-M1.npy
pn2018,tr05-0174,tr05-0174,C3-M2,train,271800,/data/gen/tokens/pn2018/tr05-0174__C3-M2.npy
pn2018,tr05-0174,tr05-0174,C4-M1,train,271800,/data/gen/tokens/pn2018/tr05-0174__C4-M1.npy
pn2018,tr05-0174,tr05-0174,O1-M2,train,271800,/data/gen/tokens/pn2018/tr05-0174__O1-M2.npy
pn2018,tr05-0174,tr05-0174,O2-M1,train,271800,/data/gen/tokens/pn2018/tr05-0174__O2-M1.npy
pn2018,tr05-0206,tr05-0206,F3-M2,train,267600,/data/gen/tokens/pn2018/tr05-0206__F3-M2.npy
pn2018,tr05-0206,tr05-0206,F4-M1,train,267600,/data/gen/tokens/pn2018/tr05-0206__F4-M1.npy
pn2018,tr05-0206,tr05-0206,C3-M2,train,267600,/data/gen/tokens/pn2018/tr05-0206__C3-M2.npy
pn2018,tr05-0206,tr05-0206,C4-M1,train,267600,/data/gen/tokens/pn2018/tr05-0206__C4-M1.npy
pn2018,tr05-0206,tr05-0206,O1-M2,train,267600,/data/gen/tokens/pn2018/tr05-0206__O1-M2.npy
pn2018,tr05-0206,tr05-0206,O2-M1,train,267600,/data/gen/tokens/pn2018/tr05-0206__O2-M1.npy
pn2018,tr05-0253,tr05-0253,F3-M2,train,253800,/data/gen/tokens/pn2018/tr05-0253__F3-M2.npy
pn2018,tr05-0253,tr05-0253,F4-M1,train,253800,/data/gen/tokens/pn2018/tr05-0253__F4-M1.npy
pn2018,tr05-0253,tr05-0253,C3-M2,train,253800,/data/gen/tokens/pn2018/tr05-0253__C3-M2.npy
pn2018,tr05-0253,tr05-0253,C4-M1,train,253800,/data/gen/tokens/pn2018/tr05-0253__C4-M1.npy
pn2018,tr05-0253,tr05-0253,O1-M2,train,253800,/data/gen/tokens/pn2018/tr05-0253__O1-M2.npy
pn2018,tr05-0253,tr05-0253,O2-M1,train,253800,/data/gen/tokens/pn2018/tr05-0253__O2-M1.npy
pn2018,tr05-0226,tr05-0226,F3-M2,train,262800,/data/gen/tokens/pn2018/tr05-0226__F3-M2.npy
pn2018,tr05-0226,tr05-0226,F4-M1,train,262800,/data/gen/tokens/pn2018/tr05-0226__F4-M1.npy
pn2018,tr05-0226,tr05-0226,C3-M2,train,262800,/data/gen/tokens/pn2018/tr05-0226__C3-M2.npy
pn2018,tr05-0226,tr05-0226,C4-M1,train,262800,/data/gen/tokens/pn2018/tr05-0226__C4-M1.npy
pn2018,tr05-0226,tr05-0226,O1-M2,train,262800,/data/gen/tokens/pn2018/tr05-0226__O1-M2.npy
pn2018,tr05-0226,tr05-0226,O2-M1,train,262800,/data/gen/tokens/pn2018/tr05-0226__O2-M1.npy
pn2018,tr05-0243,tr05-0243,F3-M2,train,311100,/data/gen/tokens/pn2018/tr05-0243__F3-M2.npy
pn2018,tr05-0243,tr05-0243,F4-M1,train,311100,/data/gen/tokens/pn2018/tr05-0243__F4-M1.npy
pn2018,tr05-0243,tr05-0243,C3-M2,train,311100,/data/gen/tokens/pn2018/tr05-0243__C3-M2.npy
pn2018,tr05-0243,tr05-0243,C4-M1,train,311100,/data/gen/tokens/pn2018/tr05-0243__C4-M1.npy
pn2018,tr05-0243,tr05-0243,O1-M2,train,311100,/data/gen/tokens/pn2018/tr05-0243__O1-M2.npy
pn2018,tr05-0243,tr05-0243,O2-M1,train,311100,/data/gen/tokens/pn2018/tr05-0243__O2-M1.npy
pn2018,tr05-0256,tr05-0256,F3-M2,train,259800,/data/gen/tokens/pn2018/tr05-0256__F3-M2.npy
pn2018,tr05-0256,tr05-0256,F4-M1,train,259800,/data/gen/tokens/pn2018/tr05-0256__F4-M1.npy
pn2018,tr05-0256,tr05-0256,C3-M2,train,259800,/data/gen/tokens/pn2018/tr05-0256__C3-M2.npy
pn2018,tr05-0256,tr05-0256,C4-M1,train,259800,/data/gen/tokens/pn2018/tr05-0256__C4-M1.npy
pn2018,tr05-0256,tr05-0256,O1-M2,train,259800,/data/gen/tokens/pn2018/tr05-0256__O1-M2.npy
pn2018,tr05-0256,tr05-0256,O2-M1,train,259800,/data/gen/tokens/pn2018/tr05-0256__O2-M1.npy
pn2018,tr05-0284,tr05-0284,F3-M2,train,281700,/data/gen/tokens/pn2018/tr05-0284__F3-M2.npy
pn2018,tr05-0284,tr05-0284,F4-M1,train,281700,/data/gen/tokens/pn2018/tr05-0284__F4-M1.npy
pn2018,tr05-0284,tr05-0284,C3-M2,train,281700,/data/gen/tokens/pn2018/tr05-0284__C3-M2.npy
pn2018,tr05-0284,tr05-0284,C4-M1,train,281700,/data/gen/tokens/pn2018/tr05-0284__C4-M1.npy
pn2018,tr05-0284,tr05-0284,O1-M2,train,281700,/data/gen/tokens/pn2018/tr05-0284__O1-M2.npy
pn2018,tr05-0284,tr05-0284,O2-M1,train,281700,/data/gen/tokens/pn2018/tr05-0284__O2-M1.npy
pn2018,tr05-0266,tr05-0266,F3-M2,train,297300,/data/gen/tokens/pn2018/tr05-0266__F3-M2.npy
pn2018,tr05-0266,tr05-0266,F4-M1,train,297300,/data/gen/tokens/pn2018/tr05-0266__F4-M1.npy
pn2018,tr05-0266,tr05-0266,C3-M2,train,297300,/data/gen/tokens/pn2018/tr05-0266__C3-M2.npy
pn2018,tr05-0266,tr05-0266,C4-M1,train,297300,/data/gen/tokens/pn2018/tr05-0266__C4-M1.npy
pn2018,tr05-0266,tr05-0266,O1-M2,train,297300,/data/gen/tokens/pn2018/tr05-0266__O1-M2.npy
pn2018,tr05-0266,tr05-0266,O2-M1,train,297300,/data/gen/tokens/pn2018/tr05-0266__O2-M1.npy
pn2018,tr05-0292,tr05-0292,F3-M2,train,282900,/data/gen/tokens/pn2018/tr05-0292__F3-M2.npy
pn2018,tr05-0292,tr05-0292,F4-M1,train,282900,/data/gen/tokens/pn2018/tr05-0292__F4-M1.npy
pn2018,tr05-0292,tr05-0292,C3-M2,train,282900,/data/gen/tokens/pn2018/tr05-0292__C3-M2.npy
pn2018,tr05-0292,tr05-0292,C4-M1,train,282900,/data/gen/tokens/pn2018/tr05-0292__C4-M1.npy
pn2018,tr05-0292,tr05-0292,O1-M2,train,282900,/data/gen/tokens/pn2018/tr05-0292__O1-M2.npy
pn2018,tr05-0292,tr05-0292,O2-M1,train,282900,/data/gen/tokens/pn2018/tr05-0292__O2-M1.npy
pn2018,tr05-0301,tr05-0301,F3-M2,train,271200,/data/gen/tokens/pn2018/tr05-0301__F3-M2.npy
pn2018,tr05-0301,tr05-0301,F4-M1,train,271200,/data/gen/tokens/pn2018/tr05-0301__F4-M1.npy
pn2018,tr05-0301,tr05-0301,C3-M2,train,271200,/data/gen/tokens/pn2018/tr05-0301__C3-M2.npy
pn2018,tr05-0301,tr05-0301,C4-M1,train,271200,/data/gen/tokens/pn2018/tr05-0301__C4-M1.npy
pn2018,tr05-0301,tr05-0301,O1-M2,train,271200,/data/gen/tokens/pn2018/tr05-0301__O1-M2.npy
pn2018,tr05-0301,tr05-0301,O2-M1,train,271200,/data/gen/tokens/pn2018/tr05-0301__O2-M1.npy
pn2018,tr05-0260,tr05-0260,F3-M2,train,317400,/data/gen/tokens/pn2018/tr05-0260__F3-M2.npy
pn2018,tr05-0260,tr05-0260,F4-M1,train,317400,/data/gen/tokens/pn2018/tr05-0260__F4-M1.npy
pn2018,tr05-0260,tr05-0260,C3-M2,train,317400,/data/gen/tokens/pn2018/tr05-0260__C3-M2.npy
pn2018,tr05-0260,tr05-0260,C4-M1,train,317400,/data/gen/tokens/pn2018/tr05-0260__C4-M1.npy
pn2018,tr05-0260,tr05-0260,O1-M2,train,317400,/data/gen/tokens/pn2018/tr05-0260__O1-M2.npy
pn2018,tr05-0260,tr05-0260,O2-M1,train,317400,/data/gen/tokens/pn2018/tr05-0260__O2-M1.npy
pn2018,tr05-0315,tr05-0315,F3-M2,train,267000,/data/gen/tokens/pn2018/tr05-0315__F3-M2.npy
pn2018,tr05-0315,tr05-0315,F4-M1,train,267000,/data/gen/tokens/pn2018/tr05-0315__F4-M1.npy
pn2018,tr05-0315,tr05-0315,C3-M2,train,267000,/data/gen/tokens/pn2018/tr05-0315__C3-M2.npy
pn2018,tr05-0315,tr05-0315,C4-M1,train,267000,/data/gen/tokens/pn2018/tr05-0315__C4-M1.npy
pn2018,tr05-0315,tr05-0315,O1-M2,train,267000,/data/gen/tokens/pn2018/tr05-0315__O1-M2.npy
pn2018,tr05-0315,tr05-0315,O2-M1,train,267000,/data/gen/tokens/pn2018/tr05-0315__O2-M1.npy
pn2018,tr05-0312,tr05-0312,F3-M2,train,302700,/data/gen/tokens/pn2018/tr05-0312__F3-M2.npy
pn2018,tr05-0312,tr05-0312,F4-M1,train,302700,/data/gen/tokens/pn2018/tr05-0312__F4-M1.npy
pn2018,tr05-0312,tr05-0312,C3-M2,train,302700,/data/gen/tokens/pn2018/tr05-0312__C3-M2.npy
pn2018,tr05-0312,tr05-0312,C4-M1,train,302700,/data/gen/tokens/pn2018/tr05-0312__C4-M1.npy
pn2018,tr05-0312,tr05-0312,O1-M2,train,302700,/data/gen/tokens/pn2018/tr05-0312__O1-M2.npy
pn2018,tr05-0312,tr05-0312,O2-M1,train,302700,/data/gen/tokens/pn2018/tr05-0312__O2-M1.npy
pn2018,tr05-0356,tr05-0356,F3-M2,heldout,237000,/data/gen/tokens/pn2018/tr05-0356__F3-M2.npy
pn2018,tr05-0356,tr05-0356,F4-M1,heldout,237000,/data/gen/tokens/pn2018/tr05-0356__F4-M1.npy
pn2018,tr05-0356,tr05-0356,C3-M2,heldout,237000,/data/gen/tokens/pn2018/tr05-0356__C3-M2.npy
pn2018,tr05-0356,tr05-0356,C4-M1,heldout,237000,/data/gen/tokens/pn2018/tr05-0356__C4-M1.npy
pn2018,tr05-0356,tr05-0356,O1-M2,heldout,237000,/data/gen/tokens/pn2018/tr05-0356__O1-M2.npy
pn2018,tr05-0356,tr05-0356,O2-M1,heldout,237000,/data/gen/tokens/pn2018/tr05-0356__O2-M1.npy
pn2018,tr05-0326,tr05-0326,F3-M2,heldout,277200,/data/gen/tokens/pn2018/tr05-0326__F3-M2.npy
pn2018,tr05-0326,tr05-0326,F4-M1,heldout,277200,/data/gen/tokens/pn2018/tr05-0326__F4-M1.npy
pn2018,tr05-0326,tr05-0326,C3-M2,heldout,277200,/data/gen/tokens/pn2018/tr05-0326__C3-M2.npy
pn2018,tr05-0326,tr05-0326,C4-M1,heldout,277200,/data/gen/tokens/pn2018/tr05-0326__C4-M1.npy
pn2018,tr05-0326,tr05-0326,O1-M2,heldout,277200,/data/gen/tokens/pn2018/tr05-0326__O1-M2.npy
pn2018,tr05-0326,tr05-0326,O2-M1,heldout,277200,/data/gen/tokens/pn2018/tr05-0326__O2-M1.npy
pn2018,tr05-0327,tr05-0327,F3-M2,train,263700,/data/gen/tokens/pn2018/tr05-0327__F3-M2.npy
pn2018,tr05-0327,tr05-0327,F4-M1,train,263700,/data/gen/tokens/pn2018/tr05-0327__F4-M1.npy
pn2018,tr05-0327,tr05-0327,C3-M2,train,263700,/data/gen/tokens/pn2018/tr05-0327__C3-M2.npy
pn2018,tr05-0327,tr05-0327,C4-M1,train,263700,/data/gen/tokens/pn2018/tr05-0327__C4-M1.npy
pn2018,tr05-0327,tr05-0327,O1-M2,train,263700,/data/gen/tokens/pn2018/tr05-0327__O1-M2.npy
pn2018,tr05-0327,tr05-0327,O2-M1,train,263700,/data/gen/tokens/pn2018/tr05-0327__O2-M1.npy
pn2018,tr05-0332,tr05-0332,F3-M2,train,266700,/data/gen/tokens/pn2018/tr05-0332__F3-M2.npy
pn2018,tr05-0332,tr05-0332,F4-M1,train,266700,/data/gen/tokens/pn2018/tr05-0332__F4-M1.npy
pn2018,tr05-0332,tr05-0332,C3-M2,train,266700,/data/gen/tokens/pn2018/tr05-0332__C3-M2.npy
pn2018,tr05-0332,tr05-0332,C4-M1,train,266700,/data/gen/tokens/pn2018/tr05-0332__C4-M1.npy
pn2018,tr05-0332,tr05-0332,O1-M2,train,266700,/data/gen/tokens/pn2018/tr05-0332__O1-M2.npy
pn2018,tr05-0332,tr05-0332,O2-M1,train,266700,/data/gen/tokens/pn2018/tr05-0332__O2-M1.npy
pn2018,tr05-0348,tr05-0348,F3-M2,train,285600,/data/gen/tokens/pn2018/tr05-0348__F3-M2.npy
pn2018,tr05-0348,tr05-0348,F4-M1,train,285600,/data/gen/tokens/pn2018/tr05-0348__F4-M1.npy
pn2018,tr05-0348,tr05-0348,C3-M2,train,285600,/data/gen/tokens/pn2018/tr05-0348__C3-M2.npy
pn2018,tr05-0348,tr05-0348,C4-M1,train,285600,/data/gen/tokens/pn2018/tr05-0348__C4-M1.npy
pn2018,tr05-0348,tr05-0348,O1-M2,train,285600,/data/gen/tokens/pn2018/tr05-0348__O1-M2.npy
pn2018,tr05-0348,tr05-0348,O2-M1,train,285600,/data/gen/tokens/pn2018/tr05-0348__O2-M1.npy
pn2018,tr05-0334,tr05-0334,F3-M2,train,285900,/data/gen/tokens/pn2018/tr05-0334__F3-M2.npy
pn2018,tr05-0334,tr05-0334,F4-M1,train,285900,/data/gen/tokens/pn2018/tr05-0334__F4-M1.npy
pn2018,tr05-0334,tr05-0334,C3-M2,train,285900,/data/gen/tokens/pn2018/tr05-0334__C3-M2.npy
pn2018,tr05-0334,tr05-0334,C4-M1,train,285900,/data/gen/tokens/pn2018/tr05-0334__C4-M1.npy
pn2018,tr05-0334,tr05-0334,O1-M2,train,285900,/data/gen/tokens/pn2018/tr05-0334__O1-M2.npy
pn2018,tr05-0334,tr05-0334,O2-M1,train,285900,/data/gen/tokens/pn2018/tr05-0334__O2-M1.npy
pn2018,tr05-0379,tr05-0379,F3-M2,heldout,291600,/data/gen/tokens/pn2018/tr05-0379__F3-M2.npy
pn2018,tr05-0379,tr05-0379,F4-M1,heldout,291600,/data/gen/tokens/pn2018/tr05-0379__F4-M1.npy
pn2018,tr05-0379,tr05-0379,C3-M2,heldout,291600,/data/gen/tokens/pn2018/tr05-0379__C3-M2.npy
pn2018,tr05-0379,tr05-0379,C4-M1,heldout,291600,/data/gen/tokens/pn2018/tr05-0379__C4-M1.npy
pn2018,tr05-0379,tr05-0379,O1-M2,heldout,291600,/data/gen/tokens/pn2018/tr05-0379__O1-M2.npy
pn2018,tr05-0379,tr05-0379,O2-M1,heldout,291600,/data/gen/tokens/pn2018/tr05-0379__O2-M1.npy
pn2018,tr05-0400,tr05-0400,F3-M2,train,285900,/data/gen/tokens/pn2018/tr05-0400__F3-M2.npy
pn2018,tr05-0400,tr05-0400,F4-M1,train,285900,/data/gen/tokens/pn2018/tr05-0400__F4-M1.npy
pn2018,tr05-0400,tr05-0400,C3-M2,train,285900,/data/gen/tokens/pn2018/tr05-0400__C3-M2.npy
pn2018,tr05-0400,tr05-0400,C4-M1,train,285900,/data/gen/tokens/pn2018/tr05-0400__C4-M1.npy
pn2018,tr05-0400,tr05-0400,O1-M2,train,285900,/data/gen/tokens/pn2018/tr05-0400__O1-M2.npy
pn2018,tr05-0400,tr05-0400,O2-M1,train,285900,/data/gen/tokens/pn2018/tr05-0400__O2-M1.npy
pn2018,tr05-0418,tr05-0418,F3-M2,train,261000,/data/gen/tokens/pn2018/tr05-0418__F3-M2.npy
pn2018,tr05-0418,tr05-0418,F4-M1,train,261000,/data/gen/tokens/pn2018/tr05-0418__F4-M1.npy
pn2018,tr05-0418,tr05-0418,C3-M2,train,261000,/data/gen/tokens/pn2018/tr05-0418__C3-M2.npy
pn2018,tr05-0418,tr05-0418,C4-M1,train,261000,/data/gen/tokens/pn2018/tr05-0418__C4-M1.npy
pn2018,tr05-0418,tr05-0418,O1-M2,train,261000,/data/gen/tokens/pn2018/tr05-0418__O1-M2.npy
pn2018,tr05-0418,tr05-0418,O2-M1,train,261000,/data/gen/tokens/pn2018/tr05-0418__O2-M1.npy
pn2018,tr05-0405,tr05-0405,F3-M2,train,251700,/data/gen/tokens/pn2018/tr05-0405__F3-M2.npy
pn2018,tr05-0405,tr05-0405,F4-M1,train,251700,/data/gen/tokens/pn2018/tr05-0405__F4-M1.npy
pn2018,tr05-0405,tr05-0405,C3-M2,train,251700,/data/gen/tokens/pn2018/tr05-0405__C3-M2.npy
pn2018,tr05-0405,tr05-0405,C4-M1,train,251700,/data/gen/tokens/pn2018/tr05-0405__C4-M1.npy
pn2018,tr05-0405,tr05-0405,O1-M2,train,251700,/data/gen/tokens/pn2018/tr05-0405__O1-M2.npy
pn2018,tr05-0405,tr05-0405,O2-M1,train,251700,/data/gen/tokens/pn2018/tr05-0405__O2-M1.npy
pn2018,tr05-0403,tr05-0403,F3-M2,heldout,295800,/data/gen/tokens/pn2018/tr05-0403__F3-M2.npy
pn2018,tr05-0403,tr05-0403,F4-M1,heldout,295800,/data/gen/tokens/pn2018/tr05-0403__F4-M1.npy
pn2018,tr05-0403,tr05-0403,C3-M2,heldout,295800,/data/gen/tokens/pn2018/tr05-0403__C3-M2.npy
pn2018,tr05-0403,tr05-0403,C4-M1,heldout,295800,/data/gen/tokens/pn2018/tr05-0403__C4-M1.npy
pn2018,tr05-0403,tr05-0403,O1-M2,heldout,295800,/data/gen/tokens/pn2018/tr05-0403__O1-M2.npy
pn2018,tr05-0403,tr05-0403,O2-M1,heldout,295800,/data/gen/tokens/pn2018/tr05-0403__O2-M1.npy
pn2018,tr05-0411,tr05-0411,F3-M2,train,266100,/data/gen/tokens/pn2018/tr05-0411__F3-M2.npy
pn2018,tr05-0411,tr05-0411,F4-M1,train,266100,/data/gen/tokens/pn2018/tr05-0411__F4-M1.npy
pn2018,tr05-0411,tr05-0411,C3-M2,train,266100,/data/gen/tokens/pn2018/tr05-0411__C3-M2.npy
pn2018,tr05-0411,tr05-0411,C4-M1,train,266100,/data/gen/tokens/pn2018/tr05-0411__C4-M1.npy
pn2018,tr05-0411,tr05-0411,O1-M2,train,266100,/data/gen/tokens/pn2018/tr05-0411__O1-M2.npy
pn2018,tr05-0411,tr05-0411,O2-M1,train,266100,/data/gen/tokens/pn2018/tr05-0411__O2-M1.npy
pn2018,tr05-0404,tr05-0404,F3-M2,train,306900,/data/gen/tokens/pn2018/tr05-0404__F3-M2.npy
pn2018,tr05-0404,tr05-0404,F4-M1,train,306900,/data/gen/tokens/pn2018/tr05-0404__F4-M1.npy
pn2018,tr05-0404,tr05-0404,C3-M2,train,306900,/data/gen/tokens/pn2018/tr05-0404__C3-M2.npy
pn2018,tr05-0404,tr05-0404,C4-M1,train,306900,/data/gen/tokens/pn2018/tr05-0404__C4-M1.npy
pn2018,tr05-0404,tr05-0404,O1-M2,train,306900,/data/gen/tokens/pn2018/tr05-0404__O1-M2.npy
pn2018,tr05-0404,tr05-0404,O2-M1,train,306900,/data/gen/tokens/pn2018/tr05-0404__O2-M1.npy
pn2018,tr05-0443,tr05-0443,F3-M2,train,253500,/data/gen/tokens/pn2018/tr05-0443__F3-M2.npy
pn2018,tr05-0443,tr05-0443,F4-M1,train,253500,/data/gen/tokens/pn2018/tr05-0443__F4-M1.npy
pn2018,tr05-0443,tr05-0443,C3-M2,train,253500,/data/gen/tokens/pn2018/tr05-0443__C3-M2.npy
pn2018,tr05-0443,tr05-0443,C4-M1,train,253500,/data/gen/tokens/pn2018/tr05-0443__C4-M1.npy
pn2018,tr05-0443,tr05-0443,O1-M2,train,253500,/data/gen/tokens/pn2018/tr05-0443__O1-M2.npy
pn2018,tr05-0443,tr05-0443,O2-M1,train,253500,/data/gen/tokens/pn2018/tr05-0443__O2-M1.npy
pn2018,tr05-0449,tr05-0449,F3-M2,train,311100,/data/gen/tokens/pn2018/tr05-0449__F3-M2.npy
pn2018,tr05-0449,tr05-0449,F4-M1,train,311100,/data/gen/tokens/pn2018/tr05-0449__F4-M1.npy
pn2018,tr05-0449,tr05-0449,C3-M2,train,311100,/data/gen/tokens/pn2018/tr05-0449__C3-M2.npy
pn2018,tr05-0449,tr05-0449,C4-M1,train,311100,/data/gen/tokens/pn2018/tr05-0449__C4-M1.npy
pn2018,tr05-0449,tr05-0449,O1-M2,train,311100,/data/gen/tokens/pn2018/tr05-0449__O1-M2.npy
pn2018,tr05-0449,tr05-0449,O2-M1,train,311100,/data/gen/tokens/pn2018/tr05-0449__O2-M1.npy
pn2018,tr05-0456,tr05-0456,F3-M2,train,284100,/data/gen/tokens/pn2018/tr05-0456__F3-M2.npy
pn2018,tr05-0456,tr05-0456,F4-M1,train,284100,/data/gen/tokens/pn2018/tr05-0456__F4-M1.npy
pn2018,tr05-0456,tr05-0456,C3-M2,train,284100,/data/gen/tokens/pn2018/tr05-0456__C3-M2.npy
pn2018,tr05-0456,tr05-0456,C4-M1,train,284100,/data/gen/tokens/pn2018/tr05-0456__C4-M1.npy
pn2018,tr05-0456,tr05-0456,O1-M2,train,284100,/data/gen/tokens/pn2018/tr05-0456__O1-M2.npy
pn2018,tr05-0456,tr05-0456,O2-M1,train,284100,/data/gen/tokens/pn2018/tr05-0456__O2-M1.npy
pn2018,tr05-0471,tr05-0471,F3-M2,train,285900,/data/gen/tokens/pn2018/tr05-0471__F3-M2.npy
pn2018,tr05-0471,tr05-0471,F4-M1,train,285900,/data/gen/tokens/pn2018/tr05-0471__F4-M1.npy
pn2018,tr05-0471,tr05-0471,C3-M2,train,285900,/data/gen/tokens/pn2018/tr05-0471__C3-M2.npy
pn2018,tr05-0471,tr05-0471,C4-M1,train,285900,/data/gen/tokens/pn2018/tr05-0471__C4-M1.npy
pn2018,tr05-0471,tr05-0471,O1-M2,train,285900,/data/gen/tokens/pn2018/tr05-0471__O1-M2.npy
pn2018,tr05-0471,tr05-0471,O2-M1,train,285900,/data/gen/tokens/pn2018/tr05-0471__O2-M1.npy
pn2018,tr05-0549,tr05-0549,F3-M2,train,237900,/data/gen/tokens/pn2018/tr05-0549__F3-M2.npy
pn2018,tr05-0549,tr05-0549,F4-M1,train,237900,/data/gen/tokens/pn2018/tr05-0549__F4-M1.npy
pn2018,tr05-0549,tr05-0549,C3-M2,train,237900,/data/gen/tokens/pn2018/tr05-0549__C3-M2.npy
pn2018,tr05-0549,tr05-0549,C4-M1,train,237900,/data/gen/tokens/pn2018/tr05-0549__C4-M1.npy
pn2018,tr05-0549,tr05-0549,O1-M2,train,237900,/data/gen/tokens/pn2018/tr05-0549__O1-M2.npy
pn2018,tr05-0549,tr05-0549,O2-M1,train,237900,/data/gen/tokens/pn2018/tr05-0549__O2-M1.npy
pn2018,tr05-0531,tr05-0531,F3-M2,train,290100,/data/gen/tokens/pn2018/tr05-0531__F3-M2.npy
pn2018,tr05-0531,tr05-0531,F4-M1,train,290100,/data/gen/tokens/pn2018/tr05-0531__F4-M1.npy
pn2018,tr05-0531,tr05-0531,C3-M2,train,290100,/data/gen/tokens/pn2018/tr05-0531__C3-M2.npy
pn2018,tr05-0531,tr05-0531,C4-M1,train,290100,/data/gen/tokens/pn2018/tr05-0531__C4-M1.npy
pn2018,tr05-0531,tr05-0531,O1-M2,train,290100,/data/gen/tokens/pn2018/tr05-0531__O1-M2.npy
pn2018,tr05-0531,tr05-0531,O2-M1,train,290100,/data/gen/tokens/pn2018/tr05-0531__O2-M1.npy
pn2018,tr05-0459,tr05-0459,F3-M2,train,307800,/data/gen/tokens/pn2018/tr05-0459__F3-M2.npy
pn2018,tr05-0459,tr05-0459,F4-M1,train,307800,/data/gen/tokens/pn2018/tr05-0459__F4-M1.npy
pn2018,tr05-0459,tr05-0459,C3-M2,train,307800,/data/gen/tokens/pn2018/tr05-0459__C3-M2.npy
pn2018,tr05-0459,tr05-0459,C4-M1,train,307800,/data/gen/tokens/pn2018/tr05-0459__C4-M1.npy
pn2018,tr05-0459,tr05-0459,O1-M2,train,307800,/data/gen/tokens/pn2018/tr05-0459__O1-M2.npy
pn2018,tr05-0459,tr05-0459,O2-M1,train,307800,/data/gen/tokens/pn2018/tr05-0459__O2-M1.npy
pn2018,tr05-0501,tr05-0501,F3-M2,train,272700,/data/gen/tokens/pn2018/tr05-0501__F3-M2.npy
pn2018,tr05-0501,tr05-0501,F4-M1,train,272700,/data/gen/tokens/pn2018/tr05-0501__F4-M1.npy
pn2018,tr05-0501,tr05-0501,C3-M2,train,272700,/data/gen/tokens/pn2018/tr05-0501__C3-M2.npy
pn2018,tr05-0501,tr05-0501,C4-M1,train,272700,/data/gen/tokens/pn2018/tr05-0501__C4-M1.npy
pn2018,tr05-0501,tr05-0501,O1-M2,train,272700,/data/gen/tokens/pn2018/tr05-0501__O1-M2.npy
pn2018,tr05-0501,tr05-0501,O2-M1,train,272700,/data/gen/tokens/pn2018/tr05-0501__O2-M1.npy
pn2018,tr05-0497,tr05-0497,F3-M2,train,270000,/data/gen/tokens/pn2018/tr05-0497__F3-M2.npy
pn2018,tr05-0497,tr05-0497,F4-M1,train,270000,/data/gen/tokens/pn2018/tr05-0497__F4-M1.npy
pn2018,tr05-0497,tr05-0497,C3-M2,train,270000,/data/gen/tokens/pn2018/tr05-0497__C3-M2.npy
pn2018,tr05-0497,tr05-0497,C4-M1,train,270000,/data/gen/tokens/pn2018/tr05-0497__C4-M1.npy
pn2018,tr05-0497,tr05-0497,O1-M2,train,270000,/data/gen/tokens/pn2018/tr05-0497__O1-M2.npy
pn2018,tr05-0497,tr05-0497,O2-M1,train,270000,/data/gen/tokens/pn2018/tr05-0497__O2-M1.npy
pn2018,tr05-0550,tr05-0550,F3-M2,train,296400,/data/gen/tokens/pn2018/tr05-0550__F3-M2.npy
pn2018,tr05-0550,tr05-0550,F4-M1,train,296400,/data/gen/tokens/pn2018/tr05-0550__F4-M1.npy
pn2018,tr05-0550,tr05-0550,C3-M2,train,296400,/data/gen/tokens/pn2018/tr05-0550__C3-M2.npy
pn2018,tr05-0550,tr05-0550,C4-M1,train,296400,/data/gen/tokens/pn2018/tr05-0550__C4-M1.npy
pn2018,tr05-0550,tr05-0550,O1-M2,train,296400,/data/gen/tokens/pn2018/tr05-0550__O1-M2.npy
pn2018,tr05-0550,tr05-0550,O2-M1,train,296400,/data/gen/tokens/pn2018/tr05-0550__O2-M1.npy
pn2018,tr05-0572,tr05-0572,F3-M2,train,291300,/data/gen/tokens/pn2018/tr05-0572__F3-M2.npy
pn2018,tr05-0572,tr05-0572,F4-M1,train,291300,/data/gen/tokens/pn2018/tr05-0572__F4-M1.npy
pn2018,tr05-0572,tr05-0572,C3-M2,train,291300,/data/gen/tokens/pn2018/tr05-0572__C3-M2.npy
pn2018,tr05-0572,tr05-0572,C4-M1,train,291300,/data/gen/tokens/pn2018/tr05-0572__C4-M1.npy
pn2018,tr05-0572,tr05-0572,O1-M2,train,291300,/data/gen/tokens/pn2018/tr05-0572__O1-M2.npy
pn2018,tr05-0572,tr05-0572,O2-M1,train,291300,/data/gen/tokens/pn2018/tr05-0572__O2-M1.npy
pn2018,tr05-0574,tr05-0574,F3-M2,train,275700,/data/gen/tokens/pn2018/tr05-0574__F3-M2.npy
pn2018,tr05-0574,tr05-0574,F4-M1,train,275700,/data/gen/tokens/pn2018/tr05-0574__F4-M1.npy
pn2018,tr05-0574,tr05-0574,C3-M2,train,275700,/data/gen/tokens/pn2018/tr05-0574__C3-M2.npy
pn2018,tr05-0574,tr05-0574,C4-M1,train,275700,/data/gen/tokens/pn2018/tr05-0574__C4-M1.npy
pn2018,tr05-0574,tr05-0574,O1-M2,train,275700,/data/gen/tokens/pn2018/tr05-0574__O1-M2.npy
pn2018,tr05-0574,tr05-0574,O2-M1,train,275700,/data/gen/tokens/pn2018/tr05-0574__O2-M1.npy
pn2018,tr05-0596,tr05-0596,F3-M2,train,260700,/data/gen/tokens/pn2018/tr05-0596__F3-M2.npy
pn2018,tr05-0596,tr05-0596,F4-M1,train,260700,/data/gen/tokens/pn2018/tr05-0596__F4-M1.npy
pn2018,tr05-0596,tr05-0596,C3-M2,train,260700,/data/gen/tokens/pn2018/tr05-0596__C3-M2.npy
pn2018,tr05-0596,tr05-0596,C4-M1,train,260700,/data/gen/tokens/pn2018/tr05-0596__C4-M1.npy
pn2018,tr05-0596,tr05-0596,O1-M2,train,260700,/data/gen/tokens/pn2018/tr05-0596__O1-M2.npy
pn2018,tr05-0596,tr05-0596,O2-M1,train,260700,/data/gen/tokens/pn2018/tr05-0596__O2-M1.npy
pn2018,tr05-0610,tr05-0610,F3-M2,train,238200,/data/gen/tokens/pn2018/tr05-0610__F3-M2.npy
pn2018,tr05-0610,tr05-0610,F4-M1,train,238200,/data/gen/tokens/pn2018/tr05-0610__F4-M1.npy
pn2018,tr05-0610,tr05-0610,C3-M2,train,238200,/data/gen/tokens/pn2018/tr05-0610__C3-M2.npy
pn2018,tr05-0610,tr05-0610,C4-M1,train,238200,/data/gen/tokens/pn2018/tr05-0610__C4-M1.npy
pn2018,tr05-0610,tr05-0610,O1-M2,train,238200,/data/gen/tokens/pn2018/tr05-0610__O1-M2.npy
pn2018,tr05-0610,tr05-0610,O2-M1,train,238200,/data/gen/tokens/pn2018/tr05-0610__O2-M1.npy
pn2018,tr05-0613,tr05-0613,F3-M2,train,253200,/data/gen/tokens/pn2018/tr05-0613__F3-M2.npy
pn2018,tr05-0613,tr05-0613,F4-M1,train,253200,/data/gen/tokens/pn2018/tr05-0613__F4-M1.npy
pn2018,tr05-0613,tr05-0613,C3-M2,train,253200,/data/gen/tokens/pn2018/tr05-0613__C3-M2.npy
pn2018,tr05-0613,tr05-0613,C4-M1,train,253200,/data/gen/tokens/pn2018/tr05-0613__C4-M1.npy
pn2018,tr05-0613,tr05-0613,O1-M2,train,253200,/data/gen/tokens/pn2018/tr05-0613__O1-M2.npy
pn2018,tr05-0613,tr05-0613,O2-M1,train,253200,/data/gen/tokens/pn2018/tr05-0613__O2-M1.npy
pn2018,tr05-0570,tr05-0570,F3-M2,train,300000,/data/gen/tokens/pn2018/tr05-0570__F3-M2.npy
pn2018,tr05-0570,tr05-0570,F4-M1,train,300000,/data/gen/tokens/pn2018/tr05-0570__F4-M1.npy
pn2018,tr05-0570,tr05-0570,C3-M2,train,300000,/data/gen/tokens/pn2018/tr05-0570__C3-M2.npy
pn2018,tr05-0570,tr05-0570,C4-M1,train,300000,/data/gen/tokens/pn2018/tr05-0570__C4-M1.npy
pn2018,tr05-0570,tr05-0570,O1-M2,train,300000,/data/gen/tokens/pn2018/tr05-0570__O1-M2.npy
pn2018,tr05-0570,tr05-0570,O2-M1,train,300000,/data/gen/tokens/pn2018/tr05-0570__O2-M1.npy
pn2018,tr05-0629,tr05-0629,F3-M2,heldout,265200,/data/gen/tokens/pn2018/tr05-0629__F3-M2.npy
pn2018,tr05-0629,tr05-0629,F4-M1,heldout,265200,/data/gen/tokens/pn2018/tr05-0629__F4-M1.npy
pn2018,tr05-0629,tr05-0629,C3-M2,heldout,265200,/data/gen/tokens/pn2018/tr05-0629__C3-M2.npy
pn2018,tr05-0629,tr05-0629,C4-M1,heldout,265200,/data/gen/tokens/pn2018/tr05-0629__C4-M1.npy
pn2018,tr05-0629,tr05-0629,O1-M2,heldout,265200,/data/gen/tokens/pn2018/tr05-0629__O1-M2.npy
pn2018,tr05-0629,tr05-0629,O2-M1,heldout,265200,/data/gen/tokens/pn2018/tr05-0629__O2-M1.npy
pn2018,tr05-0627,tr05-0627,F3-M2,train,281100,/data/gen/tokens/pn2018/tr05-0627__F3-M2.npy
pn2018,tr05-0627,tr05-0627,F4-M1,train,281100,/data/gen/tokens/pn2018/tr05-0627__F4-M1.npy
pn2018,tr05-0627,tr05-0627,C3-M2,train,281100,/data/gen/tokens/pn2018/tr05-0627__C3-M2.npy
pn2018,tr05-0627,tr05-0627,C4-M1,train,281100,/data/gen/tokens/pn2018/tr05-0627__C4-M1.npy
pn2018,tr05-0627,tr05-0627,O1-M2,train,281100,/data/gen/tokens/pn2018/tr05-0627__O1-M2.npy
pn2018,tr05-0627,tr05-0627,O2-M1,train,281100,/data/gen/tokens/pn2018/tr05-0627__O2-M1.npy
pn2018,tr05-0635,tr05-0635,F3-M2,train,293400,/data/gen/tokens/pn2018/tr05-0635__F3-M2.npy
pn2018,tr05-0635,tr05-0635,F4-M1,train,293400,/data/gen/tokens/pn2018/tr05-0635__F4-M1.npy
pn2018,tr05-0635,tr05-0635,C3-M2,train,293400,/data/gen/tokens/pn2018/tr05-0635__C3-M2.npy
pn2018,tr05-0635,tr05-0635,C4-M1,train,293400,/data/gen/tokens/pn2018/tr05-0635__C4-M1.npy
pn2018,tr05-0635,tr05-0635,O1-M2,train,293400,/data/gen/tokens/pn2018/tr05-0635__O1-M2.npy
pn2018,tr05-0635,tr05-0635,O2-M1,train,293400,/data/gen/tokens/pn2018/tr05-0635__O2-M1.npy
pn2018,tr05-0646,tr05-0646,F3-M2,train,259500,/data/gen/tokens/pn2018/tr05-0646__F3-M2.npy
pn2018,tr05-0646,tr05-0646,F4-M1,train,259500,/data/gen/tokens/pn2018/tr05-0646__F4-M1.npy
pn2018,tr05-0646,tr05-0646,C3-M2,train,259500,/data/gen/tokens/pn2018/tr05-0646__C3-M2.npy
pn2018,tr05-0646,tr05-0646,C4-M1,train,259500,/data/gen/tokens/pn2018/tr05-0646__C4-M1.npy
pn2018,tr05-0646,tr05-0646,O1-M2,train,259500,/data/gen/tokens/pn2018/tr05-0646__O1-M2.npy
pn2018,tr05-0646,tr05-0646,O2-M1,train,259500,/data/gen/tokens/pn2018/tr05-0646__O2-M1.npy
pn2018,tr05-0647,tr05-0647,F3-M2,train,276300,/data/gen/tokens/pn2018/tr05-0647__F3-M2.npy
pn2018,tr05-0647,tr05-0647,F4-M1,train,276300,/data/gen/tokens/pn2018/tr05-0647__F4-M1.npy
pn2018,tr05-0647,tr05-0647,C3-M2,train,276300,/data/gen/tokens/pn2018/tr05-0647__C3-M2.npy
pn2018,tr05-0647,tr05-0647,C4-M1,train,276300,/data/gen/tokens/pn2018/tr05-0647__C4-M1.npy
pn2018,tr05-0647,tr05-0647,O1-M2,train,276300,/data/gen/tokens/pn2018/tr05-0647__O1-M2.npy
pn2018,tr05-0647,tr05-0647,O2-M1,train,276300,/data/gen/tokens/pn2018/tr05-0647__O2-M1.npy
pn2018,tr05-0652,tr05-0652,F3-M2,train,269400,/data/gen/tokens/pn2018/tr05-0652__F3-M2.npy
pn2018,tr05-0652,tr05-0652,F4-M1,train,269400,/data/gen/tokens/pn2018/tr05-0652__F4-M1.npy
pn2018,tr05-0652,tr05-0652,C3-M2,train,269400,/data/gen/tokens/pn2018/tr05-0652__C3-M2.npy
pn2018,tr05-0652,tr05-0652,C4-M1,train,269400,/data/gen/tokens/pn2018/tr05-0652__C4-M1.npy
pn2018,tr05-0652,tr05-0652,O1-M2,train,269400,/data/gen/tokens/pn2018/tr05-0652__O1-M2.npy
pn2018,tr05-0652,tr05-0652,O2-M1,train,269400,/data/gen/tokens/pn2018/tr05-0652__O2-M1.npy
pn2018,tr05-0655,tr05-0655,F3-M2,train,276300,/data/gen/tokens/pn2018/tr05-0655__F3-M2.npy
pn2018,tr05-0655,tr05-0655,F4-M1,train,276300,/data/gen/tokens/pn2018/tr05-0655__F4-M1.npy
pn2018,tr05-0655,tr05-0655,C3-M2,train,276300,/data/gen/tokens/pn2018/tr05-0655__C3-M2.npy
pn2018,tr05-0655,tr05-0655,C4-M1,train,276300,/data/gen/tokens/pn2018/tr05-0655__C4-M1.npy
pn2018,tr05-0655,tr05-0655,O1-M2,train,276300,/data/gen/tokens/pn2018/tr05-0655__O1-M2.npy
pn2018,tr05-0655,tr05-0655,O2-M1,train,276300,/data/gen/tokens/pn2018/tr05-0655__O2-M1.npy
pn2018,tr05-0664,tr05-0664,F3-M2,train,265500,/data/gen/tokens/pn2018/tr05-0664__F3-M2.npy
pn2018,tr05-0664,tr05-0664,F4-M1,train,265500,/data/gen/tokens/pn2018/tr05-0664__F4-M1.npy
pn2018,tr05-0664,tr05-0664,C3-M2,train,265500,/data/gen/tokens/pn2018/tr05-0664__C3-M2.npy
pn2018,tr05-0664,tr05-0664,C4-M1,train,265500,/data/gen/tokens/pn2018/tr05-0664__C4-M1.npy
pn2018,tr05-0664,tr05-0664,O1-M2,train,265500,/data/gen/tokens/pn2018/tr05-0664__O1-M2.npy
pn2018,tr05-0664,tr05-0664,O2-M1,train,265500,/data/gen/tokens/pn2018/tr05-0664__O2-M1.npy
pn2018,tr05-0685,tr05-0685,F3-M2,train,266100,/data/gen/tokens/pn2018/tr05-0685__F3-M2.npy
pn2018,tr05-0685,tr05-0685,F4-M1,train,266100,/data/gen/tokens/pn2018/tr05-0685__F4-M1.npy
pn2018,tr05-0685,tr05-0685,C3-M2,train,266100,/data/gen/tokens/pn2018/tr05-0685__C3-M2.npy
pn2018,tr05-0685,tr05-0685,C4-M1,train,266100,/data/gen/tokens/pn2018/tr05-0685__C4-M1.npy
pn2018,tr05-0685,tr05-0685,O1-M2,train,266100,/data/gen/tokens/pn2018/tr05-0685__O1-M2.npy
pn2018,tr05-0685,tr05-0685,O2-M1,train,266100,/data/gen/tokens/pn2018/tr05-0685__O2-M1.npy
pn2018,tr05-0701,tr05-0701,F3-M2,train,235800,/data/gen/tokens/pn2018/tr05-0701__F3-M2.npy
pn2018,tr05-0701,tr05-0701,F4-M1,train,235800,/data/gen/tokens/pn2018/tr05-0701__F4-M1.npy
pn2018,tr05-0701,tr05-0701,C3-M2,train,235800,/data/gen/tokens/pn2018/tr05-0701__C3-M2.npy
pn2018,tr05-0701,tr05-0701,C4-M1,train,235800,/data/gen/tokens/pn2018/tr05-0701__C4-M1.npy
pn2018,tr05-0701,tr05-0701,O1-M2,train,235800,/data/gen/tokens/pn2018/tr05-0701__O1-M2.npy
pn2018,tr05-0701,tr05-0701,O2-M1,train,235800,/data/gen/tokens/pn2018/tr05-0701__O2-M1.npy
pn2018,tr05-0686,tr05-0686,F3-M2,train,288000,/data/gen/tokens/pn2018/tr05-0686__F3-M2.npy
pn2018,tr05-0686,tr05-0686,F4-M1,train,288000,/data/gen/tokens/pn2018/tr05-0686__F4-M1.npy
pn2018,tr05-0686,tr05-0686,C3-M2,train,288000,/data/gen/tokens/pn2018/tr05-0686__C3-M2.npy
pn2018,tr05-0686,tr05-0686,C4-M1,train,288000,/data/gen/tokens/pn2018/tr05-0686__C4-M1.npy
pn2018,tr05-0686,tr05-0686,O1-M2,train,288000,/data/gen/tokens/pn2018/tr05-0686__O1-M2.npy
pn2018,tr05-0686,tr05-0686,O2-M1,train,288000,/data/gen/tokens/pn2018/tr05-0686__O2-M1.npy
pn2018,tr05-0738,tr05-0738,F3-M2,heldout,230700,/data/gen/tokens/pn2018/tr05-0738__F3-M2.npy
pn2018,tr05-0738,tr05-0738,F4-M1,heldout,230700,/data/gen/tokens/pn2018/tr05-0738__F4-M1.npy
pn2018,tr05-0738,tr05-0738,C3-M2,heldout,230700,/data/gen/tokens/pn2018/tr05-0738__C3-M2.npy
pn2018,tr05-0738,tr05-0738,C4-M1,heldout,230700,/data/gen/tokens/pn2018/tr05-0738__C4-M1.npy
pn2018,tr05-0738,tr05-0738,O1-M2,heldout,230700,/data/gen/tokens/pn2018/tr05-0738__O1-M2.npy
pn2018,tr05-0738,tr05-0738,O2-M1,heldout,230700,/data/gen/tokens/pn2018/tr05-0738__O2-M1.npy
pn2018,tr05-0724,tr05-0724,F3-M2,train,291900,/data/gen/tokens/pn2018/tr05-0724__F3-M2.npy
pn2018,tr05-0724,tr05-0724,F4-M1,train,291900,/data/gen/tokens/pn2018/tr05-0724__F4-M1.npy
pn2018,tr05-0724,tr05-0724,C3-M2,train,291900,/data/gen/tokens/pn2018/tr05-0724__C3-M2.npy
pn2018,tr05-0724,tr05-0724,C4-M1,train,291900,/data/gen/tokens/pn2018/tr05-0724__C4-M1.npy
pn2018,tr05-0724,tr05-0724,O1-M2,train,291900,/data/gen/tokens/pn2018/tr05-0724__O1-M2.npy
pn2018,tr05-0724,tr05-0724,O2-M1,train,291900,/data/gen/tokens/pn2018/tr05-0724__O2-M1.npy
pn2018,tr05-0707,tr05-0707,F3-M2,train,280200,/data/gen/tokens/pn2018/tr05-0707__F3-M2.npy
pn2018,tr05-0707,tr05-0707,F4-M1,train,280200,/data/gen/tokens/pn2018/tr05-0707__F4-M1.npy
pn2018,tr05-0707,tr05-0707,C3-M2,train,280200,/data/gen/tokens/pn2018/tr05-0707__C3-M2.npy
pn2018,tr05-0707,tr05-0707,C4-M1,train,280200,/data/gen/tokens/pn2018/tr05-0707__C4-M1.npy
pn2018,tr05-0707,tr05-0707,O1-M2,train,280200,/data/gen/tokens/pn2018/tr05-0707__O1-M2.npy
pn2018,tr05-0707,tr05-0707,O2-M1,train,280200,/data/gen/tokens/pn2018/tr05-0707__O2-M1.npy
pn2018,tr05-0715,tr05-0715,F3-M2,train,291000,/data/gen/tokens/pn2018/tr05-0715__F3-M2.npy
pn2018,tr05-0715,tr05-0715,F4-M1,train,291000,/data/gen/tokens/pn2018/tr05-0715__F4-M1.npy
pn2018,tr05-0715,tr05-0715,C3-M2,train,291000,/data/gen/tokens/pn2018/tr05-0715__C3-M2.npy
pn2018,tr05-0715,tr05-0715,C4-M1,train,291000,/data/gen/tokens/pn2018/tr05-0715__C4-M1.npy
pn2018,tr05-0715,tr05-0715,O1-M2,train,291000,/data/gen/tokens/pn2018/tr05-0715__O1-M2.npy
pn2018,tr05-0715,tr05-0715,O2-M1,train,291000,/data/gen/tokens/pn2018/tr05-0715__O2-M1.npy
pn2018,tr05-0784,tr05-0784,F3-M2,train,259500,/data/gen/tokens/pn2018/tr05-0784__F3-M2.npy
pn2018,tr05-0784,tr05-0784,F4-M1,train,259500,/data/gen/tokens/pn2018/tr05-0784__F4-M1.npy
pn2018,tr05-0784,tr05-0784,C3-M2,train,259500,/data/gen/tokens/pn2018/tr05-0784__C3-M2.npy
pn2018,tr05-0784,tr05-0784,C4-M1,train,259500,/data/gen/tokens/pn2018/tr05-0784__C4-M1.npy
pn2018,tr05-0784,tr05-0784,O1-M2,train,259500,/data/gen/tokens/pn2018/tr05-0784__O1-M2.npy
pn2018,tr05-0784,tr05-0784,O2-M1,train,259500,/data/gen/tokens/pn2018/tr05-0784__O2-M1.npy
pn2018,tr05-0739,tr05-0739,F3-M2,train,329400,/data/gen/tokens/pn2018/tr05-0739__F3-M2.npy
pn2018,tr05-0739,tr05-0739,F4-M1,train,329400,/data/gen/tokens/pn2018/tr05-0739__F4-M1.npy
pn2018,tr05-0739,tr05-0739,C3-M2,train,329400,/data/gen/tokens/pn2018/tr05-0739__C3-M2.npy
pn2018,tr05-0739,tr05-0739,C4-M1,train,329400,/data/gen/tokens/pn2018/tr05-0739__C4-M1.npy
pn2018,tr05-0739,tr05-0739,O1-M2,train,329400,/data/gen/tokens/pn2018/tr05-0739__O1-M2.npy
pn2018,tr05-0739,tr05-0739,O2-M1,train,329400,/data/gen/tokens/pn2018/tr05-0739__O2-M1.npy
pn2018,tr05-0744,tr05-0744,F3-M2,train,297600,/data/gen/tokens/pn2018/tr05-0744__F3-M2.npy
pn2018,tr05-0744,tr05-0744,F4-M1,train,297600,/data/gen/tokens/pn2018/tr05-0744__F4-M1.npy
pn2018,tr05-0744,tr05-0744,C3-M2,train,297600,/data/gen/tokens/pn2018/tr05-0744__C3-M2.npy
pn2018,tr05-0744,tr05-0744,C4-M1,train,297600,/data/gen/tokens/pn2018/tr05-0744__C4-M1.npy
pn2018,tr05-0744,tr05-0744,O1-M2,train,297600,/data/gen/tokens/pn2018/tr05-0744__O1-M2.npy
pn2018,tr05-0744,tr05-0744,O2-M1,train,297600,/data/gen/tokens/pn2018/tr05-0744__O2-M1.npy
pn2018,tr05-0782,tr05-0782,F3-M2,train,309000,/data/gen/tokens/pn2018/tr05-0782__F3-M2.npy
pn2018,tr05-0782,tr05-0782,F4-M1,train,309000,/data/gen/tokens/pn2018/tr05-0782__F4-M1.npy
pn2018,tr05-0782,tr05-0782,C3-M2,train,309000,/data/gen/tokens/pn2018/tr05-0782__C3-M2.npy
pn2018,tr05-0782,tr05-0782,C4-M1,train,309000,/data/gen/tokens/pn2018/tr05-0782__C4-M1.npy
pn2018,tr05-0782,tr05-0782,O1-M2,train,309000,/data/gen/tokens/pn2018/tr05-0782__O1-M2.npy
pn2018,tr05-0782,tr05-0782,O2-M1,train,309000,/data/gen/tokens/pn2018/tr05-0782__O2-M1.npy
pn2018,tr05-0800,tr05-0800,F3-M2,train,311400,/data/gen/tokens/pn2018/tr05-0800__F3-M2.npy
pn2018,tr05-0800,tr05-0800,F4-M1,train,311400,/data/gen/tokens/pn2018/tr05-0800__F4-M1.npy
pn2018,tr05-0800,tr05-0800,C3-M2,train,311400,/data/gen/tokens/pn2018/tr05-0800__C3-M2.npy
pn2018,tr05-0800,tr05-0800,C4-M1,train,311400,/data/gen/tokens/pn2018/tr05-0800__C4-M1.npy
pn2018,tr05-0800,tr05-0800,O1-M2,train,311400,/data/gen/tokens/pn2018/tr05-0800__O1-M2.npy
pn2018,tr05-0800,tr05-0800,O2-M1,train,311400,/data/gen/tokens/pn2018/tr05-0800__O2-M1.npy
pn2018,tr05-0827,tr05-0827,F3-M2,train,250500,/data/gen/tokens/pn2018/tr05-0827__F3-M2.npy
pn2018,tr05-0827,tr05-0827,F4-M1,train,250500,/data/gen/tokens/pn2018/tr05-0827__F4-M1.npy
pn2018,tr05-0827,tr05-0827,C3-M2,train,250500,/data/gen/tokens/pn2018/tr05-0827__C3-M2.npy
pn2018,tr05-0827,tr05-0827,C4-M1,train,250500,/data/gen/tokens/pn2018/tr05-0827__C4-M1.npy
pn2018,tr05-0827,tr05-0827,O1-M2,train,250500,/data/gen/tokens/pn2018/tr05-0827__O1-M2.npy
pn2018,tr05-0827,tr05-0827,O2-M1,train,250500,/data/gen/tokens/pn2018/tr05-0827__O2-M1.npy
pn2018,tr05-0812,tr05-0812,F3-M2,train,318900,/data/gen/tokens/pn2018/tr05-0812__F3-M2.npy
pn2018,tr05-0812,tr05-0812,F4-M1,train,318900,/data/gen/tokens/pn2018/tr05-0812__F4-M1.npy
pn2018,tr05-0812,tr05-0812,C3-M2,train,318900,/data/gen/tokens/pn2018/tr05-0812__C3-M2.npy
pn2018,tr05-0812,tr05-0812,C4-M1,train,318900,/data/gen/tokens/pn2018/tr05-0812__C4-M1.npy
pn2018,tr05-0812,tr05-0812,O1-M2,train,318900,/data/gen/tokens/pn2018/tr05-0812__O1-M2.npy
pn2018,tr05-0812,tr05-0812,O2-M1,train,318900,/data/gen/tokens/pn2018/tr05-0812__O2-M1.npy
pn2018,tr05-0838,tr05-0838,F3-M2,train,315000,/data/gen/tokens/pn2018/tr05-0838__F3-M2.npy
pn2018,tr05-0838,tr05-0838,F4-M1,train,315000,/data/gen/tokens/pn2018/tr05-0838__F4-M1.npy
pn2018,tr05-0838,tr05-0838,C3-M2,train,315000,/data/gen/tokens/pn2018/tr05-0838__C3-M2.npy
pn2018,tr05-0838,tr05-0838,C4-M1,train,315000,/data/gen/tokens/pn2018/tr05-0838__C4-M1.npy
pn2018,tr05-0838,tr05-0838,O1-M2,train,315000,/data/gen/tokens/pn2018/tr05-0838__O1-M2.npy
pn2018,tr05-0838,tr05-0838,O2-M1,train,315000,/data/gen/tokens/pn2018/tr05-0838__O2-M1.npy
pn2018,tr05-0849,tr05-0849,F3-M2,train,271500,/data/gen/tokens/pn2018/tr05-0849__F3-M2.npy
pn2018,tr05-0849,tr05-0849,F4-M1,train,271500,/data/gen/tokens/pn2018/tr05-0849__F4-M1.npy
pn2018,tr05-0849,tr05-0849,C3-M2,train,271500,/data/gen/tokens/pn2018/tr05-0849__C3-M2.npy
pn2018,tr05-0849,tr05-0849,C4-M1,train,271500,/data/gen/tokens/pn2018/tr05-0849__C4-M1.npy
pn2018,tr05-0849,tr05-0849,O1-M2,train,271500,/data/gen/tokens/pn2018/tr05-0849__O1-M2.npy
pn2018,tr05-0849,tr05-0849,O2-M1,train,271500,/data/gen/tokens/pn2018/tr05-0849__O2-M1.npy
pn2018,tr05-0860,tr05-0860,F3-M2,train,318900,/data/gen/tokens/pn2018/tr05-0860__F3-M2.npy
pn2018,tr05-0860,tr05-0860,F4-M1,train,318900,/data/gen/tokens/pn2018/tr05-0860__F4-M1.npy
pn2018,tr05-0860,tr05-0860,C3-M2,train,318900,/data/gen/tokens/pn2018/tr05-0860__C3-M2.npy
pn2018,tr05-0860,tr05-0860,C4-M1,train,318900,/data/gen/tokens/pn2018/tr05-0860__C4-M1.npy
pn2018,tr05-0860,tr05-0860,O1-M2,train,318900,/data/gen/tokens/pn2018/tr05-0860__O1-M2.npy
pn2018,tr05-0860,tr05-0860,O2-M1,train,318900,/data/gen/tokens/pn2018/tr05-0860__O2-M1.npy
pn2018,tr05-0864,tr05-0864,F3-M2,train,279900,/data/gen/tokens/pn2018/tr05-0864__F3-M2.npy
pn2018,tr05-0864,tr05-0864,F4-M1,train,279900,/data/gen/tokens/pn2018/tr05-0864__F4-M1.npy
pn2018,tr05-0864,tr05-0864,C3-M2,train,279900,/data/gen/tokens/pn2018/tr05-0864__C3-M2.npy
pn2018,tr05-0864,tr05-0864,C4-M1,train,279900,/data/gen/tokens/pn2018/tr05-0864__C4-M1.npy
pn2018,tr05-0864,tr05-0864,O1-M2,train,279900,/data/gen/tokens/pn2018/tr05-0864__O1-M2.npy
pn2018,tr05-0864,tr05-0864,O2-M1,train,279900,/data/gen/tokens/pn2018/tr05-0864__O2-M1.npy
pn2018,tr05-0857,tr05-0857,F3-M2,train,310200,/data/gen/tokens/pn2018/tr05-0857__F3-M2.npy
pn2018,tr05-0857,tr05-0857,F4-M1,train,310200,/data/gen/tokens/pn2018/tr05-0857__F4-M1.npy
pn2018,tr05-0857,tr05-0857,C3-M2,train,310200,/data/gen/tokens/pn2018/tr05-0857__C3-M2.npy
pn2018,tr05-0857,tr05-0857,C4-M1,train,310200,/data/gen/tokens/pn2018/tr05-0857__C4-M1.npy
pn2018,tr05-0857,tr05-0857,O1-M2,train,310200,/data/gen/tokens/pn2018/tr05-0857__O1-M2.npy
pn2018,tr05-0857,tr05-0857,O2-M1,train,310200,/data/gen/tokens/pn2018/tr05-0857__O2-M1.npy
pn2018,tr05-0880,tr05-0880,F3-M2,train,246000,/data/gen/tokens/pn2018/tr05-0880__F3-M2.npy
pn2018,tr05-0880,tr05-0880,F4-M1,train,246000,/data/gen/tokens/pn2018/tr05-0880__F4-M1.npy
pn2018,tr05-0880,tr05-0880,C3-M2,train,246000,/data/gen/tokens/pn2018/tr05-0880__C3-M2.npy
pn2018,tr05-0880,tr05-0880,C4-M1,train,246000,/data/gen/tokens/pn2018/tr05-0880__C4-M1.npy
pn2018,tr05-0880,tr05-0880,O1-M2,train,246000,/data/gen/tokens/pn2018/tr05-0880__O1-M2.npy
pn2018,tr05-0880,tr05-0880,O2-M1,train,246000,/data/gen/tokens/pn2018/tr05-0880__O2-M1.npy
pn2018,tr05-0900,tr05-0900,F3-M2,train,239700,/data/gen/tokens/pn2018/tr05-0900__F3-M2.npy
pn2018,tr05-0900,tr05-0900,F4-M1,train,239700,/data/gen/tokens/pn2018/tr05-0900__F4-M1.npy
pn2018,tr05-0900,tr05-0900,C3-M2,train,239700,/data/gen/tokens/pn2018/tr05-0900__C3-M2.npy
pn2018,tr05-0900,tr05-0900,C4-M1,train,239700,/data/gen/tokens/pn2018/tr05-0900__C4-M1.npy
pn2018,tr05-0900,tr05-0900,O1-M2,train,239700,/data/gen/tokens/pn2018/tr05-0900__O1-M2.npy
pn2018,tr05-0900,tr05-0900,O2-M1,train,239700,/data/gen/tokens/pn2018/tr05-0900__O2-M1.npy
pn2018,tr05-0905,tr05-0905,F3-M2,train,245700,/data/gen/tokens/pn2018/tr05-0905__F3-M2.npy
pn2018,tr05-0905,tr05-0905,F4-M1,train,245700,/data/gen/tokens/pn2018/tr05-0905__F4-M1.npy
pn2018,tr05-0905,tr05-0905,C3-M2,train,245700,/data/gen/tokens/pn2018/tr05-0905__C3-M2.npy
pn2018,tr05-0905,tr05-0905,C4-M1,train,245700,/data/gen/tokens/pn2018/tr05-0905__C4-M1.npy
pn2018,tr05-0905,tr05-0905,O1-M2,train,245700,/data/gen/tokens/pn2018/tr05-0905__O1-M2.npy
pn2018,tr05-0905,tr05-0905,O2-M1,train,245700,/data/gen/tokens/pn2018/tr05-0905__O2-M1.npy
pn2018,tr05-0910,tr05-0910,F3-M2,train,282000,/data/gen/tokens/pn2018/tr05-0910__F3-M2.npy
pn2018,tr05-0910,tr05-0910,F4-M1,train,282000,/data/gen/tokens/pn2018/tr05-0910__F4-M1.npy
pn2018,tr05-0910,tr05-0910,C3-M2,train,282000,/data/gen/tokens/pn2018/tr05-0910__C3-M2.npy
pn2018,tr05-0910,tr05-0910,C4-M1,train,282000,/data/gen/tokens/pn2018/tr05-0910__C4-M1.npy
pn2018,tr05-0910,tr05-0910,O1-M2,train,282000,/data/gen/tokens/pn2018/tr05-0910__O1-M2.npy
pn2018,tr05-0910,tr05-0910,O2-M1,train,282000,/data/gen/tokens/pn2018/tr05-0910__O2-M1.npy
pn2018,tr05-0924,tr05-0924,F3-M2,train,249600,/data/gen/tokens/pn2018/tr05-0924__F3-M2.npy
pn2018,tr05-0924,tr05-0924,F4-M1,train,249600,/data/gen/tokens/pn2018/tr05-0924__F4-M1.npy
pn2018,tr05-0924,tr05-0924,C3-M2,train,249600,/data/gen/tokens/pn2018/tr05-0924__C3-M2.npy
pn2018,tr05-0924,tr05-0924,C4-M1,train,249600,/data/gen/tokens/pn2018/tr05-0924__C4-M1.npy
pn2018,tr05-0924,tr05-0924,O1-M2,train,249600,/data/gen/tokens/pn2018/tr05-0924__O1-M2.npy
pn2018,tr05-0924,tr05-0924,O2-M1,train,249600,/data/gen/tokens/pn2018/tr05-0924__O2-M1.npy
pn2018,tr05-1042,tr05-1042,F3-M2,train,270600,/data/gen/tokens/pn2018/tr05-1042__F3-M2.npy
pn2018,tr05-1042,tr05-1042,F4-M1,train,270600,/data/gen/tokens/pn2018/tr05-1042__F4-M1.npy
pn2018,tr05-1042,tr05-1042,C3-M2,train,270600,/data/gen/tokens/pn2018/tr05-1042__C3-M2.npy
pn2018,tr05-1042,tr05-1042,C4-M1,train,270600,/data/gen/tokens/pn2018/tr05-1042__C4-M1.npy
pn2018,tr05-1042,tr05-1042,O1-M2,train,270600,/data/gen/tokens/pn2018/tr05-1042__O1-M2.npy
pn2018,tr05-1042,tr05-1042,O2-M1,train,270600,/data/gen/tokens/pn2018/tr05-1042__O2-M1.npy
pn2018,tr05-0949,tr05-0949,F3-M2,train,266100,/data/gen/tokens/pn2018/tr05-0949__F3-M2.npy
pn2018,tr05-0949,tr05-0949,F4-M1,train,266100,/data/gen/tokens/pn2018/tr05-0949__F4-M1.npy
pn2018,tr05-0949,tr05-0949,C3-M2,train,266100,/data/gen/tokens/pn2018/tr05-0949__C3-M2.npy
pn2018,tr05-0949,tr05-0949,C4-M1,train,266100,/data/gen/tokens/pn2018/tr05-0949__C4-M1.npy
pn2018,tr05-0949,tr05-0949,O1-M2,train,266100,/data/gen/tokens/pn2018/tr05-0949__O1-M2.npy
pn2018,tr05-0949,tr05-0949,O2-M1,train,266100,/data/gen/tokens/pn2018/tr05-0949__O2-M1.npy
pn2018,tr05-0932,tr05-0932,F3-M2,train,246900,/data/gen/tokens/pn2018/tr05-0932__F3-M2.npy
pn2018,tr05-0932,tr05-0932,F4-M1,train,246900,/data/gen/tokens/pn2018/tr05-0932__F4-M1.npy
pn2018,tr05-0932,tr05-0932,C3-M2,train,246900,/data/gen/tokens/pn2018/tr05-0932__C3-M2.npy
pn2018,tr05-0932,tr05-0932,C4-M1,train,246900,/data/gen/tokens/pn2018/tr05-0932__C4-M1.npy
pn2018,tr05-0932,tr05-0932,O1-M2,train,246900,/data/gen/tokens/pn2018/tr05-0932__O1-M2.npy
pn2018,tr05-0932,tr05-0932,O2-M1,train,246900,/data/gen/tokens/pn2018/tr05-0932__O2-M1.npy
pn2018,tr05-0994,tr05-0994,F3-M2,train,276900,/data/gen/tokens/pn2018/tr05-0994__F3-M2.npy
pn2018,tr05-0994,tr05-0994,F4-M1,train,276900,/data/gen/tokens/pn2018/tr05-0994__F4-M1.npy
pn2018,tr05-0994,tr05-0994,C3-M2,train,276900,/data/gen/tokens/pn2018/tr05-0994__C3-M2.npy
pn2018,tr05-0994,tr05-0994,C4-M1,train,276900,/data/gen/tokens/pn2018/tr05-0994__C4-M1.npy
pn2018,tr05-0994,tr05-0994,O1-M2,train,276900,/data/gen/tokens/pn2018/tr05-0994__O1-M2.npy
pn2018,tr05-0994,tr05-0994,O2-M1,train,276900,/data/gen/tokens/pn2018/tr05-0994__O2-M1.npy
pn2018,tr05-1034,tr05-1034,F3-M2,train,265800,/data/gen/tokens/pn2018/tr05-1034__F3-M2.npy
pn2018,tr05-1034,tr05-1034,F4-M1,train,265800,/data/gen/tokens/pn2018/tr05-1034__F4-M1.npy
pn2018,tr05-1034,tr05-1034,C3-M2,train,265800,/data/gen/tokens/pn2018/tr05-1034__C3-M2.npy
pn2018,tr05-1034,tr05-1034,C4-M1,train,265800,/data/gen/tokens/pn2018/tr05-1034__C4-M1.npy
pn2018,tr05-1034,tr05-1034,O1-M2,train,265800,/data/gen/tokens/pn2018/tr05-1034__O1-M2.npy
pn2018,tr05-1034,tr05-1034,O2-M1,train,265800,/data/gen/tokens/pn2018/tr05-1034__O2-M1.npy
pn2018,tr05-1112,tr05-1112,F3-M2,train,253800,/data/gen/tokens/pn2018/tr05-1112__F3-M2.npy
pn2018,tr05-1112,tr05-1112,F4-M1,train,253800,/data/gen/tokens/pn2018/tr05-1112__F4-M1.npy
pn2018,tr05-1112,tr05-1112,C3-M2,train,253800,/data/gen/tokens/pn2018/tr05-1112__C3-M2.npy
pn2018,tr05-1112,tr05-1112,C4-M1,train,253800,/data/gen/tokens/pn2018/tr05-1112__C4-M1.npy
pn2018,tr05-1112,tr05-1112,O1-M2,train,253800,/data/gen/tokens/pn2018/tr05-1112__O1-M2.npy
pn2018,tr05-1112,tr05-1112,O2-M1,train,253800,/data/gen/tokens/pn2018/tr05-1112__O2-M1.npy
pn2018,tr05-1060,tr05-1060,F3-M2,train,284100,/data/gen/tokens/pn2018/tr05-1060__F3-M2.npy
pn2018,tr05-1060,tr05-1060,F4-M1,train,284100,/data/gen/tokens/pn2018/tr05-1060__F4-M1.npy
pn2018,tr05-1060,tr05-1060,C3-M2,train,284100,/data/gen/tokens/pn2018/tr05-1060__C3-M2.npy
pn2018,tr05-1060,tr05-1060,C4-M1,train,284100,/data/gen/tokens/pn2018/tr05-1060__C4-M1.npy
pn2018,tr05-1060,tr05-1060,O1-M2,train,284100,/data/gen/tokens/pn2018/tr05-1060__O1-M2.npy
pn2018,tr05-1060,tr05-1060,O2-M1,train,284100,/data/gen/tokens/pn2018/tr05-1060__O2-M1.npy
pn2018,tr05-1121,tr05-1121,F3-M2,train,277800,/data/gen/tokens/pn2018/tr05-1121__F3-M2.npy
pn2018,tr05-1121,tr05-1121,F4-M1,train,277800,/data/gen/tokens/pn2018/tr05-1121__F4-M1.npy
pn2018,tr05-1121,tr05-1121,C3-M2,train,277800,/data/gen/tokens/pn2018/tr05-1121__C3-M2.npy
pn2018,tr05-1121,tr05-1121,C4-M1,train,277800,/data/gen/tokens/pn2018/tr05-1121__C4-M1.npy
pn2018,tr05-1121,tr05-1121,O1-M2,train,277800,/data/gen/tokens/pn2018/tr05-1121__O1-M2.npy
pn2018,tr05-1121,tr05-1121,O2-M1,train,277800,/data/gen/tokens/pn2018/tr05-1121__O2-M1.npy
pn2018,tr05-1118,tr05-1118,F3-M2,train,254100,/data/gen/tokens/pn2018/tr05-1118__F3-M2.npy
pn2018,tr05-1118,tr05-1118,F4-M1,train,254100,/data/gen/tokens/pn2018/tr05-1118__F4-M1.npy
pn2018,tr05-1118,tr05-1118,C3-M2,train,254100,/data/gen/tokens/pn2018/tr05-1118__C3-M2.npy
pn2018,tr05-1118,tr05-1118,C4-M1,train,254100,/data/gen/tokens/pn2018/tr05-1118__C4-M1.npy
pn2018,tr05-1118,tr05-1118,O1-M2,train,254100,/data/gen/tokens/pn2018/tr05-1118__O1-M2.npy
pn2018,tr05-1118,tr05-1118,O2-M1,train,254100,/data/gen/tokens/pn2018/tr05-1118__O2-M1.npy
pn2018,tr05-1097,tr05-1097,F3-M2,train,303900,/data/gen/tokens/pn2018/tr05-1097__F3-M2.npy
pn2018,tr05-1097,tr05-1097,F4-M1,train,303900,/data/gen/tokens/pn2018/tr05-1097__F4-M1.npy
pn2018,tr05-1097,tr05-1097,C3-M2,train,303900,/data/gen/tokens/pn2018/tr05-1097__C3-M2.npy
pn2018,tr05-1097,tr05-1097,C4-M1,train,303900,/data/gen/tokens/pn2018/tr05-1097__C4-M1.npy
pn2018,tr05-1097,tr05-1097,O1-M2,train,303900,/data/gen/tokens/pn2018/tr05-1097__O1-M2.npy
pn2018,tr05-1097,tr05-1097,O2-M1,train,303900,/data/gen/tokens/pn2018/tr05-1097__O2-M1.npy
pn2018,tr05-1128,tr05-1128,F3-M2,train,282900,/data/gen/tokens/pn2018/tr05-1128__F3-M2.npy
pn2018,tr05-1128,tr05-1128,F4-M1,train,282900,/data/gen/tokens/pn2018/tr05-1128__F4-M1.npy
pn2018,tr05-1128,tr05-1128,C3-M2,train,282900,/data/gen/tokens/pn2018/tr05-1128__C3-M2.npy
pn2018,tr05-1128,tr05-1128,C4-M1,train,282900,/data/gen/tokens/pn2018/tr05-1128__C4-M1.npy
pn2018,tr05-1128,tr05-1128,O1-M2,train,282900,/data/gen/tokens/pn2018/tr05-1128__O1-M2.npy
pn2018,tr05-1128,tr05-1128,O2-M1,train,282900,/data/gen/tokens/pn2018/tr05-1128__O2-M1.npy
pn2018,tr05-1129,tr05-1129,F3-M2,train,298800,/data/gen/tokens/pn2018/tr05-1129__F3-M2.npy
pn2018,tr05-1129,tr05-1129,F4-M1,train,298800,/data/gen/tokens/pn2018/tr05-1129__F4-M1.npy
pn2018,tr05-1129,tr05-1129,C3-M2,train,298800,/data/gen/tokens/pn2018/tr05-1129__C3-M2.npy
pn2018,tr05-1129,tr05-1129,C4-M1,train,298800,/data/gen/tokens/pn2018/tr05-1129__C4-M1.npy
pn2018,tr05-1129,tr05-1129,O1-M2,train,298800,/data/gen/tokens/pn2018/tr05-1129__O1-M2.npy
pn2018,tr05-1129,tr05-1129,O2-M1,train,298800,/data/gen/tokens/pn2018/tr05-1129__O2-M1.npy
pn2018,tr05-1135,tr05-1135,F3-M2,train,252300,/data/gen/tokens/pn2018/tr05-1135__F3-M2.npy
pn2018,tr05-1135,tr05-1135,F4-M1,train,252300,/data/gen/tokens/pn2018/tr05-1135__F4-M1.npy
pn2018,tr05-1135,tr05-1135,C3-M2,train,252300,/data/gen/tokens/pn2018/tr05-1135__C3-M2.npy
pn2018,tr05-1135,tr05-1135,C4-M1,train,252300,/data/gen/tokens/pn2018/tr05-1135__C4-M1.npy
pn2018,tr05-1135,tr05-1135,O1-M2,train,252300,/data/gen/tokens/pn2018/tr05-1135__O1-M2.npy
pn2018,tr05-1135,tr05-1135,O2-M1,train,252300,/data/gen/tokens/pn2018/tr05-1135__O2-M1.npy
pn2018,tr05-1146,tr05-1146,F3-M2,train,249900,/data/gen/tokens/pn2018/tr05-1146__F3-M2.npy
pn2018,tr05-1146,tr05-1146,F4-M1,train,249900,/data/gen/tokens/pn2018/tr05-1146__F4-M1.npy
pn2018,tr05-1146,tr05-1146,C3-M2,train,249900,/data/gen/tokens/pn2018/tr05-1146__C3-M2.npy
pn2018,tr05-1146,tr05-1146,C4-M1,train,249900,/data/gen/tokens/pn2018/tr05-1146__C4-M1.npy
pn2018,tr05-1146,tr05-1146,O1-M2,train,249900,/data/gen/tokens/pn2018/tr05-1146__O1-M2.npy
pn2018,tr05-1146,tr05-1146,O2-M1,train,249900,/data/gen/tokens/pn2018/tr05-1146__O2-M1.npy
pn2018,tr05-1167,tr05-1167,F3-M2,train,279300,/data/gen/tokens/pn2018/tr05-1167__F3-M2.npy
pn2018,tr05-1167,tr05-1167,F4-M1,train,279300,/data/gen/tokens/pn2018/tr05-1167__F4-M1.npy
pn2018,tr05-1167,tr05-1167,C3-M2,train,279300,/data/gen/tokens/pn2018/tr05-1167__C3-M2.npy
pn2018,tr05-1167,tr05-1167,C4-M1,train,279300,/data/gen/tokens/pn2018/tr05-1167__C4-M1.npy
pn2018,tr05-1167,tr05-1167,O1-M2,train,279300,/data/gen/tokens/pn2018/tr05-1167__O1-M2.npy
pn2018,tr05-1167,tr05-1167,O2-M1,train,279300,/data/gen/tokens/pn2018/tr05-1167__O2-M1.npy
pn2018,tr05-1163,tr05-1163,F3-M2,train,254100,/data/gen/tokens/pn2018/tr05-1163__F3-M2.npy
pn2018,tr05-1163,tr05-1163,F4-M1,train,254100,/data/gen/tokens/pn2018/tr05-1163__F4-M1.npy
pn2018,tr05-1163,tr05-1163,C3-M2,train,254100,/data/gen/tokens/pn2018/tr05-1163__C3-M2.npy
pn2018,tr05-1163,tr05-1163,C4-M1,train,254100,/data/gen/tokens/pn2018/tr05-1163__C4-M1.npy
pn2018,tr05-1163,tr05-1163,O1-M2,train,254100,/data/gen/tokens/pn2018/tr05-1163__O1-M2.npy
pn2018,tr05-1163,tr05-1163,O2-M1,train,254100,/data/gen/tokens/pn2018/tr05-1163__O2-M1.npy
pn2018,tr05-1183,tr05-1183,F3-M2,train,269400,/data/gen/tokens/pn2018/tr05-1183__F3-M2.npy
pn2018,tr05-1183,tr05-1183,F4-M1,train,269400,/data/gen/tokens/pn2018/tr05-1183__F4-M1.npy
pn2018,tr05-1183,tr05-1183,C3-M2,train,269400,/data/gen/tokens/pn2018/tr05-1183__C3-M2.npy
pn2018,tr05-1183,tr05-1183,C4-M1,train,269400,/data/gen/tokens/pn2018/tr05-1183__C4-M1.npy
pn2018,tr05-1183,tr05-1183,O1-M2,train,269400,/data/gen/tokens/pn2018/tr05-1183__O1-M2.npy
pn2018,tr05-1183,tr05-1183,O2-M1,train,269400,/data/gen/tokens/pn2018/tr05-1183__O2-M1.npy
pn2018,tr05-1149,tr05-1149,F3-M2,train,264600,/data/gen/tokens/pn2018/tr05-1149__F3-M2.npy
pn2018,tr05-1149,tr05-1149,F4-M1,train,264600,/data/gen/tokens/pn2018/tr05-1149__F4-M1.npy
pn2018,tr05-1149,tr05-1149,C3-M2,train,264600,/data/gen/tokens/pn2018/tr05-1149__C3-M2.npy
pn2018,tr05-1149,tr05-1149,C4-M1,train,264600,/data/gen/tokens/pn2018/tr05-1149__C4-M1.npy
pn2018,tr05-1149,tr05-1149,O1-M2,train,264600,/data/gen/tokens/pn2018/tr05-1149__O1-M2.npy
pn2018,tr05-1149,tr05-1149,O2-M1,train,264600,/data/gen/tokens/pn2018/tr05-1149__O2-M1.npy
pn2018,tr05-1175,tr05-1175,F3-M2,train,259500,/data/gen/tokens/pn2018/tr05-1175__F3-M2.npy
pn2018,tr05-1175,tr05-1175,F4-M1,train,259500,/data/gen/tokens/pn2018/tr05-1175__F4-M1.npy
pn2018,tr05-1175,tr05-1175,C3-M2,train,259500,/data/gen/tokens/pn2018/tr05-1175__C3-M2.npy
pn2018,tr05-1175,tr05-1175,C4-M1,train,259500,/data/gen/tokens/pn2018/tr05-1175__C4-M1.npy
pn2018,tr05-1175,tr05-1175,O1-M2,train,259500,/data/gen/tokens/pn2018/tr05-1175__O1-M2.npy
pn2018,tr05-1175,tr05-1175,O2-M1,train,259500,/data/gen/tokens/pn2018/tr05-1175__O2-M1.npy
pn2018,tr05-1176,tr05-1176,F3-M2,train,265200,/data/gen/tokens/pn2018/tr05-1176__F3-M2.npy
pn2018,tr05-1176,tr05-1176,F4-M1,train,265200,/data/gen/tokens/pn2018/tr05-1176__F4-M1.npy
pn2018,tr05-1176,tr05-1176,C3-M2,train,265200,/data/gen/tokens/pn2018/tr05-1176__C3-M2.npy
pn2018,tr05-1176,tr05-1176,C4-M1,train,265200,/data/gen/tokens/pn2018/tr05-1176__C4-M1.npy
pn2018,tr05-1176,tr05-1176,O1-M2,train,265200,/data/gen/tokens/pn2018/tr05-1176__O1-M2.npy
pn2018,tr05-1176,tr05-1176,O2-M1,train,265200,/data/gen/tokens/pn2018/tr05-1176__O2-M1.npy
pn2018,tr05-1190,tr05-1190,F3-M2,train,261000,/data/gen/tokens/pn2018/tr05-1190__F3-M2.npy
pn2018,tr05-1190,tr05-1190,F4-M1,train,261000,/data/gen/tokens/pn2018/tr05-1190__F4-M1.npy
pn2018,tr05-1190,tr05-1190,C3-M2,train,261000,/data/gen/tokens/pn2018/tr05-1190__C3-M2.npy
pn2018,tr05-1190,tr05-1190,C4-M1,train,261000,/data/gen/tokens/pn2018/tr05-1190__C4-M1.npy
pn2018,tr05-1190,tr05-1190,O1-M2,train,261000,/data/gen/tokens/pn2018/tr05-1190__O1-M2.npy
pn2018,tr05-1190,tr05-1190,O2-M1,train,261000,/data/gen/tokens/pn2018/tr05-1190__O2-M1.npy
pn2018,tr05-1222,tr05-1222,F3-M2,train,303600,/data/gen/tokens/pn2018/tr05-1222__F3-M2.npy
pn2018,tr05-1222,tr05-1222,F4-M1,train,303600,/data/gen/tokens/pn2018/tr05-1222__F4-M1.npy
pn2018,tr05-1222,tr05-1222,C3-M2,train,303600,/data/gen/tokens/pn2018/tr05-1222__C3-M2.npy
pn2018,tr05-1222,tr05-1222,C4-M1,train,303600,/data/gen/tokens/pn2018/tr05-1222__C4-M1.npy
pn2018,tr05-1222,tr05-1222,O1-M2,train,303600,/data/gen/tokens/pn2018/tr05-1222__O1-M2.npy
pn2018,tr05-1222,tr05-1222,O2-M1,train,303600,/data/gen/tokens/pn2018/tr05-1222__O2-M1.npy
pn2018,tr05-1215,tr05-1215,F3-M2,train,255900,/data/gen/tokens/pn2018/tr05-1215__F3-M2.npy
pn2018,tr05-1215,tr05-1215,F4-M1,train,255900,/data/gen/tokens/pn2018/tr05-1215__F4-M1.npy
pn2018,tr05-1215,tr05-1215,C3-M2,train,255900,/data/gen/tokens/pn2018/tr05-1215__C3-M2.npy
pn2018,tr05-1215,tr05-1215,C4-M1,train,255900,/data/gen/tokens/pn2018/tr05-1215__C4-M1.npy
pn2018,tr05-1215,tr05-1215,O1-M2,train,255900,/data/gen/tokens/pn2018/tr05-1215__O1-M2.npy
pn2018,tr05-1215,tr05-1215,O2-M1,train,255900,/data/gen/tokens/pn2018/tr05-1215__O2-M1.npy
pn2018,tr05-1197,tr05-1197,F3-M2,train,294000,/data/gen/tokens/pn2018/tr05-1197__F3-M2.npy
pn2018,tr05-1197,tr05-1197,F4-M1,train,294000,/data/gen/tokens/pn2018/tr05-1197__F4-M1.npy
pn2018,tr05-1197,tr05-1197,C3-M2,train,294000,/data/gen/tokens/pn2018/tr05-1197__C3-M2.npy
pn2018,tr05-1197,tr05-1197,C4-M1,train,294000,/data/gen/tokens/pn2018/tr05-1197__C4-M1.npy
pn2018,tr05-1197,tr05-1197,O1-M2,train,294000,/data/gen/tokens/pn2018/tr05-1197__O1-M2.npy
pn2018,tr05-1197,tr05-1197,O2-M1,train,294000,/data/gen/tokens/pn2018/tr05-1197__O2-M1.npy
pn2018,tr05-1225,tr05-1225,F3-M2,train,313200,/data/gen/tokens/pn2018/tr05-1225__F3-M2.npy
pn2018,tr05-1225,tr05-1225,F4-M1,train,313200,/data/gen/tokens/pn2018/tr05-1225__F4-M1.npy
pn2018,tr05-1225,tr05-1225,C3-M2,train,313200,/data/gen/tokens/pn2018/tr05-1225__C3-M2.npy
pn2018,tr05-1225,tr05-1225,C4-M1,train,313200,/data/gen/tokens/pn2018/tr05-1225__C4-M1.npy
pn2018,tr05-1225,tr05-1225,O1-M2,train,313200,/data/gen/tokens/pn2018/tr05-1225__O1-M2.npy
pn2018,tr05-1225,tr05-1225,O2-M1,train,313200,/data/gen/tokens/pn2018/tr05-1225__O2-M1.npy
pn2018,tr05-1233,tr05-1233,F3-M2,train,268800,/data/gen/tokens/pn2018/tr05-1233__F3-M2.npy
pn2018,tr05-1233,tr05-1233,F4-M1,train,268800,/data/gen/tokens/pn2018/tr05-1233__F4-M1.npy
pn2018,tr05-1233,tr05-1233,C3-M2,train,268800,/data/gen/tokens/pn2018/tr05-1233__C3-M2.npy
pn2018,tr05-1233,tr05-1233,C4-M1,train,268800,/data/gen/tokens/pn2018/tr05-1233__C4-M1.npy
pn2018,tr05-1233,tr05-1233,O1-M2,train,268800,/data/gen/tokens/pn2018/tr05-1233__O1-M2.npy
pn2018,tr05-1233,tr05-1233,O2-M1,train,268800,/data/gen/tokens/pn2018/tr05-1233__O2-M1.npy
pn2018,tr05-1229,tr05-1229,F3-M2,train,286500,/data/gen/tokens/pn2018/tr05-1229__F3-M2.npy
pn2018,tr05-1229,tr05-1229,F4-M1,train,286500,/data/gen/tokens/pn2018/tr05-1229__F4-M1.npy
pn2018,tr05-1229,tr05-1229,C3-M2,train,286500,/data/gen/tokens/pn2018/tr05-1229__C3-M2.npy
pn2018,tr05-1229,tr05-1229,C4-M1,train,286500,/data/gen/tokens/pn2018/tr05-1229__C4-M1.npy
pn2018,tr05-1229,tr05-1229,O1-M2,train,286500,/data/gen/tokens/pn2018/tr05-1229__O1-M2.npy
pn2018,tr05-1229,tr05-1229,O2-M1,train,286500,/data/gen/tokens/pn2018/tr05-1229__O2-M1.npy
pn2018,tr05-1238,tr05-1238,F3-M2,train,307800,/data/gen/tokens/pn2018/tr05-1238__F3-M2.npy
pn2018,tr05-1238,tr05-1238,F4-M1,train,307800,/data/gen/tokens/pn2018/tr05-1238__F4-M1.npy
pn2018,tr05-1238,tr05-1238,C3-M2,train,307800,/data/gen/tokens/pn2018/tr05-1238__C3-M2.npy
pn2018,tr05-1238,tr05-1238,C4-M1,train,307800,/data/gen/tokens/pn2018/tr05-1238__C4-M1.npy
pn2018,tr05-1238,tr05-1238,O1-M2,train,307800,/data/gen/tokens/pn2018/tr05-1238__O1-M2.npy
pn2018,tr05-1238,tr05-1238,O2-M1,train,307800,/data/gen/tokens/pn2018/tr05-1238__O2-M1.npy
pn2018,tr05-1234,tr05-1234,F3-M2,train,290400,/data/gen/tokens/pn2018/tr05-1234__F3-M2.npy
pn2018,tr05-1234,tr05-1234,F4-M1,train,290400,/data/gen/tokens/pn2018/tr05-1234__F4-M1.npy
pn2018,tr05-1234,tr05-1234,C3-M2,train,290400,/data/gen/tokens/pn2018/tr05-1234__C3-M2.npy
pn2018,tr05-1234,tr05-1234,C4-M1,train,290400,/data/gen/tokens/pn2018/tr05-1234__C4-M1.npy
pn2018,tr05-1234,tr05-1234,O1-M2,train,290400,/data/gen/tokens/pn2018/tr05-1234__O1-M2.npy
pn2018,tr05-1234,tr05-1234,O2-M1,train,290400,/data/gen/tokens/pn2018/tr05-1234__O2-M1.npy
pn2018,tr05-1247,tr05-1247,F3-M2,train,271800,/data/gen/tokens/pn2018/tr05-1247__F3-M2.npy
pn2018,tr05-1247,tr05-1247,F4-M1,train,271800,/data/gen/tokens/pn2018/tr05-1247__F4-M1.npy
pn2018,tr05-1247,tr05-1247,C3-M2,train,271800,/data/gen/tokens/pn2018/tr05-1247__C3-M2.npy
pn2018,tr05-1247,tr05-1247,C4-M1,train,271800,/data/gen/tokens/pn2018/tr05-1247__C4-M1.npy
pn2018,tr05-1247,tr05-1247,O1-M2,train,271800,/data/gen/tokens/pn2018/tr05-1247__O1-M2.npy
pn2018,tr05-1247,tr05-1247,O2-M1,train,271800,/data/gen/tokens/pn2018/tr05-1247__O2-M1.npy
pn2018,tr05-1243,tr05-1243,F3-M2,train,300900,/data/gen/tokens/pn2018/tr05-1243__F3-M2.npy
pn2018,tr05-1243,tr05-1243,F4-M1,train,300900,/data/gen/tokens/pn2018/tr05-1243__F4-M1.npy
pn2018,tr05-1243,tr05-1243,C3-M2,train,300900,/data/gen/tokens/pn2018/tr05-1243__C3-M2.npy
pn2018,tr05-1243,tr05-1243,C4-M1,train,300900,/data/gen/tokens/pn2018/tr05-1243__C4-M1.npy
pn2018,tr05-1243,tr05-1243,O1-M2,train,300900,/data/gen/tokens/pn2018/tr05-1243__O1-M2.npy
pn2018,tr05-1243,tr05-1243,O2-M1,train,300900,/data/gen/tokens/pn2018/tr05-1243__O2-M1.npy
pn2018,tr05-1258,tr05-1258,F3-M2,train,291300,/data/gen/tokens/pn2018/tr05-1258__F3-M2.npy
pn2018,tr05-1258,tr05-1258,F4-M1,train,291300,/data/gen/tokens/pn2018/tr05-1258__F4-M1.npy
pn2018,tr05-1258,tr05-1258,C3-M2,train,291300,/data/gen/tokens/pn2018/tr05-1258__C3-M2.npy
pn2018,tr05-1258,tr05-1258,C4-M1,train,291300,/data/gen/tokens/pn2018/tr05-1258__C4-M1.npy
pn2018,tr05-1258,tr05-1258,O1-M2,train,291300,/data/gen/tokens/pn2018/tr05-1258__O1-M2.npy
pn2018,tr05-1258,tr05-1258,O2-M1,train,291300,/data/gen/tokens/pn2018/tr05-1258__O2-M1.npy
pn2018,tr05-1268,tr05-1268,F3-M2,train,263100,/data/gen/tokens/pn2018/tr05-1268__F3-M2.npy
pn2018,tr05-1268,tr05-1268,F4-M1,train,263100,/data/gen/tokens/pn2018/tr05-1268__F4-M1.npy
pn2018,tr05-1268,tr05-1268,C3-M2,train,263100,/data/gen/tokens/pn2018/tr05-1268__C3-M2.npy
pn2018,tr05-1268,tr05-1268,C4-M1,train,263100,/data/gen/tokens/pn2018/tr05-1268__C4-M1.npy
pn2018,tr05-1268,tr05-1268,O1-M2,train,263100,/data/gen/tokens/pn2018/tr05-1268__O1-M2.npy
pn2018,tr05-1268,tr05-1268,O2-M1,train,263100,/data/gen/tokens/pn2018/tr05-1268__O2-M1.npy
pn2018,tr05-1270,tr05-1270,F3-M2,heldout,276000,/data/gen/tokens/pn2018/tr05-1270__F3-M2.npy
pn2018,tr05-1270,tr05-1270,F4-M1,heldout,276000,/data/gen/tokens/pn2018/tr05-1270__F4-M1.npy
pn2018,tr05-1270,tr05-1270,C3-M2,heldout,276000,/data/gen/tokens/pn2018/tr05-1270__C3-M2.npy
pn2018,tr05-1270,tr05-1270,C4-M1,heldout,276000,/data/gen/tokens/pn2018/tr05-1270__C4-M1.npy
pn2018,tr05-1270,tr05-1270,O1-M2,heldout,276000,/data/gen/tokens/pn2018/tr05-1270__O1-M2.npy
pn2018,tr05-1270,tr05-1270,O2-M1,heldout,276000,/data/gen/tokens/pn2018/tr05-1270__O2-M1.npy
pn2018,tr05-1277,tr05-1277,F3-M2,train,288000,/data/gen/tokens/pn2018/tr05-1277__F3-M2.npy
pn2018,tr05-1277,tr05-1277,F4-M1,train,288000,/data/gen/tokens/pn2018/tr05-1277__F4-M1.npy
pn2018,tr05-1277,tr05-1277,C3-M2,train,288000,/data/gen/tokens/pn2018/tr05-1277__C3-M2.npy
pn2018,tr05-1277,tr05-1277,C4-M1,train,288000,/data/gen/tokens/pn2018/tr05-1277__C4-M1.npy
pn2018,tr05-1277,tr05-1277,O1-M2,train,288000,/data/gen/tokens/pn2018/tr05-1277__O1-M2.npy
pn2018,tr05-1277,tr05-1277,O2-M1,train,288000,/data/gen/tokens/pn2018/tr05-1277__O2-M1.npy
pn2018,tr05-1302,tr05-1302,F3-M2,heldout,243900,/data/gen/tokens/pn2018/tr05-1302__F3-M2.npy
pn2018,tr05-1302,tr05-1302,F4-M1,heldout,243900,/data/gen/tokens/pn2018/tr05-1302__F4-M1.npy
pn2018,tr05-1302,tr05-1302,C3-M2,heldout,243900,/data/gen/tokens/pn2018/tr05-1302__C3-M2.npy
pn2018,tr05-1302,tr05-1302,C4-M1,heldout,243900,/data/gen/tokens/pn2018/tr05-1302__C4-M1.npy
pn2018,tr05-1302,tr05-1302,O1-M2,heldout,243900,/data/gen/tokens/pn2018/tr05-1302__O1-M2.npy
pn2018,tr05-1302,tr05-1302,O2-M1,heldout,243900,/data/gen/tokens/pn2018/tr05-1302__O2-M1.npy
pn2018,tr05-1313,tr05-1313,F3-M2,train,267600,/data/gen/tokens/pn2018/tr05-1313__F3-M2.npy
pn2018,tr05-1313,tr05-1313,F4-M1,train,267600,/data/gen/tokens/pn2018/tr05-1313__F4-M1.npy
pn2018,tr05-1313,tr05-1313,C3-M2,train,267600,/data/gen/tokens/pn2018/tr05-1313__C3-M2.npy
pn2018,tr05-1313,tr05-1313,C4-M1,train,267600,/data/gen/tokens/pn2018/tr05-1313__C4-M1.npy
pn2018,tr05-1313,tr05-1313,O1-M2,train,267600,/data/gen/tokens/pn2018/tr05-1313__O1-M2.npy
pn2018,tr05-1313,tr05-1313,O2-M1,train,267600,/data/gen/tokens/pn2018/tr05-1313__O2-M1.npy
pn2018,tr05-1317,tr05-1317,F3-M2,heldout,268800,/data/gen/tokens/pn2018/tr05-1317__F3-M2.npy
pn2018,tr05-1317,tr05-1317,F4-M1,heldout,268800,/data/gen/tokens/pn2018/tr05-1317__F4-M1.npy
pn2018,tr05-1317,tr05-1317,C3-M2,heldout,268800,/data/gen/tokens/pn2018/tr05-1317__C3-M2.npy
pn2018,tr05-1317,tr05-1317,C4-M1,heldout,268800,/data/gen/tokens/pn2018/tr05-1317__C4-M1.npy
pn2018,tr05-1317,tr05-1317,O1-M2,heldout,268800,/data/gen/tokens/pn2018/tr05-1317__O1-M2.npy
pn2018,tr05-1317,tr05-1317,O2-M1,heldout,268800,/data/gen/tokens/pn2018/tr05-1317__O2-M1.npy
pn2018,tr05-1324,tr05-1324,F3-M2,train,310500,/data/gen/tokens/pn2018/tr05-1324__F3-M2.npy
pn2018,tr05-1324,tr05-1324,F4-M1,train,310500,/data/gen/tokens/pn2018/tr05-1324__F4-M1.npy
pn2018,tr05-1324,tr05-1324,C3-M2,train,310500,/data/gen/tokens/pn2018/tr05-1324__C3-M2.npy
pn2018,tr05-1324,tr05-1324,C4-M1,train,310500,/data/gen/tokens/pn2018/tr05-1324__C4-M1.npy
pn2018,tr05-1324,tr05-1324,O1-M2,train,310500,/data/gen/tokens/pn2018/tr05-1324__O1-M2.npy
pn2018,tr05-1324,tr05-1324,O2-M1,train,310500,/data/gen/tokens/pn2018/tr05-1324__O2-M1.npy
pn2018,tr05-1371,tr05-1371,F3-M2,train,287400,/data/gen/tokens/pn2018/tr05-1371__F3-M2.npy
pn2018,tr05-1371,tr05-1371,F4-M1,train,287400,/data/gen/tokens/pn2018/tr05-1371__F4-M1.npy
pn2018,tr05-1371,tr05-1371,C3-M2,train,287400,/data/gen/tokens/pn2018/tr05-1371__C3-M2.npy
pn2018,tr05-1371,tr05-1371,C4-M1,train,287400,/data/gen/tokens/pn2018/tr05-1371__C4-M1.npy
pn2018,tr05-1371,tr05-1371,O1-M2,train,287400,/data/gen/tokens/pn2018/tr05-1371__O1-M2.npy
pn2018,tr05-1371,tr05-1371,O2-M1,train,287400,/data/gen/tokens/pn2018/tr05-1371__O2-M1.npy
pn2018,tr05-1372,tr05-1372,F3-M2,train,312600,/data/gen/tokens/pn2018/tr05-1372__F3-M2.npy
pn2018,tr05-1372,tr05-1372,F4-M1,train,312600,/data/gen/tokens/pn2018/tr05-1372__F4-M1.npy
pn2018,tr05-1372,tr05-1372,C3-M2,train,312600,/data/gen/tokens/pn2018/tr05-1372__C3-M2.npy
pn2018,tr05-1372,tr05-1372,C4-M1,train,312600,/data/gen/tokens/pn2018/tr05-1372__C4-M1.npy
pn2018,tr05-1372,tr05-1372,O1-M2,train,312600,/data/gen/tokens/pn2018/tr05-1372__O1-M2.npy
pn2018,tr05-1372,tr05-1372,O2-M1,train,312600,/data/gen/tokens/pn2018/tr05-1372__O2-M1.npy
pn2018,tr05-1356,tr05-1356,F3-M2,train,311700,/data/gen/tokens/pn2018/tr05-1356__F3-M2.npy
pn2018,tr05-1356,tr05-1356,F4-M1,train,311700,/data/gen/tokens/pn2018/tr05-1356__F4-M1.npy
pn2018,tr05-1356,tr05-1356,C3-M2,train,311700,/data/gen/tokens/pn2018/tr05-1356__C3-M2.npy
pn2018,tr05-1356,tr05-1356,C4-M1,train,311700,/data/gen/tokens/pn2018/tr05-1356__C4-M1.npy
pn2018,tr05-1356,tr05-1356,O1-M2,train,311700,/data/gen/tokens/pn2018/tr05-1356__O1-M2.npy
pn2018,tr05-1356,tr05-1356,O2-M1,train,311700,/data/gen/tokens/pn2018/tr05-1356__O2-M1.npy
pn2018,tr05-1375,tr05-1375,F3-M2,train,270300,/data/gen/tokens/pn2018/tr05-1375__F3-M2.npy
pn2018,tr05-1375,tr05-1375,F4-M1,train,270300,/data/gen/tokens/pn2018/tr05-1375__F4-M1.npy
pn2018,tr05-1375,tr05-1375,C3-M2,train,270300,/data/gen/tokens/pn2018/tr05-1375__C3-M2.npy
pn2018,tr05-1375,tr05-1375,C4-M1,train,270300,/data/gen/tokens/pn2018/tr05-1375__C4-M1.npy
pn2018,tr05-1375,tr05-1375,O1-M2,train,270300,/data/gen/tokens/pn2018/tr05-1375__O1-M2.npy
pn2018,tr05-1375,tr05-1375,O2-M1,train,270300,/data/gen/tokens/pn2018/tr05-1375__O2-M1.npy
pn2018,tr05-1377,tr05-1377,F3-M2,train,299400,/data/gen/tokens/pn2018/tr05-1377__F3-M2.npy
pn2018,tr05-1377,tr05-1377,F4-M1,train,299400,/data/gen/tokens/pn2018/tr05-1377__F4-M1.npy
pn2018,tr05-1377,tr05-1377,C3-M2,train,299400,/data/gen/tokens/pn2018/tr05-1377__C3-M2.npy
pn2018,tr05-1377,tr05-1377,C4-M1,train,299400,/data/gen/tokens/pn2018/tr05-1377__C4-M1.npy
pn2018,tr05-1377,tr05-1377,O1-M2,train,299400,/data/gen/tokens/pn2018/tr05-1377__O1-M2.npy
pn2018,tr05-1377,tr05-1377,O2-M1,train,299400,/data/gen/tokens/pn2018/tr05-1377__O2-M1.npy
pn2018,tr05-1385,tr05-1385,F3-M2,train,279300,/data/gen/tokens/pn2018/tr05-1385__F3-M2.npy
pn2018,tr05-1385,tr05-1385,F4-M1,train,279300,/data/gen/tokens/pn2018/tr05-1385__F4-M1.npy
pn2018,tr05-1385,tr05-1385,C3-M2,train,279300,/data/gen/tokens/pn2018/tr05-1385__C3-M2.npy
pn2018,tr05-1385,tr05-1385,C4-M1,train,279300,/data/gen/tokens/pn2018/tr05-1385__C4-M1.npy
pn2018,tr05-1385,tr05-1385,O1-M2,train,279300,/data/gen/tokens/pn2018/tr05-1385__O1-M2.npy
pn2018,tr05-1385,tr05-1385,O2-M1,train,279300,/data/gen/tokens/pn2018/tr05-1385__O2-M1.npy
pn2018,tr05-1386,tr05-1386,F3-M2,heldout,287100,/data/gen/tokens/pn2018/tr05-1386__F3-M2.npy
pn2018,tr05-1386,tr05-1386,F4-M1,heldout,287100,/data/gen/tokens/pn2018/tr05-1386__F4-M1.npy
pn2018,tr05-1386,tr05-1386,C3-M2,heldout,287100,/data/gen/tokens/pn2018/tr05-1386__C3-M2.npy
pn2018,tr05-1386,tr05-1386,C4-M1,heldout,287100,/data/gen/tokens/pn2018/tr05-1386__C4-M1.npy
pn2018,tr05-1386,tr05-1386,O1-M2,heldout,287100,/data/gen/tokens/pn2018/tr05-1386__O1-M2.npy
pn2018,tr05-1386,tr05-1386,O2-M1,heldout,287100,/data/gen/tokens/pn2018/tr05-1386__O2-M1.npy
pn2018,tr05-1406,tr05-1406,F3-M2,train,296400,/data/gen/tokens/pn2018/tr05-1406__F3-M2.npy
pn2018,tr05-1406,tr05-1406,F4-M1,train,296400,/data/gen/tokens/pn2018/tr05-1406__F4-M1.npy
pn2018,tr05-1406,tr05-1406,C3-M2,train,296400,/data/gen/tokens/pn2018/tr05-1406__C3-M2.npy
pn2018,tr05-1406,tr05-1406,C4-M1,train,296400,/data/gen/tokens/pn2018/tr05-1406__C4-M1.npy
pn2018,tr05-1406,tr05-1406,O1-M2,train,296400,/data/gen/tokens/pn2018/tr05-1406__O1-M2.npy
pn2018,tr05-1406,tr05-1406,O2-M1,train,296400,/data/gen/tokens/pn2018/tr05-1406__O2-M1.npy
pn2018,tr05-1404,tr05-1404,F3-M2,train,265200,/data/gen/tokens/pn2018/tr05-1404__F3-M2.npy
pn2018,tr05-1404,tr05-1404,F4-M1,train,265200,/data/gen/tokens/pn2018/tr05-1404__F4-M1.npy
pn2018,tr05-1404,tr05-1404,C3-M2,train,265200,/data/gen/tokens/pn2018/tr05-1404__C3-M2.npy
pn2018,tr05-1404,tr05-1404,C4-M1,train,265200,/data/gen/tokens/pn2018/tr05-1404__C4-M1.npy
pn2018,tr05-1404,tr05-1404,O1-M2,train,265200,/data/gen/tokens/pn2018/tr05-1404__O1-M2.npy
pn2018,tr05-1404,tr05-1404,O2-M1,train,265200,/data/gen/tokens/pn2018/tr05-1404__O2-M1.npy
pn2018,tr05-1419,tr05-1419,F3-M2,train,286800,/data/gen/tokens/pn2018/tr05-1419__F3-M2.npy
pn2018,tr05-1419,tr05-1419,F4-M1,train,286800,/data/gen/tokens/pn2018/tr05-1419__F4-M1.npy
pn2018,tr05-1419,tr05-1419,C3-M2,train,286800,/data/gen/tokens/pn2018/tr05-1419__C3-M2.npy
pn2018,tr05-1419,tr05-1419,C4-M1,train,286800,/data/gen/tokens/pn2018/tr05-1419__C4-M1.npy
pn2018,tr05-1419,tr05-1419,O1-M2,train,286800,/data/gen/tokens/pn2018/tr05-1419__O1-M2.npy
pn2018,tr05-1419,tr05-1419,O2-M1,train,286800,/data/gen/tokens/pn2018/tr05-1419__O2-M1.npy
pn2018,tr05-1464,tr05-1464,F3-M2,train,280200,/data/gen/tokens/pn2018/tr05-1464__F3-M2.npy
pn2018,tr05-1464,tr05-1464,F4-M1,train,280200,/data/gen/tokens/pn2018/tr05-1464__F4-M1.npy
pn2018,tr05-1464,tr05-1464,C3-M2,train,280200,/data/gen/tokens/pn2018/tr05-1464__C3-M2.npy
pn2018,tr05-1464,tr05-1464,C4-M1,train,280200,/data/gen/tokens/pn2018/tr05-1464__C4-M1.npy
pn2018,tr05-1464,tr05-1464,O1-M2,train,280200,/data/gen/tokens/pn2018/tr05-1464__O1-M2.npy
pn2018,tr05-1464,tr05-1464,O2-M1,train,280200,/data/gen/tokens/pn2018/tr05-1464__O2-M1.npy
pn2018,tr05-1452,tr05-1452,F3-M2,train,273900,/data/gen/tokens/pn2018/tr05-1452__F3-M2.npy
pn2018,tr05-1452,tr05-1452,F4-M1,train,273900,/data/gen/tokens/pn2018/tr05-1452__F4-M1.npy
pn2018,tr05-1452,tr05-1452,C3-M2,train,273900,/data/gen/tokens/pn2018/tr05-1452__C3-M2.npy
pn2018,tr05-1452,tr05-1452,C4-M1,train,273900,/data/gen/tokens/pn2018/tr05-1452__C4-M1.npy
pn2018,tr05-1452,tr05-1452,O1-M2,train,273900,/data/gen/tokens/pn2018/tr05-1452__O1-M2.npy
pn2018,tr05-1452,tr05-1452,O2-M1,train,273900,/data/gen/tokens/pn2018/tr05-1452__O2-M1.npy
pn2018,tr05-1453,tr05-1453,F3-M2,train,262200,/data/gen/tokens/pn2018/tr05-1453__F3-M2.npy
pn2018,tr05-1453,tr05-1453,F4-M1,train,262200,/data/gen/tokens/pn2018/tr05-1453__F4-M1.npy
pn2018,tr05-1453,tr05-1453,C3-M2,train,262200,/data/gen/tokens/pn2018/tr05-1453__C3-M2.npy
pn2018,tr05-1453,tr05-1453,C4-M1,train,262200,/data/gen/tokens/pn2018/tr05-1453__C4-M1.npy
pn2018,tr05-1453,tr05-1453,O1-M2,train,262200,/data/gen/tokens/pn2018/tr05-1453__O1-M2.npy
pn2018,tr05-1453,tr05-1453,O2-M1,train,262200,/data/gen/tokens/pn2018/tr05-1453__O2-M1.npy
pn2018,tr05-1434,tr05-1434,F3-M2,train,306000,/data/gen/tokens/pn2018/tr05-1434__F3-M2.npy
pn2018,tr05-1434,tr05-1434,F4-M1,train,306000,/data/gen/tokens/pn2018/tr05-1434__F4-M1.npy
pn2018,tr05-1434,tr05-1434,C3-M2,train,306000,/data/gen/tokens/pn2018/tr05-1434__C3-M2.npy
pn2018,tr05-1434,tr05-1434,C4-M1,train,306000,/data/gen/tokens/pn2018/tr05-1434__C4-M1.npy
pn2018,tr05-1434,tr05-1434,O1-M2,train,306000,/data/gen/tokens/pn2018/tr05-1434__O1-M2.npy
pn2018,tr05-1434,tr05-1434,O2-M1,train,306000,/data/gen/tokens/pn2018/tr05-1434__O2-M1.npy
pn2018,tr05-1457,tr05-1457,F3-M2,train,284700,/data/gen/tokens/pn2018/tr05-1457__F3-M2.npy
pn2018,tr05-1457,tr05-1457,F4-M1,train,284700,/data/gen/tokens/pn2018/tr05-1457__F4-M1.npy
pn2018,tr05-1457,tr05-1457,C3-M2,train,284700,/data/gen/tokens/pn2018/tr05-1457__C3-M2.npy
pn2018,tr05-1457,tr05-1457,C4-M1,train,284700,/data/gen/tokens/pn2018/tr05-1457__C4-M1.npy
pn2018,tr05-1457,tr05-1457,O1-M2,train,284700,/data/gen/tokens/pn2018/tr05-1457__O1-M2.npy
pn2018,tr05-1457,tr05-1457,O2-M1,train,284700,/data/gen/tokens/pn2018/tr05-1457__O2-M1.npy
pn2018,tr05-1475,tr05-1475,F3-M2,train,302100,/data/gen/tokens/pn2018/tr05-1475__F3-M2.npy
pn2018,tr05-1475,tr05-1475,F4-M1,train,302100,/data/gen/tokens/pn2018/tr05-1475__F4-M1.npy
pn2018,tr05-1475,tr05-1475,C3-M2,train,302100,/data/gen/tokens/pn2018/tr05-1475__C3-M2.npy
pn2018,tr05-1475,tr05-1475,C4-M1,train,302100,/data/gen/tokens/pn2018/tr05-1475__C4-M1.npy
pn2018,tr05-1475,tr05-1475,O1-M2,train,302100,/data/gen/tokens/pn2018/tr05-1475__O1-M2.npy
pn2018,tr05-1475,tr05-1475,O2-M1,train,302100,/data/gen/tokens/pn2018/tr05-1475__O2-M1.npy
pn2018,tr05-1489,tr05-1489,F3-M2,train,264300,/data/gen/tokens/pn2018/tr05-1489__F3-M2.npy
pn2018,tr05-1489,tr05-1489,F4-M1,train,264300,/data/gen/tokens/pn2018/tr05-1489__F4-M1.npy
pn2018,tr05-1489,tr05-1489,C3-M2,train,264300,/data/gen/tokens/pn2018/tr05-1489__C3-M2.npy
pn2018,tr05-1489,tr05-1489,C4-M1,train,264300,/data/gen/tokens/pn2018/tr05-1489__C4-M1.npy
pn2018,tr05-1489,tr05-1489,O1-M2,train,264300,/data/gen/tokens/pn2018/tr05-1489__O1-M2.npy
pn2018,tr05-1489,tr05-1489,O2-M1,train,264300,/data/gen/tokens/pn2018/tr05-1489__O2-M1.npy
pn2018,tr05-1497,tr05-1497,F3-M2,train,280500,/data/gen/tokens/pn2018/tr05-1497__F3-M2.npy
pn2018,tr05-1497,tr05-1497,F4-M1,train,280500,/data/gen/tokens/pn2018/tr05-1497__F4-M1.npy
pn2018,tr05-1497,tr05-1497,C3-M2,train,280500,/data/gen/tokens/pn2018/tr05-1497__C3-M2.npy
pn2018,tr05-1497,tr05-1497,C4-M1,train,280500,/data/gen/tokens/pn2018/tr05-1497__C4-M1.npy
pn2018,tr05-1497,tr05-1497,O1-M2,train,280500,/data/gen/tokens/pn2018/tr05-1497__O1-M2.npy
pn2018,tr05-1497,tr05-1497,O2-M1,train,280500,/data/gen/tokens/pn2018/tr05-1497__O2-M1.npy
pn2018,tr05-1510,tr05-1510,F3-M2,train,275700,/data/gen/tokens/pn2018/tr05-1510__F3-M2.npy
pn2018,tr05-1510,tr05-1510,F4-M1,train,275700,/data/gen/tokens/pn2018/tr05-1510__F4-M1.npy
pn2018,tr05-1510,tr05-1510,C3-M2,train,275700,/data/gen/tokens/pn2018/tr05-1510__C3-M2.npy
pn2018,tr05-1510,tr05-1510,C4-M1,train,275700,/data/gen/tokens/pn2018/tr05-1510__C4-M1.npy
pn2018,tr05-1510,tr05-1510,O1-M2,train,275700,/data/gen/tokens/pn2018/tr05-1510__O1-M2.npy
pn2018,tr05-1510,tr05-1510,O2-M1,train,275700,/data/gen/tokens/pn2018/tr05-1510__O2-M1.npy
pn2018,tr05-1521,tr05-1521,F3-M2,train,272700,/data/gen/tokens/pn2018/tr05-1521__F3-M2.npy
pn2018,tr05-1521,tr05-1521,F4-M1,train,272700,/data/gen/tokens/pn2018/tr05-1521__F4-M1.npy
pn2018,tr05-1521,tr05-1521,C3-M2,train,272700,/data/gen/tokens/pn2018/tr05-1521__C3-M2.npy
pn2018,tr05-1521,tr05-1521,C4-M1,train,272700,/data/gen/tokens/pn2018/tr05-1521__C4-M1.npy
pn2018,tr05-1521,tr05-1521,O1-M2,train,272700,/data/gen/tokens/pn2018/tr05-1521__O1-M2.npy
pn2018,tr05-1521,tr05-1521,O2-M1,train,272700,/data/gen/tokens/pn2018/tr05-1521__O2-M1.npy
pn2018,tr05-1513,tr05-1513,F3-M2,train,278700,/data/gen/tokens/pn2018/tr05-1513__F3-M2.npy
pn2018,tr05-1513,tr05-1513,F4-M1,train,278700,/data/gen/tokens/pn2018/tr05-1513__F4-M1.npy
pn2018,tr05-1513,tr05-1513,C3-M2,train,278700,/data/gen/tokens/pn2018/tr05-1513__C3-M2.npy
pn2018,tr05-1513,tr05-1513,C4-M1,train,278700,/data/gen/tokens/pn2018/tr05-1513__C4-M1.npy
pn2018,tr05-1513,tr05-1513,O1-M2,train,278700,/data/gen/tokens/pn2018/tr05-1513__O1-M2.npy
pn2018,tr05-1513,tr05-1513,O2-M1,train,278700,/data/gen/tokens/pn2018/tr05-1513__O2-M1.npy
pn2018,tr05-1547,tr05-1547,F3-M2,train,256500,/data/gen/tokens/pn2018/tr05-1547__F3-M2.npy
pn2018,tr05-1547,tr05-1547,F4-M1,train,256500,/data/gen/tokens/pn2018/tr05-1547__F4-M1.npy
pn2018,tr05-1547,tr05-1547,C3-M2,train,256500,/data/gen/tokens/pn2018/tr05-1547__C3-M2.npy
pn2018,tr05-1547,tr05-1547,C4-M1,train,256500,/data/gen/tokens/pn2018/tr05-1547__C4-M1.npy
pn2018,tr05-1547,tr05-1547,O1-M2,train,256500,/data/gen/tokens/pn2018/tr05-1547__O1-M2.npy
pn2018,tr05-1547,tr05-1547,O2-M1,train,256500,/data/gen/tokens/pn2018/tr05-1547__O2-M1.npy
pn2018,tr05-1528,tr05-1528,F3-M2,train,262800,/data/gen/tokens/pn2018/tr05-1528__F3-M2.npy
pn2018,tr05-1528,tr05-1528,F4-M1,train,262800,/data/gen/tokens/pn2018/tr05-1528__F4-M1.npy
pn2018,tr05-1528,tr05-1528,C3-M2,train,262800,/data/gen/tokens/pn2018/tr05-1528__C3-M2.npy
pn2018,tr05-1528,tr05-1528,C4-M1,train,262800,/data/gen/tokens/pn2018/tr05-1528__C4-M1.npy
pn2018,tr05-1528,tr05-1528,O1-M2,train,262800,/data/gen/tokens/pn2018/tr05-1528__O1-M2.npy
pn2018,tr05-1528,tr05-1528,O2-M1,train,262800,/data/gen/tokens/pn2018/tr05-1528__O2-M1.npy
pn2018,tr05-1551,tr05-1551,F3-M2,train,289500,/data/gen/tokens/pn2018/tr05-1551__F3-M2.npy
pn2018,tr05-1551,tr05-1551,F4-M1,train,289500,/data/gen/tokens/pn2018/tr05-1551__F4-M1.npy
pn2018,tr05-1551,tr05-1551,C3-M2,train,289500,/data/gen/tokens/pn2018/tr05-1551__C3-M2.npy
pn2018,tr05-1551,tr05-1551,C4-M1,train,289500,/data/gen/tokens/pn2018/tr05-1551__C4-M1.npy
pn2018,tr05-1551,tr05-1551,O1-M2,train,289500,/data/gen/tokens/pn2018/tr05-1551__O1-M2.npy
pn2018,tr05-1551,tr05-1551,O2-M1,train,289500,/data/gen/tokens/pn2018/tr05-1551__O2-M1.npy
pn2018,tr05-1554,tr05-1554,F3-M2,train,339000,/data/gen/tokens/pn2018/tr05-1554__F3-M2.npy
pn2018,tr05-1554,tr05-1554,F4-M1,train,339000,/data/gen/tokens/pn2018/tr05-1554__F4-M1.npy
pn2018,tr05-1554,tr05-1554,C3-M2,train,339000,/data/gen/tokens/pn2018/tr05-1554__C3-M2.npy
pn2018,tr05-1554,tr05-1554,C4-M1,train,339000,/data/gen/tokens/pn2018/tr05-1554__C4-M1.npy
pn2018,tr05-1554,tr05-1554,O1-M2,train,339000,/data/gen/tokens/pn2018/tr05-1554__O1-M2.npy
pn2018,tr05-1554,tr05-1554,O2-M1,train,339000,/data/gen/tokens/pn2018/tr05-1554__O2-M1.npy
pn2018,tr05-1558,tr05-1558,F3-M2,train,236100,/data/gen/tokens/pn2018/tr05-1558__F3-M2.npy
pn2018,tr05-1558,tr05-1558,F4-M1,train,236100,/data/gen/tokens/pn2018/tr05-1558__F4-M1.npy
pn2018,tr05-1558,tr05-1558,C3-M2,train,236100,/data/gen/tokens/pn2018/tr05-1558__C3-M2.npy
pn2018,tr05-1558,tr05-1558,C4-M1,train,236100,/data/gen/tokens/pn2018/tr05-1558__C4-M1.npy
pn2018,tr05-1558,tr05-1558,O1-M2,train,236100,/data/gen/tokens/pn2018/tr05-1558__O1-M2.npy
pn2018,tr05-1558,tr05-1558,O2-M1,train,236100,/data/gen/tokens/pn2018/tr05-1558__O2-M1.npy
pn2018,tr05-1575,tr05-1575,F3-M2,train,232200,/data/gen/tokens/pn2018/tr05-1575__F3-M2.npy
pn2018,tr05-1575,tr05-1575,F4-M1,train,232200,/data/gen/tokens/pn2018/tr05-1575__F4-M1.npy
pn2018,tr05-1575,tr05-1575,C3-M2,train,232200,/data/gen/tokens/pn2018/tr05-1575__C3-M2.npy
pn2018,tr05-1575,tr05-1575,C4-M1,train,232200,/data/gen/tokens/pn2018/tr05-1575__C4-M1.npy
pn2018,tr05-1575,tr05-1575,O1-M2,train,232200,/data/gen/tokens/pn2018/tr05-1575__O1-M2.npy
pn2018,tr05-1575,tr05-1575,O2-M1,train,232200,/data/gen/tokens/pn2018/tr05-1575__O2-M1.npy
pn2018,tr05-1591,tr05-1591,F3-M2,train,228300,/data/gen/tokens/pn2018/tr05-1591__F3-M2.npy
pn2018,tr05-1591,tr05-1591,F4-M1,train,228300,/data/gen/tokens/pn2018/tr05-1591__F4-M1.npy
pn2018,tr05-1591,tr05-1591,C3-M2,train,228300,/data/gen/tokens/pn2018/tr05-1591__C3-M2.npy
pn2018,tr05-1591,tr05-1591,C4-M1,train,228300,/data/gen/tokens/pn2018/tr05-1591__C4-M1.npy
pn2018,tr05-1591,tr05-1591,O1-M2,train,228300,/data/gen/tokens/pn2018/tr05-1591__O1-M2.npy
pn2018,tr05-1591,tr05-1591,O2-M1,train,228300,/data/gen/tokens/pn2018/tr05-1591__O2-M1.npy
pn2018,tr05-1570,tr05-1570,F3-M2,train,276900,/data/gen/tokens/pn2018/tr05-1570__F3-M2.npy
pn2018,tr05-1570,tr05-1570,F4-M1,train,276900,/data/gen/tokens/pn2018/tr05-1570__F4-M1.npy
pn2018,tr05-1570,tr05-1570,C3-M2,train,276900,/data/gen/tokens/pn2018/tr05-1570__C3-M2.npy
pn2018,tr05-1570,tr05-1570,C4-M1,train,276900,/data/gen/tokens/pn2018/tr05-1570__C4-M1.npy
pn2018,tr05-1570,tr05-1570,O1-M2,train,276900,/data/gen/tokens/pn2018/tr05-1570__O1-M2.npy
pn2018,tr05-1570,tr05-1570,O2-M1,train,276900,/data/gen/tokens/pn2018/tr05-1570__O2-M1.npy
pn2018,tr05-1572,tr05-1572,F3-M2,train,279000,/data/gen/tokens/pn2018/tr05-1572__F3-M2.npy
pn2018,tr05-1572,tr05-1572,F4-M1,train,279000,/data/gen/tokens/pn2018/tr05-1572__F4-M1.npy
pn2018,tr05-1572,tr05-1572,C3-M2,train,279000,/data/gen/tokens/pn2018/tr05-1572__C3-M2.npy
pn2018,tr05-1572,tr05-1572,C4-M1,train,279000,/data/gen/tokens/pn2018/tr05-1572__C4-M1.npy
pn2018,tr05-1572,tr05-1572,O1-M2,train,279000,/data/gen/tokens/pn2018/tr05-1572__O1-M2.npy
pn2018,tr05-1572,tr05-1572,O2-M1,train,279000,/data/gen/tokens/pn2018/tr05-1572__O2-M1.npy
pn2018,tr05-1604,tr05-1604,F3-M2,train,270900,/data/gen/tokens/pn2018/tr05-1604__F3-M2.npy
pn2018,tr05-1604,tr05-1604,F4-M1,train,270900,/data/gen/tokens/pn2018/tr05-1604__F4-M1.npy
pn2018,tr05-1604,tr05-1604,C3-M2,train,270900,/data/gen/tokens/pn2018/tr05-1604__C3-M2.npy
pn2018,tr05-1604,tr05-1604,C4-M1,train,270900,/data/gen/tokens/pn2018/tr05-1604__C4-M1.npy
pn2018,tr05-1604,tr05-1604,O1-M2,train,270900,/data/gen/tokens/pn2018/tr05-1604__O1-M2.npy
pn2018,tr05-1604,tr05-1604,O2-M1,train,270900,/data/gen/tokens/pn2018/tr05-1604__O2-M1.npy
pn2018,tr05-1624,tr05-1624,F3-M2,train,242400,/data/gen/tokens/pn2018/tr05-1624__F3-M2.npy
pn2018,tr05-1624,tr05-1624,F4-M1,train,242400,/data/gen/tokens/pn2018/tr05-1624__F4-M1.npy
pn2018,tr05-1624,tr05-1624,C3-M2,train,242400,/data/gen/tokens/pn2018/tr05-1624__C3-M2.npy
pn2018,tr05-1624,tr05-1624,C4-M1,train,242400,/data/gen/tokens/pn2018/tr05-1624__C4-M1.npy
pn2018,tr05-1624,tr05-1624,O1-M2,train,242400,/data/gen/tokens/pn2018/tr05-1624__O1-M2.npy
pn2018,tr05-1624,tr05-1624,O2-M1,train,242400,/data/gen/tokens/pn2018/tr05-1624__O2-M1.npy
pn2018,tr05-1649,tr05-1649,F3-M2,train,260700,/data/gen/tokens/pn2018/tr05-1649__F3-M2.npy
pn2018,tr05-1649,tr05-1649,F4-M1,train,260700,/data/gen/tokens/pn2018/tr05-1649__F4-M1.npy
pn2018,tr05-1649,tr05-1649,C3-M2,train,260700,/data/gen/tokens/pn2018/tr05-1649__C3-M2.npy
pn2018,tr05-1649,tr05-1649,C4-M1,train,260700,/data/gen/tokens/pn2018/tr05-1649__C4-M1.npy
pn2018,tr05-1649,tr05-1649,O1-M2,train,260700,/data/gen/tokens/pn2018/tr05-1649__O1-M2.npy
pn2018,tr05-1649,tr05-1649,O2-M1,train,260700,/data/gen/tokens/pn2018/tr05-1649__O2-M1.npy
pn2018,tr05-1681,tr05-1681,F3-M2,train,242400,/data/gen/tokens/pn2018/tr05-1681__F3-M2.npy
pn2018,tr05-1681,tr05-1681,F4-M1,train,242400,/data/gen/tokens/pn2018/tr05-1681__F4-M1.npy
pn2018,tr05-1681,tr05-1681,C3-M2,train,242400,/data/gen/tokens/pn2018/tr05-1681__C3-M2.npy
pn2018,tr05-1681,tr05-1681,C4-M1,train,242400,/data/gen/tokens/pn2018/tr05-1681__C4-M1.npy
pn2018,tr05-1681,tr05-1681,O1-M2,train,242400,/data/gen/tokens/pn2018/tr05-1681__O1-M2.npy
pn2018,tr05-1681,tr05-1681,O2-M1,train,242400,/data/gen/tokens/pn2018/tr05-1681__O2-M1.npy
pn2018,tr05-1675,tr05-1675,F3-M2,train,304500,/data/gen/tokens/pn2018/tr05-1675__F3-M2.npy
pn2018,tr05-1675,tr05-1675,F4-M1,train,304500,/data/gen/tokens/pn2018/tr05-1675__F4-M1.npy
pn2018,tr05-1675,tr05-1675,C3-M2,train,304500,/data/gen/tokens/pn2018/tr05-1675__C3-M2.npy
pn2018,tr05-1675,tr05-1675,C4-M1,train,304500,/data/gen/tokens/pn2018/tr05-1675__C4-M1.npy
pn2018,tr05-1675,tr05-1675,O1-M2,train,304500,/data/gen/tokens/pn2018/tr05-1675__O1-M2.npy
pn2018,tr05-1675,tr05-1675,O2-M1,train,304500,/data/gen/tokens/pn2018/tr05-1675__O2-M1.npy
pn2018,tr05-1659,tr05-1659,F3-M2,train,297600,/data/gen/tokens/pn2018/tr05-1659__F3-M2.npy
pn2018,tr05-1659,tr05-1659,F4-M1,train,297600,/data/gen/tokens/pn2018/tr05-1659__F4-M1.npy
pn2018,tr05-1659,tr05-1659,C3-M2,train,297600,/data/gen/tokens/pn2018/tr05-1659__C3-M2.npy
pn2018,tr05-1659,tr05-1659,C4-M1,train,297600,/data/gen/tokens/pn2018/tr05-1659__C4-M1.npy
pn2018,tr05-1659,tr05-1659,O1-M2,train,297600,/data/gen/tokens/pn2018/tr05-1659__O1-M2.npy
pn2018,tr05-1659,tr05-1659,O2-M1,train,297600,/data/gen/tokens/pn2018/tr05-1659__O2-M1.npy
pn2018,tr05-1684,tr05-1684,F3-M2,train,261600,/data/gen/tokens/pn2018/tr05-1684__F3-M2.npy
pn2018,tr05-1684,tr05-1684,F4-M1,train,261600,/data/gen/tokens/pn2018/tr05-1684__F4-M1.npy
pn2018,tr05-1684,tr05-1684,C3-M2,train,261600,/data/gen/tokens/pn2018/tr05-1684__C3-M2.npy
pn2018,tr05-1684,tr05-1684,C4-M1,train,261600,/data/gen/tokens/pn2018/tr05-1684__C4-M1.npy
pn2018,tr05-1684,tr05-1684,O1-M2,train,261600,/data/gen/tokens/pn2018/tr05-1684__O1-M2.npy
pn2018,tr05-1684,tr05-1684,O2-M1,train,261600,/data/gen/tokens/pn2018/tr05-1684__O2-M1.npy
pn2018,tr05-1653,tr05-1653,F3-M2,train,308400,/data/gen/tokens/pn2018/tr05-1653__F3-M2.npy
pn2018,tr05-1653,tr05-1653,F4-M1,train,308400,/data/gen/tokens/pn2018/tr05-1653__F4-M1.npy
pn2018,tr05-1653,tr05-1653,C3-M2,train,308400,/data/gen/tokens/pn2018/tr05-1653__C3-M2.npy
pn2018,tr05-1653,tr05-1653,C4-M1,train,308400,/data/gen/tokens/pn2018/tr05-1653__C4-M1.npy
pn2018,tr05-1653,tr05-1653,O1-M2,train,308400,/data/gen/tokens/pn2018/tr05-1653__O1-M2.npy
pn2018,tr05-1653,tr05-1653,O2-M1,train,308400,/data/gen/tokens/pn2018/tr05-1653__O2-M1.npy
pn2018,tr05-1687,tr05-1687,F3-M2,train,251400,/data/gen/tokens/pn2018/tr05-1687__F3-M2.npy
pn2018,tr05-1687,tr05-1687,F4-M1,train,251400,/data/gen/tokens/pn2018/tr05-1687__F4-M1.npy
pn2018,tr05-1687,tr05-1687,C3-M2,train,251400,/data/gen/tokens/pn2018/tr05-1687__C3-M2.npy
pn2018,tr05-1687,tr05-1687,C4-M1,train,251400,/data/gen/tokens/pn2018/tr05-1687__C4-M1.npy
pn2018,tr05-1687,tr05-1687,O1-M2,train,251400,/data/gen/tokens/pn2018/tr05-1687__O1-M2.npy
pn2018,tr05-1687,tr05-1687,O2-M1,train,251400,/data/gen/tokens/pn2018/tr05-1687__O2-M1.npy
pn2018,tr06-0017,tr06-0017,F3-M2,train,236100,/data/gen/tokens/pn2018/tr06-0017__F3-M2.npy
pn2018,tr06-0017,tr06-0017,F4-M1,train,236100,/data/gen/tokens/pn2018/tr06-0017__F4-M1.npy
pn2018,tr06-0017,tr06-0017,C3-M2,train,236100,/data/gen/tokens/pn2018/tr06-0017__C3-M2.npy
pn2018,tr06-0017,tr06-0017,C4-M1,train,236100,/data/gen/tokens/pn2018/tr06-0017__C4-M1.npy
pn2018,tr06-0017,tr06-0017,O1-M2,train,236100,/data/gen/tokens/pn2018/tr06-0017__O1-M2.npy
pn2018,tr06-0017,tr06-0017,O2-M1,train,236100,/data/gen/tokens/pn2018/tr06-0017__O2-M1.npy
pn2018,tr05-1716,tr05-1716,F3-M2,train,231600,/data/gen/tokens/pn2018/tr05-1716__F3-M2.npy
pn2018,tr05-1716,tr05-1716,F4-M1,train,231600,/data/gen/tokens/pn2018/tr05-1716__F4-M1.npy
pn2018,tr05-1716,tr05-1716,C3-M2,train,231600,/data/gen/tokens/pn2018/tr05-1716__C3-M2.npy
pn2018,tr05-1716,tr05-1716,C4-M1,train,231600,/data/gen/tokens/pn2018/tr05-1716__C4-M1.npy
pn2018,tr05-1716,tr05-1716,O1-M2,train,231600,/data/gen/tokens/pn2018/tr05-1716__O1-M2.npy
pn2018,tr05-1716,tr05-1716,O2-M1,train,231600,/data/gen/tokens/pn2018/tr05-1716__O2-M1.npy
pn2018,tr05-1720,tr05-1720,F3-M2,train,247500,/data/gen/tokens/pn2018/tr05-1720__F3-M2.npy
pn2018,tr05-1720,tr05-1720,F4-M1,train,247500,/data/gen/tokens/pn2018/tr05-1720__F4-M1.npy
pn2018,tr05-1720,tr05-1720,C3-M2,train,247500,/data/gen/tokens/pn2018/tr05-1720__C3-M2.npy
pn2018,tr05-1720,tr05-1720,C4-M1,train,247500,/data/gen/tokens/pn2018/tr05-1720__C4-M1.npy
pn2018,tr05-1720,tr05-1720,O1-M2,train,247500,/data/gen/tokens/pn2018/tr05-1720__O1-M2.npy
pn2018,tr05-1720,tr05-1720,O2-M1,train,247500,/data/gen/tokens/pn2018/tr05-1720__O2-M1.npy
pn2018,tr05-1728,tr05-1728,F3-M2,train,252900,/data/gen/tokens/pn2018/tr05-1728__F3-M2.npy
pn2018,tr05-1728,tr05-1728,F4-M1,train,252900,/data/gen/tokens/pn2018/tr05-1728__F4-M1.npy
pn2018,tr05-1728,tr05-1728,C3-M2,train,252900,/data/gen/tokens/pn2018/tr05-1728__C3-M2.npy
pn2018,tr05-1728,tr05-1728,C4-M1,train,252900,/data/gen/tokens/pn2018/tr05-1728__C4-M1.npy
pn2018,tr05-1728,tr05-1728,O1-M2,train,252900,/data/gen/tokens/pn2018/tr05-1728__O1-M2.npy
pn2018,tr05-1728,tr05-1728,O2-M1,train,252900,/data/gen/tokens/pn2018/tr05-1728__O2-M1.npy
pn2018,tr05-1688,tr05-1688,F3-M2,train,277200,/data/gen/tokens/pn2018/tr05-1688__F3-M2.npy
pn2018,tr05-1688,tr05-1688,F4-M1,train,277200,/data/gen/tokens/pn2018/tr05-1688__F4-M1.npy
pn2018,tr05-1688,tr05-1688,C3-M2,train,277200,/data/gen/tokens/pn2018/tr05-1688__C3-M2.npy
pn2018,tr05-1688,tr05-1688,C4-M1,train,277200,/data/gen/tokens/pn2018/tr05-1688__C4-M1.npy
pn2018,tr05-1688,tr05-1688,O1-M2,train,277200,/data/gen/tokens/pn2018/tr05-1688__O1-M2.npy
pn2018,tr05-1688,tr05-1688,O2-M1,train,277200,/data/gen/tokens/pn2018/tr05-1688__O2-M1.npy
pn2018,tr05-1689,tr05-1689,F3-M2,train,285600,/data/gen/tokens/pn2018/tr05-1689__F3-M2.npy
pn2018,tr05-1689,tr05-1689,F4-M1,train,285600,/data/gen/tokens/pn2018/tr05-1689__F4-M1.npy
pn2018,tr05-1689,tr05-1689,C3-M2,train,285600,/data/gen/tokens/pn2018/tr05-1689__C3-M2.npy
pn2018,tr05-1689,tr05-1689,C4-M1,train,285600,/data/gen/tokens/pn2018/tr05-1689__C4-M1.npy
pn2018,tr05-1689,tr05-1689,O1-M2,train,285600,/data/gen/tokens/pn2018/tr05-1689__O1-M2.npy
pn2018,tr05-1689,tr05-1689,O2-M1,train,285600,/data/gen/tokens/pn2018/tr05-1689__O2-M1.npy
pn2018,tr06-0014,tr06-0014,F3-M2,train,304500,/data/gen/tokens/pn2018/tr06-0014__F3-M2.npy
pn2018,tr06-0014,tr06-0014,F4-M1,train,304500,/data/gen/tokens/pn2018/tr06-0014__F4-M1.npy
pn2018,tr06-0014,tr06-0014,C3-M2,train,304500,/data/gen/tokens/pn2018/tr06-0014__C3-M2.npy
pn2018,tr06-0014,tr06-0014,C4-M1,train,304500,/data/gen/tokens/pn2018/tr06-0014__C4-M1.npy
pn2018,tr06-0014,tr06-0014,O1-M2,train,304500,/data/gen/tokens/pn2018/tr06-0014__O1-M2.npy
pn2018,tr06-0014,tr06-0014,O2-M1,train,304500,/data/gen/tokens/pn2018/tr06-0014__O2-M1.npy
pn2018,tr06-0041,tr06-0041,F3-M2,train,249600,/data/gen/tokens/pn2018/tr06-0041__F3-M2.npy
pn2018,tr06-0041,tr06-0041,F4-M1,train,249600,/data/gen/tokens/pn2018/tr06-0041__F4-M1.npy
pn2018,tr06-0041,tr06-0041,C3-M2,train,249600,/data/gen/tokens/pn2018/tr06-0041__C3-M2.npy
pn2018,tr06-0041,tr06-0041,C4-M1,train,249600,/data/gen/tokens/pn2018/tr06-0041__C4-M1.npy
pn2018,tr06-0041,tr06-0041,O1-M2,train,249600,/data/gen/tokens/pn2018/tr06-0041__O1-M2.npy
pn2018,tr06-0041,tr06-0041,O2-M1,train,249600,/data/gen/tokens/pn2018/tr06-0041__O2-M1.npy
pn2018,tr06-0062,tr06-0062,F3-M2,train,290700,/data/gen/tokens/pn2018/tr06-0062__F3-M2.npy
pn2018,tr06-0062,tr06-0062,F4-M1,train,290700,/data/gen/tokens/pn2018/tr06-0062__F4-M1.npy
pn2018,tr06-0062,tr06-0062,C3-M2,train,290700,/data/gen/tokens/pn2018/tr06-0062__C3-M2.npy
pn2018,tr06-0062,tr06-0062,C4-M1,train,290700,/data/gen/tokens/pn2018/tr06-0062__C4-M1.npy
pn2018,tr06-0062,tr06-0062,O1-M2,train,290700,/data/gen/tokens/pn2018/tr06-0062__O1-M2.npy
pn2018,tr06-0062,tr06-0062,O2-M1,train,290700,/data/gen/tokens/pn2018/tr06-0062__O2-M1.npy
pn2018,tr06-0084,tr06-0084,F3-M2,train,280800,/data/gen/tokens/pn2018/tr06-0084__F3-M2.npy
pn2018,tr06-0084,tr06-0084,F4-M1,train,280800,/data/gen/tokens/pn2018/tr06-0084__F4-M1.npy
pn2018,tr06-0084,tr06-0084,C3-M2,train,280800,/data/gen/tokens/pn2018/tr06-0084__C3-M2.npy
pn2018,tr06-0084,tr06-0084,C4-M1,train,280800,/data/gen/tokens/pn2018/tr06-0084__C4-M1.npy
pn2018,tr06-0084,tr06-0084,O1-M2,train,280800,/data/gen/tokens/pn2018/tr06-0084__O1-M2.npy
pn2018,tr06-0084,tr06-0084,O2-M1,train,280800,/data/gen/tokens/pn2018/tr06-0084__O2-M1.npy
pn2018,tr06-0107,tr06-0107,F3-M2,train,243300,/data/gen/tokens/pn2018/tr06-0107__F3-M2.npy
pn2018,tr06-0107,tr06-0107,F4-M1,train,243300,/data/gen/tokens/pn2018/tr06-0107__F4-M1.npy
pn2018,tr06-0107,tr06-0107,C3-M2,train,243300,/data/gen/tokens/pn2018/tr06-0107__C3-M2.npy
pn2018,tr06-0107,tr06-0107,C4-M1,train,243300,/data/gen/tokens/pn2018/tr06-0107__C4-M1.npy
pn2018,tr06-0107,tr06-0107,O1-M2,train,243300,/data/gen/tokens/pn2018/tr06-0107__O1-M2.npy
pn2018,tr06-0107,tr06-0107,O2-M1,train,243300,/data/gen/tokens/pn2018/tr06-0107__O2-M1.npy
pn2018,tr06-0103,tr06-0103,F3-M2,train,293700,/data/gen/tokens/pn2018/tr06-0103__F3-M2.npy
pn2018,tr06-0103,tr06-0103,F4-M1,train,293700,/data/gen/tokens/pn2018/tr06-0103__F4-M1.npy
pn2018,tr06-0103,tr06-0103,C3-M2,train,293700,/data/gen/tokens/pn2018/tr06-0103__C3-M2.npy
pn2018,tr06-0103,tr06-0103,C4-M1,train,293700,/data/gen/tokens/pn2018/tr06-0103__C4-M1.npy
pn2018,tr06-0103,tr06-0103,O1-M2,train,293700,/data/gen/tokens/pn2018/tr06-0103__O1-M2.npy
pn2018,tr06-0103,tr06-0103,O2-M1,train,293700,/data/gen/tokens/pn2018/tr06-0103__O2-M1.npy
pn2018,tr06-0108,tr06-0108,F3-M2,heldout,278700,/data/gen/tokens/pn2018/tr06-0108__F3-M2.npy
pn2018,tr06-0108,tr06-0108,F4-M1,heldout,278700,/data/gen/tokens/pn2018/tr06-0108__F4-M1.npy
pn2018,tr06-0108,tr06-0108,C3-M2,heldout,278700,/data/gen/tokens/pn2018/tr06-0108__C3-M2.npy
pn2018,tr06-0108,tr06-0108,C4-M1,heldout,278700,/data/gen/tokens/pn2018/tr06-0108__C4-M1.npy
pn2018,tr06-0108,tr06-0108,O1-M2,heldout,278700,/data/gen/tokens/pn2018/tr06-0108__O1-M2.npy
pn2018,tr06-0108,tr06-0108,O2-M1,heldout,278700,/data/gen/tokens/pn2018/tr06-0108__O2-M1.npy
pn2018,tr06-0050,tr06-0050,F3-M2,train,328200,/data/gen/tokens/pn2018/tr06-0050__F3-M2.npy
pn2018,tr06-0050,tr06-0050,F4-M1,train,328200,/data/gen/tokens/pn2018/tr06-0050__F4-M1.npy
pn2018,tr06-0050,tr06-0050,C3-M2,train,328200,/data/gen/tokens/pn2018/tr06-0050__C3-M2.npy
pn2018,tr06-0050,tr06-0050,C4-M1,train,328200,/data/gen/tokens/pn2018/tr06-0050__C4-M1.npy
pn2018,tr06-0050,tr06-0050,O1-M2,train,328200,/data/gen/tokens/pn2018/tr06-0050__O1-M2.npy
pn2018,tr06-0050,tr06-0050,O2-M1,train,328200,/data/gen/tokens/pn2018/tr06-0050__O2-M1.npy
pn2018,tr06-0117,tr06-0117,F3-M2,train,294300,/data/gen/tokens/pn2018/tr06-0117__F3-M2.npy
pn2018,tr06-0117,tr06-0117,F4-M1,train,294300,/data/gen/tokens/pn2018/tr06-0117__F4-M1.npy
pn2018,tr06-0117,tr06-0117,C3-M2,train,294300,/data/gen/tokens/pn2018/tr06-0117__C3-M2.npy
pn2018,tr06-0117,tr06-0117,C4-M1,train,294300,/data/gen/tokens/pn2018/tr06-0117__C4-M1.npy
pn2018,tr06-0117,tr06-0117,O1-M2,train,294300,/data/gen/tokens/pn2018/tr06-0117__O1-M2.npy
pn2018,tr06-0117,tr06-0117,O2-M1,train,294300,/data/gen/tokens/pn2018/tr06-0117__O2-M1.npy
pn2018,tr06-0122,tr06-0122,F3-M2,heldout,231300,/data/gen/tokens/pn2018/tr06-0122__F3-M2.npy
pn2018,tr06-0122,tr06-0122,F4-M1,heldout,231300,/data/gen/tokens/pn2018/tr06-0122__F4-M1.npy
pn2018,tr06-0122,tr06-0122,C3-M2,heldout,231300,/data/gen/tokens/pn2018/tr06-0122__C3-M2.npy
pn2018,tr06-0122,tr06-0122,C4-M1,heldout,231300,/data/gen/tokens/pn2018/tr06-0122__C4-M1.npy
pn2018,tr06-0122,tr06-0122,O1-M2,heldout,231300,/data/gen/tokens/pn2018/tr06-0122__O1-M2.npy
pn2018,tr06-0122,tr06-0122,O2-M1,heldout,231300,/data/gen/tokens/pn2018/tr06-0122__O2-M1.npy
pn2018,tr06-0182,tr06-0182,F3-M2,train,227700,/data/gen/tokens/pn2018/tr06-0182__F3-M2.npy
pn2018,tr06-0182,tr06-0182,F4-M1,train,227700,/data/gen/tokens/pn2018/tr06-0182__F4-M1.npy
pn2018,tr06-0182,tr06-0182,C3-M2,train,227700,/data/gen/tokens/pn2018/tr06-0182__C3-M2.npy
pn2018,tr06-0182,tr06-0182,C4-M1,train,227700,/data/gen/tokens/pn2018/tr06-0182__C4-M1.npy
pn2018,tr06-0182,tr06-0182,O1-M2,train,227700,/data/gen/tokens/pn2018/tr06-0182__O1-M2.npy
pn2018,tr06-0182,tr06-0182,O2-M1,train,227700,/data/gen/tokens/pn2018/tr06-0182__O2-M1.npy
pn2018,tr06-0154,tr06-0154,F3-M2,train,245400,/data/gen/tokens/pn2018/tr06-0154__F3-M2.npy
pn2018,tr06-0154,tr06-0154,F4-M1,train,245400,/data/gen/tokens/pn2018/tr06-0154__F4-M1.npy
pn2018,tr06-0154,tr06-0154,C3-M2,train,245400,/data/gen/tokens/pn2018/tr06-0154__C3-M2.npy
pn2018,tr06-0154,tr06-0154,C4-M1,train,245400,/data/gen/tokens/pn2018/tr06-0154__C4-M1.npy
pn2018,tr06-0154,tr06-0154,O1-M2,train,245400,/data/gen/tokens/pn2018/tr06-0154__O1-M2.npy
pn2018,tr06-0154,tr06-0154,O2-M1,train,245400,/data/gen/tokens/pn2018/tr06-0154__O2-M1.npy
pn2018,tr06-0126,tr06-0126,F3-M2,train,294600,/data/gen/tokens/pn2018/tr06-0126__F3-M2.npy
pn2018,tr06-0126,tr06-0126,F4-M1,train,294600,/data/gen/tokens/pn2018/tr06-0126__F4-M1.npy
pn2018,tr06-0126,tr06-0126,C3-M2,train,294600,/data/gen/tokens/pn2018/tr06-0126__C3-M2.npy
pn2018,tr06-0126,tr06-0126,C4-M1,train,294600,/data/gen/tokens/pn2018/tr06-0126__C4-M1.npy
pn2018,tr06-0126,tr06-0126,O1-M2,train,294600,/data/gen/tokens/pn2018/tr06-0126__O1-M2.npy
pn2018,tr06-0126,tr06-0126,O2-M1,train,294600,/data/gen/tokens/pn2018/tr06-0126__O2-M1.npy
pn2018,tr06-0168,tr06-0168,F3-M2,train,275700,/data/gen/tokens/pn2018/tr06-0168__F3-M2.npy
pn2018,tr06-0168,tr06-0168,F4-M1,train,275700,/data/gen/tokens/pn2018/tr06-0168__F4-M1.npy
pn2018,tr06-0168,tr06-0168,C3-M2,train,275700,/data/gen/tokens/pn2018/tr06-0168__C3-M2.npy
pn2018,tr06-0168,tr06-0168,C4-M1,train,275700,/data/gen/tokens/pn2018/tr06-0168__C4-M1.npy
pn2018,tr06-0168,tr06-0168,O1-M2,train,275700,/data/gen/tokens/pn2018/tr06-0168__O1-M2.npy
pn2018,tr06-0168,tr06-0168,O2-M1,train,275700,/data/gen/tokens/pn2018/tr06-0168__O2-M1.npy
pn2018,tr06-0166,tr06-0166,F3-M2,train,282300,/data/gen/tokens/pn2018/tr06-0166__F3-M2.npy
pn2018,tr06-0166,tr06-0166,F4-M1,train,282300,/data/gen/tokens/pn2018/tr06-0166__F4-M1.npy
pn2018,tr06-0166,tr06-0166,C3-M2,train,282300,/data/gen/tokens/pn2018/tr06-0166__C3-M2.npy
pn2018,tr06-0166,tr06-0166,C4-M1,train,282300,/data/gen/tokens/pn2018/tr06-0166__C4-M1.npy
pn2018,tr06-0166,tr06-0166,O1-M2,train,282300,/data/gen/tokens/pn2018/tr06-0166__O1-M2.npy
pn2018,tr06-0166,tr06-0166,O2-M1,train,282300,/data/gen/tokens/pn2018/tr06-0166__O2-M1.npy
pn2018,tr06-0177,tr06-0177,F3-M2,train,293100,/data/gen/tokens/pn2018/tr06-0177__F3-M2.npy
pn2018,tr06-0177,tr06-0177,F4-M1,train,293100,/data/gen/tokens/pn2018/tr06-0177__F4-M1.npy
pn2018,tr06-0177,tr06-0177,C3-M2,train,293100,/data/gen/tokens/pn2018/tr06-0177__C3-M2.npy
pn2018,tr06-0177,tr06-0177,C4-M1,train,293100,/data/gen/tokens/pn2018/tr06-0177__C4-M1.npy
pn2018,tr06-0177,tr06-0177,O1-M2,train,293100,/data/gen/tokens/pn2018/tr06-0177__O1-M2.npy
pn2018,tr06-0177,tr06-0177,O2-M1,train,293100,/data/gen/tokens/pn2018/tr06-0177__O2-M1.npy
pn2018,tr06-0202,tr06-0202,F3-M2,train,277500,/data/gen/tokens/pn2018/tr06-0202__F3-M2.npy
pn2018,tr06-0202,tr06-0202,F4-M1,train,277500,/data/gen/tokens/pn2018/tr06-0202__F4-M1.npy
pn2018,tr06-0202,tr06-0202,C3-M2,train,277500,/data/gen/tokens/pn2018/tr06-0202__C3-M2.npy
pn2018,tr06-0202,tr06-0202,C4-M1,train,277500,/data/gen/tokens/pn2018/tr06-0202__C4-M1.npy
pn2018,tr06-0202,tr06-0202,O1-M2,train,277500,/data/gen/tokens/pn2018/tr06-0202__O1-M2.npy
pn2018,tr06-0202,tr06-0202,O2-M1,train,277500,/data/gen/tokens/pn2018/tr06-0202__O2-M1.npy
pn2018,tr06-0204,tr06-0204,F3-M2,train,270900,/data/gen/tokens/pn2018/tr06-0204__F3-M2.npy
pn2018,tr06-0204,tr06-0204,F4-M1,train,270900,/data/gen/tokens/pn2018/tr06-0204__F4-M1.npy
pn2018,tr06-0204,tr06-0204,C3-M2,train,270900,/data/gen/tokens/pn2018/tr06-0204__C3-M2.npy
pn2018,tr06-0204,tr06-0204,C4-M1,train,270900,/data/gen/tokens/pn2018/tr06-0204__C4-M1.npy
pn2018,tr06-0204,tr06-0204,O1-M2,train,270900,/data/gen/tokens/pn2018/tr06-0204__O1-M2.npy
pn2018,tr06-0204,tr06-0204,O2-M1,train,270900,/data/gen/tokens/pn2018/tr06-0204__O2-M1.npy
pn2018,tr06-0193,tr06-0193,F3-M2,train,335100,/data/gen/tokens/pn2018/tr06-0193__F3-M2.npy
pn2018,tr06-0193,tr06-0193,F4-M1,train,335100,/data/gen/tokens/pn2018/tr06-0193__F4-M1.npy
pn2018,tr06-0193,tr06-0193,C3-M2,train,335100,/data/gen/tokens/pn2018/tr06-0193__C3-M2.npy
pn2018,tr06-0193,tr06-0193,C4-M1,train,335100,/data/gen/tokens/pn2018/tr06-0193__C4-M1.npy
pn2018,tr06-0193,tr06-0193,O1-M2,train,335100,/data/gen/tokens/pn2018/tr06-0193__O1-M2.npy
pn2018,tr06-0193,tr06-0193,O2-M1,train,335100,/data/gen/tokens/pn2018/tr06-0193__O2-M1.npy
pn2018,tr06-0234,tr06-0234,F3-M2,train,265800,/data/gen/tokens/pn2018/tr06-0234__F3-M2.npy
pn2018,tr06-0234,tr06-0234,F4-M1,train,265800,/data/gen/tokens/pn2018/tr06-0234__F4-M1.npy
pn2018,tr06-0234,tr06-0234,C3-M2,train,265800,/data/gen/tokens/pn2018/tr06-0234__C3-M2.npy
pn2018,tr06-0234,tr06-0234,C4-M1,train,265800,/data/gen/tokens/pn2018/tr06-0234__C4-M1.npy
pn2018,tr06-0234,tr06-0234,O1-M2,train,265800,/data/gen/tokens/pn2018/tr06-0234__O1-M2.npy
pn2018,tr06-0234,tr06-0234,O2-M1,train,265800,/data/gen/tokens/pn2018/tr06-0234__O2-M1.npy
pn2018,tr06-0221,tr06-0221,F3-M2,train,285600,/data/gen/tokens/pn2018/tr06-0221__F3-M2.npy
pn2018,tr06-0221,tr06-0221,F4-M1,train,285600,/data/gen/tokens/pn2018/tr06-0221__F4-M1.npy
pn2018,tr06-0221,tr06-0221,C3-M2,train,285600,/data/gen/tokens/pn2018/tr06-0221__C3-M2.npy
pn2018,tr06-0221,tr06-0221,C4-M1,train,285600,/data/gen/tokens/pn2018/tr06-0221__C4-M1.npy
pn2018,tr06-0221,tr06-0221,O1-M2,train,285600,/data/gen/tokens/pn2018/tr06-0221__O1-M2.npy
pn2018,tr06-0221,tr06-0221,O2-M1,train,285600,/data/gen/tokens/pn2018/tr06-0221__O2-M1.npy
pn2018,tr06-0232,tr06-0232,F3-M2,heldout,279300,/data/gen/tokens/pn2018/tr06-0232__F3-M2.npy
pn2018,tr06-0232,tr06-0232,F4-M1,heldout,279300,/data/gen/tokens/pn2018/tr06-0232__F4-M1.npy
pn2018,tr06-0232,tr06-0232,C3-M2,heldout,279300,/data/gen/tokens/pn2018/tr06-0232__C3-M2.npy
pn2018,tr06-0232,tr06-0232,C4-M1,heldout,279300,/data/gen/tokens/pn2018/tr06-0232__C4-M1.npy
pn2018,tr06-0232,tr06-0232,O1-M2,heldout,279300,/data/gen/tokens/pn2018/tr06-0232__O1-M2.npy
pn2018,tr06-0232,tr06-0232,O2-M1,heldout,279300,/data/gen/tokens/pn2018/tr06-0232__O2-M1.npy
pn2018,tr06-0242,tr06-0242,F3-M2,train,306900,/data/gen/tokens/pn2018/tr06-0242__F3-M2.npy
pn2018,tr06-0242,tr06-0242,F4-M1,train,306900,/data/gen/tokens/pn2018/tr06-0242__F4-M1.npy
pn2018,tr06-0242,tr06-0242,C3-M2,train,306900,/data/gen/tokens/pn2018/tr06-0242__C3-M2.npy
pn2018,tr06-0242,tr06-0242,C4-M1,train,306900,/data/gen/tokens/pn2018/tr06-0242__C4-M1.npy
pn2018,tr06-0242,tr06-0242,O1-M2,train,306900,/data/gen/tokens/pn2018/tr06-0242__O1-M2.npy
pn2018,tr06-0242,tr06-0242,O2-M1,train,306900,/data/gen/tokens/pn2018/tr06-0242__O2-M1.npy
pn2018,tr06-0249,tr06-0249,F3-M2,train,294900,/data/gen/tokens/pn2018/tr06-0249__F3-M2.npy
pn2018,tr06-0249,tr06-0249,F4-M1,train,294900,/data/gen/tokens/pn2018/tr06-0249__F4-M1.npy
pn2018,tr06-0249,tr06-0249,C3-M2,train,294900,/data/gen/tokens/pn2018/tr06-0249__C3-M2.npy
pn2018,tr06-0249,tr06-0249,C4-M1,train,294900,/data/gen/tokens/pn2018/tr06-0249__C4-M1.npy
pn2018,tr06-0249,tr06-0249,O1-M2,train,294900,/data/gen/tokens/pn2018/tr06-0249__O1-M2.npy
pn2018,tr06-0249,tr06-0249,O2-M1,train,294900,/data/gen/tokens/pn2018/tr06-0249__O2-M1.npy
pn2018,tr06-0307,tr06-0307,F3-M2,train,235800,/data/gen/tokens/pn2018/tr06-0307__F3-M2.npy
pn2018,tr06-0307,tr06-0307,F4-M1,train,235800,/data/gen/tokens/pn2018/tr06-0307__F4-M1.npy
pn2018,tr06-0307,tr06-0307,C3-M2,train,235800,/data/gen/tokens/pn2018/tr06-0307__C3-M2.npy
pn2018,tr06-0307,tr06-0307,C4-M1,train,235800,/data/gen/tokens/pn2018/tr06-0307__C4-M1.npy
pn2018,tr06-0307,tr06-0307,O1-M2,train,235800,/data/gen/tokens/pn2018/tr06-0307__O1-M2.npy
pn2018,tr06-0307,tr06-0307,O2-M1,train,235800,/data/gen/tokens/pn2018/tr06-0307__O2-M1.npy
pn2018,tr06-0262,tr06-0262,F3-M2,train,259800,/data/gen/tokens/pn2018/tr06-0262__F3-M2.npy
pn2018,tr06-0262,tr06-0262,F4-M1,train,259800,/data/gen/tokens/pn2018/tr06-0262__F4-M1.npy
pn2018,tr06-0262,tr06-0262,C3-M2,train,259800,/data/gen/tokens/pn2018/tr06-0262__C3-M2.npy
pn2018,tr06-0262,tr06-0262,C4-M1,train,259800,/data/gen/tokens/pn2018/tr06-0262__C4-M1.npy
pn2018,tr06-0262,tr06-0262,O1-M2,train,259800,/data/gen/tokens/pn2018/tr06-0262__O1-M2.npy
pn2018,tr06-0262,tr06-0262,O2-M1,train,259800,/data/gen/tokens/pn2018/tr06-0262__O2-M1.npy
pn2018,tr06-0313,tr06-0313,F3-M2,train,249900,/data/gen/tokens/pn2018/tr06-0313__F3-M2.npy
pn2018,tr06-0313,tr06-0313,F4-M1,train,249900,/data/gen/tokens/pn2018/tr06-0313__F4-M1.npy
pn2018,tr06-0313,tr06-0313,C3-M2,train,249900,/data/gen/tokens/pn2018/tr06-0313__C3-M2.npy
pn2018,tr06-0313,tr06-0313,C4-M1,train,249900,/data/gen/tokens/pn2018/tr06-0313__C4-M1.npy
pn2018,tr06-0313,tr06-0313,O1-M2,train,249900,/data/gen/tokens/pn2018/tr06-0313__O1-M2.npy
pn2018,tr06-0313,tr06-0313,O2-M1,train,249900,/data/gen/tokens/pn2018/tr06-0313__O2-M1.npy
pn2018,tr06-0282,tr06-0282,F3-M2,train,277500,/data/gen/tokens/pn2018/tr06-0282__F3-M2.npy
pn2018,tr06-0282,tr06-0282,F4-M1,train,277500,/data/gen/tokens/pn2018/tr06-0282__F4-M1.npy
pn2018,tr06-0282,tr06-0282,C3-M2,train,277500,/data/gen/tokens/pn2018/tr06-0282__C3-M2.npy
pn2018,tr06-0282,tr06-0282,C4-M1,train,277500,/data/gen/tokens/pn2018/tr06-0282__C4-M1.npy
pn2018,tr06-0282,tr06-0282,O1-M2,train,277500,/data/gen/tokens/pn2018/tr06-0282__O1-M2.npy
pn2018,tr06-0282,tr06-0282,O2-M1,train,277500,/data/gen/tokens/pn2018/tr06-0282__O2-M1.npy
pn2018,tr06-0315,tr06-0315,F3-M2,train,240300,/data/gen/tokens/pn2018/tr06-0315__F3-M2.npy
pn2018,tr06-0315,tr06-0315,F4-M1,train,240300,/data/gen/tokens/pn2018/tr06-0315__F4-M1.npy
pn2018,tr06-0315,tr06-0315,C3-M2,train,240300,/data/gen/tokens/pn2018/tr06-0315__C3-M2.npy
pn2018,tr06-0315,tr06-0315,C4-M1,train,240300,/data/gen/tokens/pn2018/tr06-0315__C4-M1.npy
pn2018,tr06-0315,tr06-0315,O1-M2,train,240300,/data/gen/tokens/pn2018/tr06-0315__O1-M2.npy
pn2018,tr06-0315,tr06-0315,O2-M1,train,240300,/data/gen/tokens/pn2018/tr06-0315__O2-M1.npy
pn2018,tr06-0302,tr06-0302,F3-M2,train,267600,/data/gen/tokens/pn2018/tr06-0302__F3-M2.npy
pn2018,tr06-0302,tr06-0302,F4-M1,train,267600,/data/gen/tokens/pn2018/tr06-0302__F4-M1.npy
pn2018,tr06-0302,tr06-0302,C3-M2,train,267600,/data/gen/tokens/pn2018/tr06-0302__C3-M2.npy
pn2018,tr06-0302,tr06-0302,C4-M1,train,267600,/data/gen/tokens/pn2018/tr06-0302__C4-M1.npy
pn2018,tr06-0302,tr06-0302,O1-M2,train,267600,/data/gen/tokens/pn2018/tr06-0302__O1-M2.npy
pn2018,tr06-0302,tr06-0302,O2-M1,train,267600,/data/gen/tokens/pn2018/tr06-0302__O2-M1.npy
pn2018,tr06-0317,tr06-0317,F3-M2,train,288300,/data/gen/tokens/pn2018/tr06-0317__F3-M2.npy
pn2018,tr06-0317,tr06-0317,F4-M1,train,288300,/data/gen/tokens/pn2018/tr06-0317__F4-M1.npy
pn2018,tr06-0317,tr06-0317,C3-M2,train,288300,/data/gen/tokens/pn2018/tr06-0317__C3-M2.npy
pn2018,tr06-0317,tr06-0317,C4-M1,train,288300,/data/gen/tokens/pn2018/tr06-0317__C4-M1.npy
pn2018,tr06-0317,tr06-0317,O1-M2,train,288300,/data/gen/tokens/pn2018/tr06-0317__O1-M2.npy
pn2018,tr06-0317,tr06-0317,O2-M1,train,288300,/data/gen/tokens/pn2018/tr06-0317__O2-M1.npy
pn2018,tr06-0379,tr06-0379,F3-M2,train,288600,/data/gen/tokens/pn2018/tr06-0379__F3-M2.npy
pn2018,tr06-0379,tr06-0379,F4-M1,train,288600,/data/gen/tokens/pn2018/tr06-0379__F4-M1.npy
pn2018,tr06-0379,tr06-0379,C3-M2,train,288600,/data/gen/tokens/pn2018/tr06-0379__C3-M2.npy
pn2018,tr06-0379,tr06-0379,C4-M1,train,288600,/data/gen/tokens/pn2018/tr06-0379__C4-M1.npy
pn2018,tr06-0379,tr06-0379,O1-M2,train,288600,/data/gen/tokens/pn2018/tr06-0379__O1-M2.npy
pn2018,tr06-0379,tr06-0379,O2-M1,train,288600,/data/gen/tokens/pn2018/tr06-0379__O2-M1.npy
pn2018,tr06-0333,tr06-0333,F3-M2,train,270300,/data/gen/tokens/pn2018/tr06-0333__F3-M2.npy
pn2018,tr06-0333,tr06-0333,F4-M1,train,270300,/data/gen/tokens/pn2018/tr06-0333__F4-M1.npy
pn2018,tr06-0333,tr06-0333,C3-M2,train,270300,/data/gen/tokens/pn2018/tr06-0333__C3-M2.npy
pn2018,tr06-0333,tr06-0333,C4-M1,train,270300,/data/gen/tokens/pn2018/tr06-0333__C4-M1.npy
pn2018,tr06-0333,tr06-0333,O1-M2,train,270300,/data/gen/tokens/pn2018/tr06-0333__O1-M2.npy
pn2018,tr06-0333,tr06-0333,O2-M1,train,270300,/data/gen/tokens/pn2018/tr06-0333__O2-M1.npy
pn2018,tr06-0362,tr06-0362,F3-M2,train,245700,/data/gen/tokens/pn2018/tr06-0362__F3-M2.npy
pn2018,tr06-0362,tr06-0362,F4-M1,train,245700,/data/gen/tokens/pn2018/tr06-0362__F4-M1.npy
pn2018,tr06-0362,tr06-0362,C3-M2,train,245700,/data/gen/tokens/pn2018/tr06-0362__C3-M2.npy
pn2018,tr06-0362,tr06-0362,C4-M1,train,245700,/data/gen/tokens/pn2018/tr06-0362__C4-M1.npy
pn2018,tr06-0362,tr06-0362,O1-M2,train,245700,/data/gen/tokens/pn2018/tr06-0362__O1-M2.npy
pn2018,tr06-0362,tr06-0362,O2-M1,train,245700,/data/gen/tokens/pn2018/tr06-0362__O2-M1.npy
pn2018,tr06-0318,tr06-0318,F3-M2,train,276900,/data/gen/tokens/pn2018/tr06-0318__F3-M2.npy
pn2018,tr06-0318,tr06-0318,F4-M1,train,276900,/data/gen/tokens/pn2018/tr06-0318__F4-M1.npy
pn2018,tr06-0318,tr06-0318,C3-M2,train,276900,/data/gen/tokens/pn2018/tr06-0318__C3-M2.npy
pn2018,tr06-0318,tr06-0318,C4-M1,train,276900,/data/gen/tokens/pn2018/tr06-0318__C4-M1.npy
pn2018,tr06-0318,tr06-0318,O1-M2,train,276900,/data/gen/tokens/pn2018/tr06-0318__O1-M2.npy
pn2018,tr06-0318,tr06-0318,O2-M1,train,276900,/data/gen/tokens/pn2018/tr06-0318__O2-M1.npy
pn2018,tr06-0347,tr06-0347,F3-M2,train,286500,/data/gen/tokens/pn2018/tr06-0347__F3-M2.npy
pn2018,tr06-0347,tr06-0347,F4-M1,train,286500,/data/gen/tokens/pn2018/tr06-0347__F4-M1.npy
pn2018,tr06-0347,tr06-0347,C3-M2,train,286500,/data/gen/tokens/pn2018/tr06-0347__C3-M2.npy
pn2018,tr06-0347,tr06-0347,C4-M1,train,286500,/data/gen/tokens/pn2018/tr06-0347__C4-M1.npy
pn2018,tr06-0347,tr06-0347,O1-M2,train,286500,/data/gen/tokens/pn2018/tr06-0347__O1-M2.npy
pn2018,tr06-0347,tr06-0347,O2-M1,train,286500,/data/gen/tokens/pn2018/tr06-0347__O2-M1.npy
pn2018,tr06-0363,tr06-0363,F3-M2,train,293100,/data/gen/tokens/pn2018/tr06-0363__F3-M2.npy
pn2018,tr06-0363,tr06-0363,F4-M1,train,293100,/data/gen/tokens/pn2018/tr06-0363__F4-M1.npy
pn2018,tr06-0363,tr06-0363,C3-M2,train,293100,/data/gen/tokens/pn2018/tr06-0363__C3-M2.npy
pn2018,tr06-0363,tr06-0363,C4-M1,train,293100,/data/gen/tokens/pn2018/tr06-0363__C4-M1.npy
pn2018,tr06-0363,tr06-0363,O1-M2,train,293100,/data/gen/tokens/pn2018/tr06-0363__O1-M2.npy
pn2018,tr06-0363,tr06-0363,O2-M1,train,293100,/data/gen/tokens/pn2018/tr06-0363__O2-M1.npy
pn2018,tr06-0332,tr06-0332,F3-M2,heldout,311400,/data/gen/tokens/pn2018/tr06-0332__F3-M2.npy
pn2018,tr06-0332,tr06-0332,F4-M1,heldout,311400,/data/gen/tokens/pn2018/tr06-0332__F4-M1.npy
pn2018,tr06-0332,tr06-0332,C3-M2,heldout,311400,/data/gen/tokens/pn2018/tr06-0332__C3-M2.npy
pn2018,tr06-0332,tr06-0332,C4-M1,heldout,311400,/data/gen/tokens/pn2018/tr06-0332__C4-M1.npy
pn2018,tr06-0332,tr06-0332,O1-M2,heldout,311400,/data/gen/tokens/pn2018/tr06-0332__O1-M2.npy
pn2018,tr06-0332,tr06-0332,O2-M1,heldout,311400,/data/gen/tokens/pn2018/tr06-0332__O2-M1.npy
pn2018,tr06-0390,tr06-0390,F3-M2,heldout,274500,/data/gen/tokens/pn2018/tr06-0390__F3-M2.npy
pn2018,tr06-0390,tr06-0390,F4-M1,heldout,274500,/data/gen/tokens/pn2018/tr06-0390__F4-M1.npy
pn2018,tr06-0390,tr06-0390,C3-M2,heldout,274500,/data/gen/tokens/pn2018/tr06-0390__C3-M2.npy
pn2018,tr06-0390,tr06-0390,C4-M1,heldout,274500,/data/gen/tokens/pn2018/tr06-0390__C4-M1.npy
pn2018,tr06-0390,tr06-0390,O1-M2,heldout,274500,/data/gen/tokens/pn2018/tr06-0390__O1-M2.npy
pn2018,tr06-0390,tr06-0390,O2-M1,heldout,274500,/data/gen/tokens/pn2018/tr06-0390__O2-M1.npy
pn2018,tr06-0397,tr06-0397,F3-M2,train,259500,/data/gen/tokens/pn2018/tr06-0397__F3-M2.npy
pn2018,tr06-0397,tr06-0397,F4-M1,train,259500,/data/gen/tokens/pn2018/tr06-0397__F4-M1.npy
pn2018,tr06-0397,tr06-0397,C3-M2,train,259500,/data/gen/tokens/pn2018/tr06-0397__C3-M2.npy
pn2018,tr06-0397,tr06-0397,C4-M1,train,259500,/data/gen/tokens/pn2018/tr06-0397__C4-M1.npy
pn2018,tr06-0397,tr06-0397,O1-M2,train,259500,/data/gen/tokens/pn2018/tr06-0397__O1-M2.npy
pn2018,tr06-0397,tr06-0397,O2-M1,train,259500,/data/gen/tokens/pn2018/tr06-0397__O2-M1.npy
pn2018,tr06-0404,tr06-0404,F3-M2,train,252300,/data/gen/tokens/pn2018/tr06-0404__F3-M2.npy
pn2018,tr06-0404,tr06-0404,F4-M1,train,252300,/data/gen/tokens/pn2018/tr06-0404__F4-M1.npy
pn2018,tr06-0404,tr06-0404,C3-M2,train,252300,/data/gen/tokens/pn2018/tr06-0404__C3-M2.npy
pn2018,tr06-0404,tr06-0404,C4-M1,train,252300,/data/gen/tokens/pn2018/tr06-0404__C4-M1.npy
pn2018,tr06-0404,tr06-0404,O1-M2,train,252300,/data/gen/tokens/pn2018/tr06-0404__O1-M2.npy
pn2018,tr06-0404,tr06-0404,O2-M1,train,252300,/data/gen/tokens/pn2018/tr06-0404__O2-M1.npy
pn2018,tr06-0418,tr06-0418,F3-M2,train,231600,/data/gen/tokens/pn2018/tr06-0418__F3-M2.npy
pn2018,tr06-0418,tr06-0418,F4-M1,train,231600,/data/gen/tokens/pn2018/tr06-0418__F4-M1.npy
pn2018,tr06-0418,tr06-0418,C3-M2,train,231600,/data/gen/tokens/pn2018/tr06-0418__C3-M2.npy
pn2018,tr06-0418,tr06-0418,C4-M1,train,231600,/data/gen/tokens/pn2018/tr06-0418__C4-M1.npy
pn2018,tr06-0418,tr06-0418,O1-M2,train,231600,/data/gen/tokens/pn2018/tr06-0418__O1-M2.npy
pn2018,tr06-0418,tr06-0418,O2-M1,train,231600,/data/gen/tokens/pn2018/tr06-0418__O2-M1.npy
pn2018,tr06-0447,tr06-0447,F3-M2,train,258000,/data/gen/tokens/pn2018/tr06-0447__F3-M2.npy
pn2018,tr06-0447,tr06-0447,F4-M1,train,258000,/data/gen/tokens/pn2018/tr06-0447__F4-M1.npy
pn2018,tr06-0447,tr06-0447,C3-M2,train,258000,/data/gen/tokens/pn2018/tr06-0447__C3-M2.npy
pn2018,tr06-0447,tr06-0447,C4-M1,train,258000,/data/gen/tokens/pn2018/tr06-0447__C4-M1.npy
pn2018,tr06-0447,tr06-0447,O1-M2,train,258000,/data/gen/tokens/pn2018/tr06-0447__O1-M2.npy
pn2018,tr06-0447,tr06-0447,O2-M1,train,258000,/data/gen/tokens/pn2018/tr06-0447__O2-M1.npy
pn2018,tr06-0449,tr06-0449,F3-M2,train,289200,/data/gen/tokens/pn2018/tr06-0449__F3-M2.npy
pn2018,tr06-0449,tr06-0449,F4-M1,train,289200,/data/gen/tokens/pn2018/tr06-0449__F4-M1.npy
pn2018,tr06-0449,tr06-0449,C3-M2,train,289200,/data/gen/tokens/pn2018/tr06-0449__C3-M2.npy
pn2018,tr06-0449,tr06-0449,C4-M1,train,289200,/data/gen/tokens/pn2018/tr06-0449__C4-M1.npy
pn2018,tr06-0449,tr06-0449,O1-M2,train,289200,/data/gen/tokens/pn2018/tr06-0449__O1-M2.npy
pn2018,tr06-0449,tr06-0449,O2-M1,train,289200,/data/gen/tokens/pn2018/tr06-0449__O2-M1.npy
pn2018,tr06-0429,tr06-0429,F3-M2,train,264300,/data/gen/tokens/pn2018/tr06-0429__F3-M2.npy
pn2018,tr06-0429,tr06-0429,F4-M1,train,264300,/data/gen/tokens/pn2018/tr06-0429__F4-M1.npy
pn2018,tr06-0429,tr06-0429,C3-M2,train,264300,/data/gen/tokens/pn2018/tr06-0429__C3-M2.npy
pn2018,tr06-0429,tr06-0429,C4-M1,train,264300,/data/gen/tokens/pn2018/tr06-0429__C4-M1.npy
pn2018,tr06-0429,tr06-0429,O1-M2,train,264300,/data/gen/tokens/pn2018/tr06-0429__O1-M2.npy
pn2018,tr06-0429,tr06-0429,O2-M1,train,264300,/data/gen/tokens/pn2018/tr06-0429__O2-M1.npy
pn2018,tr06-0452,tr06-0452,F3-M2,train,282900,/data/gen/tokens/pn2018/tr06-0452__F3-M2.npy
pn2018,tr06-0452,tr06-0452,F4-M1,train,282900,/data/gen/tokens/pn2018/tr06-0452__F4-M1.npy
pn2018,tr06-0452,tr06-0452,C3-M2,train,282900,/data/gen/tokens/pn2018/tr06-0452__C3-M2.npy
pn2018,tr06-0452,tr06-0452,C4-M1,train,282900,/data/gen/tokens/pn2018/tr06-0452__C4-M1.npy
pn2018,tr06-0452,tr06-0452,O1-M2,train,282900,/data/gen/tokens/pn2018/tr06-0452__O1-M2.npy
pn2018,tr06-0452,tr06-0452,O2-M1,train,282900,/data/gen/tokens/pn2018/tr06-0452__O2-M1.npy
pn2018,tr06-0488,tr06-0488,F3-M2,train,270300,/data/gen/tokens/pn2018/tr06-0488__F3-M2.npy
pn2018,tr06-0488,tr06-0488,F4-M1,train,270300,/data/gen/tokens/pn2018/tr06-0488__F4-M1.npy
pn2018,tr06-0488,tr06-0488,C3-M2,train,270300,/data/gen/tokens/pn2018/tr06-0488__C3-M2.npy
pn2018,tr06-0488,tr06-0488,C4-M1,train,270300,/data/gen/tokens/pn2018/tr06-0488__C4-M1.npy
pn2018,tr06-0488,tr06-0488,O1-M2,train,270300,/data/gen/tokens/pn2018/tr06-0488__O1-M2.npy
pn2018,tr06-0488,tr06-0488,O2-M1,train,270300,/data/gen/tokens/pn2018/tr06-0488__O2-M1.npy
pn2018,tr06-0475,tr06-0475,F3-M2,train,276600,/data/gen/tokens/pn2018/tr06-0475__F3-M2.npy
pn2018,tr06-0475,tr06-0475,F4-M1,train,276600,/data/gen/tokens/pn2018/tr06-0475__F4-M1.npy
pn2018,tr06-0475,tr06-0475,C3-M2,train,276600,/data/gen/tokens/pn2018/tr06-0475__C3-M2.npy
pn2018,tr06-0475,tr06-0475,C4-M1,train,276600,/data/gen/tokens/pn2018/tr06-0475__C4-M1.npy
pn2018,tr06-0475,tr06-0475,O1-M2,train,276600,/data/gen/tokens/pn2018/tr06-0475__O1-M2.npy
pn2018,tr06-0475,tr06-0475,O2-M1,train,276600,/data/gen/tokens/pn2018/tr06-0475__O2-M1.npy
pn2018,tr06-0503,tr06-0503,F3-M2,train,302100,/data/gen/tokens/pn2018/tr06-0503__F3-M2.npy
pn2018,tr06-0503,tr06-0503,F4-M1,train,302100,/data/gen/tokens/pn2018/tr06-0503__F4-M1.npy
pn2018,tr06-0503,tr06-0503,C3-M2,train,302100,/data/gen/tokens/pn2018/tr06-0503__C3-M2.npy
pn2018,tr06-0503,tr06-0503,C4-M1,train,302100,/data/gen/tokens/pn2018/tr06-0503__C4-M1.npy
pn2018,tr06-0503,tr06-0503,O1-M2,train,302100,/data/gen/tokens/pn2018/tr06-0503__O1-M2.npy
pn2018,tr06-0503,tr06-0503,O2-M1,train,302100,/data/gen/tokens/pn2018/tr06-0503__O2-M1.npy
pn2018,tr06-0515,tr06-0515,F3-M2,train,297600,/data/gen/tokens/pn2018/tr06-0515__F3-M2.npy
pn2018,tr06-0515,tr06-0515,F4-M1,train,297600,/data/gen/tokens/pn2018/tr06-0515__F4-M1.npy
pn2018,tr06-0515,tr06-0515,C3-M2,train,297600,/data/gen/tokens/pn2018/tr06-0515__C3-M2.npy
pn2018,tr06-0515,tr06-0515,C4-M1,train,297600,/data/gen/tokens/pn2018/tr06-0515__C4-M1.npy
pn2018,tr06-0515,tr06-0515,O1-M2,train,297600,/data/gen/tokens/pn2018/tr06-0515__O1-M2.npy
pn2018,tr06-0515,tr06-0515,O2-M1,train,297600,/data/gen/tokens/pn2018/tr06-0515__O2-M1.npy
pn2018,tr06-0517,tr06-0517,F3-M2,train,249600,/data/gen/tokens/pn2018/tr06-0517__F3-M2.npy
pn2018,tr06-0517,tr06-0517,F4-M1,train,249600,/data/gen/tokens/pn2018/tr06-0517__F4-M1.npy
pn2018,tr06-0517,tr06-0517,C3-M2,train,249600,/data/gen/tokens/pn2018/tr06-0517__C3-M2.npy
pn2018,tr06-0517,tr06-0517,C4-M1,train,249600,/data/gen/tokens/pn2018/tr06-0517__C4-M1.npy
pn2018,tr06-0517,tr06-0517,O1-M2,train,249600,/data/gen/tokens/pn2018/tr06-0517__O1-M2.npy
pn2018,tr06-0517,tr06-0517,O2-M1,train,249600,/data/gen/tokens/pn2018/tr06-0517__O2-M1.npy
pn2018,tr06-0536,tr06-0536,F3-M2,train,226800,/data/gen/tokens/pn2018/tr06-0536__F3-M2.npy
pn2018,tr06-0536,tr06-0536,F4-M1,train,226800,/data/gen/tokens/pn2018/tr06-0536__F4-M1.npy
pn2018,tr06-0536,tr06-0536,C3-M2,train,226800,/data/gen/tokens/pn2018/tr06-0536__C3-M2.npy
pn2018,tr06-0536,tr06-0536,C4-M1,train,226800,/data/gen/tokens/pn2018/tr06-0536__C4-M1.npy
pn2018,tr06-0536,tr06-0536,O1-M2,train,226800,/data/gen/tokens/pn2018/tr06-0536__O1-M2.npy
pn2018,tr06-0536,tr06-0536,O2-M1,train,226800,/data/gen/tokens/pn2018/tr06-0536__O2-M1.npy
pn2018,tr06-0532,tr06-0532,F3-M2,train,284400,/data/gen/tokens/pn2018/tr06-0532__F3-M2.npy
pn2018,tr06-0532,tr06-0532,F4-M1,train,284400,/data/gen/tokens/pn2018/tr06-0532__F4-M1.npy
pn2018,tr06-0532,tr06-0532,C3-M2,train,284400,/data/gen/tokens/pn2018/tr06-0532__C3-M2.npy
pn2018,tr06-0532,tr06-0532,C4-M1,train,284400,/data/gen/tokens/pn2018/tr06-0532__C4-M1.npy
pn2018,tr06-0532,tr06-0532,O1-M2,train,284400,/data/gen/tokens/pn2018/tr06-0532__O1-M2.npy
pn2018,tr06-0532,tr06-0532,O2-M1,train,284400,/data/gen/tokens/pn2018/tr06-0532__O2-M1.npy
pn2018,tr06-0570,tr06-0570,F3-M2,train,281100,/data/gen/tokens/pn2018/tr06-0570__F3-M2.npy
pn2018,tr06-0570,tr06-0570,F4-M1,train,281100,/data/gen/tokens/pn2018/tr06-0570__F4-M1.npy
pn2018,tr06-0570,tr06-0570,C3-M2,train,281100,/data/gen/tokens/pn2018/tr06-0570__C3-M2.npy
pn2018,tr06-0570,tr06-0570,C4-M1,train,281100,/data/gen/tokens/pn2018/tr06-0570__C4-M1.npy
pn2018,tr06-0570,tr06-0570,O1-M2,train,281100,/data/gen/tokens/pn2018/tr06-0570__O1-M2.npy
pn2018,tr06-0570,tr06-0570,O2-M1,train,281100,/data/gen/tokens/pn2018/tr06-0570__O2-M1.npy
pn2018,tr06-0538,tr06-0538,F3-M2,train,248400,/data/gen/tokens/pn2018/tr06-0538__F3-M2.npy
pn2018,tr06-0538,tr06-0538,F4-M1,train,248400,/data/gen/tokens/pn2018/tr06-0538__F4-M1.npy
pn2018,tr06-0538,tr06-0538,C3-M2,train,248400,/data/gen/tokens/pn2018/tr06-0538__C3-M2.npy
pn2018,tr06-0538,tr06-0538,C4-M1,train,248400,/data/gen/tokens/pn2018/tr06-0538__C4-M1.npy
pn2018,tr06-0538,tr06-0538,O1-M2,train,248400,/data/gen/tokens/pn2018/tr06-0538__O1-M2.npy
pn2018,tr06-0538,tr06-0538,O2-M1,train,248400,/data/gen/tokens/pn2018/tr06-0538__O2-M1.npy
pn2018,tr06-0556,tr06-0556,F3-M2,train,259200,/data/gen/tokens/pn2018/tr06-0556__F3-M2.npy
pn2018,tr06-0556,tr06-0556,F4-M1,train,259200,/data/gen/tokens/pn2018/tr06-0556__F4-M1.npy
pn2018,tr06-0556,tr06-0556,C3-M2,train,259200,/data/gen/tokens/pn2018/tr06-0556__C3-M2.npy
pn2018,tr06-0556,tr06-0556,C4-M1,train,259200,/data/gen/tokens/pn2018/tr06-0556__C4-M1.npy
pn2018,tr06-0556,tr06-0556,O1-M2,train,259200,/data/gen/tokens/pn2018/tr06-0556__O1-M2.npy
pn2018,tr06-0556,tr06-0556,O2-M1,train,259200,/data/gen/tokens/pn2018/tr06-0556__O2-M1.npy
pn2018,tr06-0544,tr06-0544,F3-M2,train,282900,/data/gen/tokens/pn2018/tr06-0544__F3-M2.npy
pn2018,tr06-0544,tr06-0544,F4-M1,train,282900,/data/gen/tokens/pn2018/tr06-0544__F4-M1.npy
pn2018,tr06-0544,tr06-0544,C3-M2,train,282900,/data/gen/tokens/pn2018/tr06-0544__C3-M2.npy
pn2018,tr06-0544,tr06-0544,C4-M1,train,282900,/data/gen/tokens/pn2018/tr06-0544__C4-M1.npy
pn2018,tr06-0544,tr06-0544,O1-M2,train,282900,/data/gen/tokens/pn2018/tr06-0544__O1-M2.npy
pn2018,tr06-0544,tr06-0544,O2-M1,train,282900,/data/gen/tokens/pn2018/tr06-0544__O2-M1.npy
pn2018,tr06-0547,tr06-0547,F3-M2,train,289500,/data/gen/tokens/pn2018/tr06-0547__F3-M2.npy
pn2018,tr06-0547,tr06-0547,F4-M1,train,289500,/data/gen/tokens/pn2018/tr06-0547__F4-M1.npy
pn2018,tr06-0547,tr06-0547,C3-M2,train,289500,/data/gen/tokens/pn2018/tr06-0547__C3-M2.npy
pn2018,tr06-0547,tr06-0547,C4-M1,train,289500,/data/gen/tokens/pn2018/tr06-0547__C4-M1.npy
pn2018,tr06-0547,tr06-0547,O1-M2,train,289500,/data/gen/tokens/pn2018/tr06-0547__O1-M2.npy
pn2018,tr06-0547,tr06-0547,O2-M1,train,289500,/data/gen/tokens/pn2018/tr06-0547__O2-M1.npy
pn2018,tr06-0567,tr06-0567,F3-M2,heldout,311100,/data/gen/tokens/pn2018/tr06-0567__F3-M2.npy
pn2018,tr06-0567,tr06-0567,F4-M1,heldout,311100,/data/gen/tokens/pn2018/tr06-0567__F4-M1.npy
pn2018,tr06-0567,tr06-0567,C3-M2,heldout,311100,/data/gen/tokens/pn2018/tr06-0567__C3-M2.npy
pn2018,tr06-0567,tr06-0567,C4-M1,heldout,311100,/data/gen/tokens/pn2018/tr06-0567__C4-M1.npy
pn2018,tr06-0567,tr06-0567,O1-M2,heldout,311100,/data/gen/tokens/pn2018/tr06-0567__O1-M2.npy
pn2018,tr06-0567,tr06-0567,O2-M1,heldout,311100,/data/gen/tokens/pn2018/tr06-0567__O2-M1.npy
pn2018,tr06-0576,tr06-0576,F3-M2,heldout,295800,/data/gen/tokens/pn2018/tr06-0576__F3-M2.npy
pn2018,tr06-0576,tr06-0576,F4-M1,heldout,295800,/data/gen/tokens/pn2018/tr06-0576__F4-M1.npy
pn2018,tr06-0576,tr06-0576,C3-M2,heldout,295800,/data/gen/tokens/pn2018/tr06-0576__C3-M2.npy
pn2018,tr06-0576,tr06-0576,C4-M1,heldout,295800,/data/gen/tokens/pn2018/tr06-0576__C4-M1.npy
pn2018,tr06-0576,tr06-0576,O1-M2,heldout,295800,/data/gen/tokens/pn2018/tr06-0576__O1-M2.npy
pn2018,tr06-0576,tr06-0576,O2-M1,heldout,295800,/data/gen/tokens/pn2018/tr06-0576__O2-M1.npy
pn2018,tr06-0579,tr06-0579,F3-M2,train,331200,/data/gen/tokens/pn2018/tr06-0579__F3-M2.npy
pn2018,tr06-0579,tr06-0579,F4-M1,train,331200,/data/gen/tokens/pn2018/tr06-0579__F4-M1.npy
pn2018,tr06-0579,tr06-0579,C3-M2,train,331200,/data/gen/tokens/pn2018/tr06-0579__C3-M2.npy
pn2018,tr06-0579,tr06-0579,C4-M1,train,331200,/data/gen/tokens/pn2018/tr06-0579__C4-M1.npy
pn2018,tr06-0579,tr06-0579,O1-M2,train,331200,/data/gen/tokens/pn2018/tr06-0579__O1-M2.npy
pn2018,tr06-0579,tr06-0579,O2-M1,train,331200,/data/gen/tokens/pn2018/tr06-0579__O2-M1.npy
pn2018,tr06-0609,tr06-0609,F3-M2,train,285000,/data/gen/tokens/pn2018/tr06-0609__F3-M2.npy
pn2018,tr06-0609,tr06-0609,F4-M1,train,285000,/data/gen/tokens/pn2018/tr06-0609__F4-M1.npy
pn2018,tr06-0609,tr06-0609,C3-M2,train,285000,/data/gen/tokens/pn2018/tr06-0609__C3-M2.npy
pn2018,tr06-0609,tr06-0609,C4-M1,train,285000,/data/gen/tokens/pn2018/tr06-0609__C4-M1.npy
pn2018,tr06-0609,tr06-0609,O1-M2,train,285000,/data/gen/tokens/pn2018/tr06-0609__O1-M2.npy
pn2018,tr06-0609,tr06-0609,O2-M1,train,285000,/data/gen/tokens/pn2018/tr06-0609__O2-M1.npy
pn2018,tr06-0584,tr06-0584,F3-M2,heldout,289500,/data/gen/tokens/pn2018/tr06-0584__F3-M2.npy
pn2018,tr06-0584,tr06-0584,F4-M1,heldout,289500,/data/gen/tokens/pn2018/tr06-0584__F4-M1.npy
pn2018,tr06-0584,tr06-0584,C3-M2,heldout,289500,/data/gen/tokens/pn2018/tr06-0584__C3-M2.npy
pn2018,tr06-0584,tr06-0584,C4-M1,heldout,289500,/data/gen/tokens/pn2018/tr06-0584__C4-M1.npy
pn2018,tr06-0584,tr06-0584,O1-M2,heldout,289500,/data/gen/tokens/pn2018/tr06-0584__O1-M2.npy
pn2018,tr06-0584,tr06-0584,O2-M1,heldout,289500,/data/gen/tokens/pn2018/tr06-0584__O2-M1.npy
pn2018,tr06-0644,tr06-0644,F3-M2,heldout,278400,/data/gen/tokens/pn2018/tr06-0644__F3-M2.npy
pn2018,tr06-0644,tr06-0644,F4-M1,heldout,278400,/data/gen/tokens/pn2018/tr06-0644__F4-M1.npy
pn2018,tr06-0644,tr06-0644,C3-M2,heldout,278400,/data/gen/tokens/pn2018/tr06-0644__C3-M2.npy
pn2018,tr06-0644,tr06-0644,C4-M1,heldout,278400,/data/gen/tokens/pn2018/tr06-0644__C4-M1.npy
pn2018,tr06-0644,tr06-0644,O1-M2,heldout,278400,/data/gen/tokens/pn2018/tr06-0644__O1-M2.npy
pn2018,tr06-0644,tr06-0644,O2-M1,heldout,278400,/data/gen/tokens/pn2018/tr06-0644__O2-M1.npy
pn2018,tr06-0627,tr06-0627,F3-M2,heldout,290400,/data/gen/tokens/pn2018/tr06-0627__F3-M2.npy
pn2018,tr06-0627,tr06-0627,F4-M1,heldout,290400,/data/gen/tokens/pn2018/tr06-0627__F4-M1.npy
pn2018,tr06-0627,tr06-0627,C3-M2,heldout,290400,/data/gen/tokens/pn2018/tr06-0627__C3-M2.npy
pn2018,tr06-0627,tr06-0627,C4-M1,heldout,290400,/data/gen/tokens/pn2018/tr06-0627__C4-M1.npy
pn2018,tr06-0627,tr06-0627,O1-M2,heldout,290400,/data/gen/tokens/pn2018/tr06-0627__O1-M2.npy
pn2018,tr06-0627,tr06-0627,O2-M1,heldout,290400,/data/gen/tokens/pn2018/tr06-0627__O2-M1.npy
pn2018,tr06-0694,tr06-0694,F3-M2,train,275100,/data/gen/tokens/pn2018/tr06-0694__F3-M2.npy
pn2018,tr06-0694,tr06-0694,F4-M1,train,275100,/data/gen/tokens/pn2018/tr06-0694__F4-M1.npy
pn2018,tr06-0694,tr06-0694,C3-M2,train,275100,/data/gen/tokens/pn2018/tr06-0694__C3-M2.npy
pn2018,tr06-0694,tr06-0694,C4-M1,train,275100,/data/gen/tokens/pn2018/tr06-0694__C4-M1.npy
pn2018,tr06-0694,tr06-0694,O1-M2,train,275100,/data/gen/tokens/pn2018/tr06-0694__O1-M2.npy
pn2018,tr06-0694,tr06-0694,O2-M1,train,275100,/data/gen/tokens/pn2018/tr06-0694__O2-M1.npy
pn2018,tr06-0677,tr06-0677,F3-M2,train,269700,/data/gen/tokens/pn2018/tr06-0677__F3-M2.npy
pn2018,tr06-0677,tr06-0677,F4-M1,train,269700,/data/gen/tokens/pn2018/tr06-0677__F4-M1.npy
pn2018,tr06-0677,tr06-0677,C3-M2,train,269700,/data/gen/tokens/pn2018/tr06-0677__C3-M2.npy
pn2018,tr06-0677,tr06-0677,C4-M1,train,269700,/data/gen/tokens/pn2018/tr06-0677__C4-M1.npy
pn2018,tr06-0677,tr06-0677,O1-M2,train,269700,/data/gen/tokens/pn2018/tr06-0677__O1-M2.npy
pn2018,tr06-0677,tr06-0677,O2-M1,train,269700,/data/gen/tokens/pn2018/tr06-0677__O2-M1.npy
pn2018,tr06-0696,tr06-0696,F3-M2,train,296700,/data/gen/tokens/pn2018/tr06-0696__F3-M2.npy
pn2018,tr06-0696,tr06-0696,F4-M1,train,296700,/data/gen/tokens/pn2018/tr06-0696__F4-M1.npy
pn2018,tr06-0696,tr06-0696,C3-M2,train,296700,/data/gen/tokens/pn2018/tr06-0696__C3-M2.npy
pn2018,tr06-0696,tr06-0696,C4-M1,train,296700,/data/gen/tokens/pn2018/tr06-0696__C4-M1.npy
pn2018,tr06-0696,tr06-0696,O1-M2,train,296700,/data/gen/tokens/pn2018/tr06-0696__O1-M2.npy
pn2018,tr06-0696,tr06-0696,O2-M1,train,296700,/data/gen/tokens/pn2018/tr06-0696__O2-M1.npy
pn2018,tr06-0705,tr06-0705,F3-M2,train,291000,/data/gen/tokens/pn2018/tr06-0705__F3-M2.npy
pn2018,tr06-0705,tr06-0705,F4-M1,train,291000,/data/gen/tokens/pn2018/tr06-0705__F4-M1.npy
pn2018,tr06-0705,tr06-0705,C3-M2,train,291000,/data/gen/tokens/pn2018/tr06-0705__C3-M2.npy
pn2018,tr06-0705,tr06-0705,C4-M1,train,291000,/data/gen/tokens/pn2018/tr06-0705__C4-M1.npy
pn2018,tr06-0705,tr06-0705,O1-M2,train,291000,/data/gen/tokens/pn2018/tr06-0705__O1-M2.npy
pn2018,tr06-0705,tr06-0705,O2-M1,train,291000,/data/gen/tokens/pn2018/tr06-0705__O2-M1.npy
pn2018,tr06-0721,tr06-0721,F3-M2,train,293100,/data/gen/tokens/pn2018/tr06-0721__F3-M2.npy
pn2018,tr06-0721,tr06-0721,F4-M1,train,293100,/data/gen/tokens/pn2018/tr06-0721__F4-M1.npy
pn2018,tr06-0721,tr06-0721,C3-M2,train,293100,/data/gen/tokens/pn2018/tr06-0721__C3-M2.npy
pn2018,tr06-0721,tr06-0721,C4-M1,train,293100,/data/gen/tokens/pn2018/tr06-0721__C4-M1.npy
pn2018,tr06-0721,tr06-0721,O1-M2,train,293100,/data/gen/tokens/pn2018/tr06-0721__O1-M2.npy
pn2018,tr06-0721,tr06-0721,O2-M1,train,293100,/data/gen/tokens/pn2018/tr06-0721__O2-M1.npy
pn2018,tr06-0709,tr06-0709,F3-M2,train,291600,/data/gen/tokens/pn2018/tr06-0709__F3-M2.npy
pn2018,tr06-0709,tr06-0709,F4-M1,train,291600,/data/gen/tokens/pn2018/tr06-0709__F4-M1.npy
pn2018,tr06-0709,tr06-0709,C3-M2,train,291600,/data/gen/tokens/pn2018/tr06-0709__C3-M2.npy
pn2018,tr06-0709,tr06-0709,C4-M1,train,291600,/data/gen/tokens/pn2018/tr06-0709__C4-M1.npy
pn2018,tr06-0709,tr06-0709,O1-M2,train,291600,/data/gen/tokens/pn2018/tr06-0709__O1-M2.npy
pn2018,tr06-0709,tr06-0709,O2-M1,train,291600,/data/gen/tokens/pn2018/tr06-0709__O2-M1.npy
pn2018,tr06-0769,tr06-0769,F3-M2,train,252300,/data/gen/tokens/pn2018/tr06-0769__F3-M2.npy
pn2018,tr06-0769,tr06-0769,F4-M1,train,252300,/data/gen/tokens/pn2018/tr06-0769__F4-M1.npy
pn2018,tr06-0769,tr06-0769,C3-M2,train,252300,/data/gen/tokens/pn2018/tr06-0769__C3-M2.npy
pn2018,tr06-0769,tr06-0769,C4-M1,train,252300,/data/gen/tokens/pn2018/tr06-0769__C4-M1.npy
pn2018,tr06-0769,tr06-0769,O1-M2,train,252300,/data/gen/tokens/pn2018/tr06-0769__O1-M2.npy
pn2018,tr06-0769,tr06-0769,O2-M1,train,252300,/data/gen/tokens/pn2018/tr06-0769__O2-M1.npy
pn2018,tr06-0750,tr06-0750,F3-M2,train,320400,/data/gen/tokens/pn2018/tr06-0750__F3-M2.npy
pn2018,tr06-0750,tr06-0750,F4-M1,train,320400,/data/gen/tokens/pn2018/tr06-0750__F4-M1.npy
pn2018,tr06-0750,tr06-0750,C3-M2,train,320400,/data/gen/tokens/pn2018/tr06-0750__C3-M2.npy
pn2018,tr06-0750,tr06-0750,C4-M1,train,320400,/data/gen/tokens/pn2018/tr06-0750__C4-M1.npy
pn2018,tr06-0750,tr06-0750,O1-M2,train,320400,/data/gen/tokens/pn2018/tr06-0750__O1-M2.npy
pn2018,tr06-0750,tr06-0750,O2-M1,train,320400,/data/gen/tokens/pn2018/tr06-0750__O2-M1.npy
pn2018,tr06-0764,tr06-0764,F3-M2,train,314100,/data/gen/tokens/pn2018/tr06-0764__F3-M2.npy
pn2018,tr06-0764,tr06-0764,F4-M1,train,314100,/data/gen/tokens/pn2018/tr06-0764__F4-M1.npy
pn2018,tr06-0764,tr06-0764,C3-M2,train,314100,/data/gen/tokens/pn2018/tr06-0764__C3-M2.npy
pn2018,tr06-0764,tr06-0764,C4-M1,train,314100,/data/gen/tokens/pn2018/tr06-0764__C4-M1.npy
pn2018,tr06-0764,tr06-0764,O1-M2,train,314100,/data/gen/tokens/pn2018/tr06-0764__O1-M2.npy
pn2018,tr06-0764,tr06-0764,O2-M1,train,314100,/data/gen/tokens/pn2018/tr06-0764__O2-M1.npy
pn2018,tr06-0771,tr06-0771,F3-M2,heldout,308400,/data/gen/tokens/pn2018/tr06-0771__F3-M2.npy
pn2018,tr06-0771,tr06-0771,F4-M1,heldout,308400,/data/gen/tokens/pn2018/tr06-0771__F4-M1.npy
pn2018,tr06-0771,tr06-0771,C3-M2,heldout,308400,/data/gen/tokens/pn2018/tr06-0771__C3-M2.npy
pn2018,tr06-0771,tr06-0771,C4-M1,heldout,308400,/data/gen/tokens/pn2018/tr06-0771__C4-M1.npy
pn2018,tr06-0771,tr06-0771,O1-M2,heldout,308400,/data/gen/tokens/pn2018/tr06-0771__O1-M2.npy
pn2018,tr06-0771,tr06-0771,O2-M1,heldout,308400,/data/gen/tokens/pn2018/tr06-0771__O2-M1.npy
pn2018,tr06-0812,tr06-0812,F3-M2,train,287100,/data/gen/tokens/pn2018/tr06-0812__F3-M2.npy
pn2018,tr06-0812,tr06-0812,F4-M1,train,287100,/data/gen/tokens/pn2018/tr06-0812__F4-M1.npy
pn2018,tr06-0812,tr06-0812,C3-M2,train,287100,/data/gen/tokens/pn2018/tr06-0812__C3-M2.npy
pn2018,tr06-0812,tr06-0812,C4-M1,train,287100,/data/gen/tokens/pn2018/tr06-0812__C4-M1.npy
pn2018,tr06-0812,tr06-0812,O1-M2,train,287100,/data/gen/tokens/pn2018/tr06-0812__O1-M2.npy
pn2018,tr06-0812,tr06-0812,O2-M1,train,287100,/data/gen/tokens/pn2018/tr06-0812__O2-M1.npy
pn2018,tr06-0797,tr06-0797,F3-M2,train,235200,/data/gen/tokens/pn2018/tr06-0797__F3-M2.npy
pn2018,tr06-0797,tr06-0797,F4-M1,train,235200,/data/gen/tokens/pn2018/tr06-0797__F4-M1.npy
pn2018,tr06-0797,tr06-0797,C3-M2,train,235200,/data/gen/tokens/pn2018/tr06-0797__C3-M2.npy
pn2018,tr06-0797,tr06-0797,C4-M1,train,235200,/data/gen/tokens/pn2018/tr06-0797__C4-M1.npy
pn2018,tr06-0797,tr06-0797,O1-M2,train,235200,/data/gen/tokens/pn2018/tr06-0797__O1-M2.npy
pn2018,tr06-0797,tr06-0797,O2-M1,train,235200,/data/gen/tokens/pn2018/tr06-0797__O2-M1.npy
pn2018,tr06-0791,tr06-0791,F3-M2,train,253500,/data/gen/tokens/pn2018/tr06-0791__F3-M2.npy
pn2018,tr06-0791,tr06-0791,F4-M1,train,253500,/data/gen/tokens/pn2018/tr06-0791__F4-M1.npy
pn2018,tr06-0791,tr06-0791,C3-M2,train,253500,/data/gen/tokens/pn2018/tr06-0791__C3-M2.npy
pn2018,tr06-0791,tr06-0791,C4-M1,train,253500,/data/gen/tokens/pn2018/tr06-0791__C4-M1.npy
pn2018,tr06-0791,tr06-0791,O1-M2,train,253500,/data/gen/tokens/pn2018/tr06-0791__O1-M2.npy
pn2018,tr06-0791,tr06-0791,O2-M1,train,253500,/data/gen/tokens/pn2018/tr06-0791__O2-M1.npy
pn2018,tr06-0780,tr06-0780,F3-M2,train,286500,/data/gen/tokens/pn2018/tr06-0780__F3-M2.npy
pn2018,tr06-0780,tr06-0780,F4-M1,train,286500,/data/gen/tokens/pn2018/tr06-0780__F4-M1.npy
pn2018,tr06-0780,tr06-0780,C3-M2,train,286500,/data/gen/tokens/pn2018/tr06-0780__C3-M2.npy
pn2018,tr06-0780,tr06-0780,C4-M1,train,286500,/data/gen/tokens/pn2018/tr06-0780__C4-M1.npy
pn2018,tr06-0780,tr06-0780,O1-M2,train,286500,/data/gen/tokens/pn2018/tr06-0780__O1-M2.npy
pn2018,tr06-0780,tr06-0780,O2-M1,train,286500,/data/gen/tokens/pn2018/tr06-0780__O2-M1.npy
pn2018,tr06-0802,tr06-0802,F3-M2,train,264900,/data/gen/tokens/pn2018/tr06-0802__F3-M2.npy
pn2018,tr06-0802,tr06-0802,F4-M1,train,264900,/data/gen/tokens/pn2018/tr06-0802__F4-M1.npy
pn2018,tr06-0802,tr06-0802,C3-M2,train,264900,/data/gen/tokens/pn2018/tr06-0802__C3-M2.npy
pn2018,tr06-0802,tr06-0802,C4-M1,train,264900,/data/gen/tokens/pn2018/tr06-0802__C4-M1.npy
pn2018,tr06-0802,tr06-0802,O1-M2,train,264900,/data/gen/tokens/pn2018/tr06-0802__O1-M2.npy
pn2018,tr06-0802,tr06-0802,O2-M1,train,264900,/data/gen/tokens/pn2018/tr06-0802__O2-M1.npy
pn2018,tr06-0773,tr06-0773,F3-M2,train,273000,/data/gen/tokens/pn2018/tr06-0773__F3-M2.npy
pn2018,tr06-0773,tr06-0773,F4-M1,train,273000,/data/gen/tokens/pn2018/tr06-0773__F4-M1.npy
pn2018,tr06-0773,tr06-0773,C3-M2,train,273000,/data/gen/tokens/pn2018/tr06-0773__C3-M2.npy
pn2018,tr06-0773,tr06-0773,C4-M1,train,273000,/data/gen/tokens/pn2018/tr06-0773__C4-M1.npy
pn2018,tr06-0773,tr06-0773,O1-M2,train,273000,/data/gen/tokens/pn2018/tr06-0773__O1-M2.npy
pn2018,tr06-0773,tr06-0773,O2-M1,train,273000,/data/gen/tokens/pn2018/tr06-0773__O2-M1.npy
pn2018,tr06-0785,tr06-0785,F3-M2,train,248100,/data/gen/tokens/pn2018/tr06-0785__F3-M2.npy
pn2018,tr06-0785,tr06-0785,F4-M1,train,248100,/data/gen/tokens/pn2018/tr06-0785__F4-M1.npy
pn2018,tr06-0785,tr06-0785,C3-M2,train,248100,/data/gen/tokens/pn2018/tr06-0785__C3-M2.npy
pn2018,tr06-0785,tr06-0785,C4-M1,train,248100,/data/gen/tokens/pn2018/tr06-0785__C4-M1.npy
pn2018,tr06-0785,tr06-0785,O1-M2,train,248100,/data/gen/tokens/pn2018/tr06-0785__O1-M2.npy
pn2018,tr06-0785,tr06-0785,O2-M1,train,248100,/data/gen/tokens/pn2018/tr06-0785__O2-M1.npy
pn2018,tr06-0815,tr06-0815,F3-M2,train,266700,/data/gen/tokens/pn2018/tr06-0815__F3-M2.npy
pn2018,tr06-0815,tr06-0815,F4-M1,train,266700,/data/gen/tokens/pn2018/tr06-0815__F4-M1.npy
pn2018,tr06-0815,tr06-0815,C3-M2,train,266700,/data/gen/tokens/pn2018/tr06-0815__C3-M2.npy
pn2018,tr06-0815,tr06-0815,C4-M1,train,266700,/data/gen/tokens/pn2018/tr06-0815__C4-M1.npy
pn2018,tr06-0815,tr06-0815,O1-M2,train,266700,/data/gen/tokens/pn2018/tr06-0815__O1-M2.npy
pn2018,tr06-0815,tr06-0815,O2-M1,train,266700,/data/gen/tokens/pn2018/tr06-0815__O2-M1.npy
pn2018,tr06-0825,tr06-0825,F3-M2,train,248700,/data/gen/tokens/pn2018/tr06-0825__F3-M2.npy
pn2018,tr06-0825,tr06-0825,F4-M1,train,248700,/data/gen/tokens/pn2018/tr06-0825__F4-M1.npy
pn2018,tr06-0825,tr06-0825,C3-M2,train,248700,/data/gen/tokens/pn2018/tr06-0825__C3-M2.npy
pn2018,tr06-0825,tr06-0825,C4-M1,train,248700,/data/gen/tokens/pn2018/tr06-0825__C4-M1.npy
pn2018,tr06-0825,tr06-0825,O1-M2,train,248700,/data/gen/tokens/pn2018/tr06-0825__O1-M2.npy
pn2018,tr06-0825,tr06-0825,O2-M1,train,248700,/data/gen/tokens/pn2018/tr06-0825__O2-M1.npy
pn2018,tr06-0843,tr06-0843,F3-M2,train,280200,/data/gen/tokens/pn2018/tr06-0843__F3-M2.npy
pn2018,tr06-0843,tr06-0843,F4-M1,train,280200,/data/gen/tokens/pn2018/tr06-0843__F4-M1.npy
pn2018,tr06-0843,tr06-0843,C3-M2,train,280200,/data/gen/tokens/pn2018/tr06-0843__C3-M2.npy
pn2018,tr06-0843,tr06-0843,C4-M1,train,280200,/data/gen/tokens/pn2018/tr06-0843__C4-M1.npy
pn2018,tr06-0843,tr06-0843,O1-M2,train,280200,/data/gen/tokens/pn2018/tr06-0843__O1-M2.npy
pn2018,tr06-0843,tr06-0843,O2-M1,train,280200,/data/gen/tokens/pn2018/tr06-0843__O2-M1.npy
pn2018,tr06-0827,tr06-0827,F3-M2,train,280200,/data/gen/tokens/pn2018/tr06-0827__F3-M2.npy
pn2018,tr06-0827,tr06-0827,F4-M1,train,280200,/data/gen/tokens/pn2018/tr06-0827__F4-M1.npy
pn2018,tr06-0827,tr06-0827,C3-M2,train,280200,/data/gen/tokens/pn2018/tr06-0827__C3-M2.npy
pn2018,tr06-0827,tr06-0827,C4-M1,train,280200,/data/gen/tokens/pn2018/tr06-0827__C4-M1.npy
pn2018,tr06-0827,tr06-0827,O1-M2,train,280200,/data/gen/tokens/pn2018/tr06-0827__O1-M2.npy
pn2018,tr06-0827,tr06-0827,O2-M1,train,280200,/data/gen/tokens/pn2018/tr06-0827__O2-M1.npy
pn2018,tr06-0862,tr06-0862,F3-M2,train,261300,/data/gen/tokens/pn2018/tr06-0862__F3-M2.npy
pn2018,tr06-0862,tr06-0862,F4-M1,train,261300,/data/gen/tokens/pn2018/tr06-0862__F4-M1.npy
pn2018,tr06-0862,tr06-0862,C3-M2,train,261300,/data/gen/tokens/pn2018/tr06-0862__C3-M2.npy
pn2018,tr06-0862,tr06-0862,C4-M1,train,261300,/data/gen/tokens/pn2018/tr06-0862__C4-M1.npy
pn2018,tr06-0862,tr06-0862,O1-M2,train,261300,/data/gen/tokens/pn2018/tr06-0862__O1-M2.npy
pn2018,tr06-0862,tr06-0862,O2-M1,train,261300,/data/gen/tokens/pn2018/tr06-0862__O2-M1.npy
pn2018,tr06-0850,tr06-0850,F3-M2,train,299700,/data/gen/tokens/pn2018/tr06-0850__F3-M2.npy
pn2018,tr06-0850,tr06-0850,F4-M1,train,299700,/data/gen/tokens/pn2018/tr06-0850__F4-M1.npy
pn2018,tr06-0850,tr06-0850,C3-M2,train,299700,/data/gen/tokens/pn2018/tr06-0850__C3-M2.npy
pn2018,tr06-0850,tr06-0850,C4-M1,train,299700,/data/gen/tokens/pn2018/tr06-0850__C4-M1.npy
pn2018,tr06-0850,tr06-0850,O1-M2,train,299700,/data/gen/tokens/pn2018/tr06-0850__O1-M2.npy
pn2018,tr06-0850,tr06-0850,O2-M1,train,299700,/data/gen/tokens/pn2018/tr06-0850__O2-M1.npy
pn2018,tr06-0865,tr06-0865,F3-M2,train,283200,/data/gen/tokens/pn2018/tr06-0865__F3-M2.npy
pn2018,tr06-0865,tr06-0865,F4-M1,train,283200,/data/gen/tokens/pn2018/tr06-0865__F4-M1.npy
pn2018,tr06-0865,tr06-0865,C3-M2,train,283200,/data/gen/tokens/pn2018/tr06-0865__C3-M2.npy
pn2018,tr06-0865,tr06-0865,C4-M1,train,283200,/data/gen/tokens/pn2018/tr06-0865__C4-M1.npy
pn2018,tr06-0865,tr06-0865,O1-M2,train,283200,/data/gen/tokens/pn2018/tr06-0865__O1-M2.npy
pn2018,tr06-0865,tr06-0865,O2-M1,train,283200,/data/gen/tokens/pn2018/tr06-0865__O2-M1.npy
pn2018,tr06-0876,tr06-0876,F3-M2,train,296700,/data/gen/tokens/pn2018/tr06-0876__F3-M2.npy
pn2018,tr06-0876,tr06-0876,F4-M1,train,296700,/data/gen/tokens/pn2018/tr06-0876__F4-M1.npy
pn2018,tr06-0876,tr06-0876,C3-M2,train,296700,/data/gen/tokens/pn2018/tr06-0876__C3-M2.npy
pn2018,tr06-0876,tr06-0876,C4-M1,train,296700,/data/gen/tokens/pn2018/tr06-0876__C4-M1.npy
pn2018,tr06-0876,tr06-0876,O1-M2,train,296700,/data/gen/tokens/pn2018/tr06-0876__O1-M2.npy
pn2018,tr06-0876,tr06-0876,O2-M1,train,296700,/data/gen/tokens/pn2018/tr06-0876__O2-M1.npy
pn2018,tr06-0880,tr06-0880,F3-M2,train,278100,/data/gen/tokens/pn2018/tr06-0880__F3-M2.npy
pn2018,tr06-0880,tr06-0880,F4-M1,train,278100,/data/gen/tokens/pn2018/tr06-0880__F4-M1.npy
pn2018,tr06-0880,tr06-0880,C3-M2,train,278100,/data/gen/tokens/pn2018/tr06-0880__C3-M2.npy
pn2018,tr06-0880,tr06-0880,C4-M1,train,278100,/data/gen/tokens/pn2018/tr06-0880__C4-M1.npy
pn2018,tr06-0880,tr06-0880,O1-M2,train,278100,/data/gen/tokens/pn2018/tr06-0880__O1-M2.npy
pn2018,tr06-0880,tr06-0880,O2-M1,train,278100,/data/gen/tokens/pn2018/tr06-0880__O2-M1.npy
pn2018,tr06-0883,tr06-0883,F3-M2,train,235200,/data/gen/tokens/pn2018/tr06-0883__F3-M2.npy
pn2018,tr06-0883,tr06-0883,F4-M1,train,235200,/data/gen/tokens/pn2018/tr06-0883__F4-M1.npy
pn2018,tr06-0883,tr06-0883,C3-M2,train,235200,/data/gen/tokens/pn2018/tr06-0883__C3-M2.npy
pn2018,tr06-0883,tr06-0883,C4-M1,train,235200,/data/gen/tokens/pn2018/tr06-0883__C4-M1.npy
pn2018,tr06-0883,tr06-0883,O1-M2,train,235200,/data/gen/tokens/pn2018/tr06-0883__O1-M2.npy
pn2018,tr06-0883,tr06-0883,O2-M1,train,235200,/data/gen/tokens/pn2018/tr06-0883__O2-M1.npy
pn2018,tr06-1123,tr06-1123,F3-M2,train,255600,/data/gen/tokens/pn2018/tr06-1123__F3-M2.npy
pn2018,tr06-1123,tr06-1123,F4-M1,train,255600,/data/gen/tokens/pn2018/tr06-1123__F4-M1.npy
pn2018,tr06-1123,tr06-1123,C3-M2,train,255600,/data/gen/tokens/pn2018/tr06-1123__C3-M2.npy
pn2018,tr06-1123,tr06-1123,C4-M1,train,255600,/data/gen/tokens/pn2018/tr06-1123__C4-M1.npy
pn2018,tr06-1123,tr06-1123,O1-M2,train,255600,/data/gen/tokens/pn2018/tr06-1123__O1-M2.npy
pn2018,tr06-1123,tr06-1123,O2-M1,train,255600,/data/gen/tokens/pn2018/tr06-1123__O2-M1.npy
pn2018,tr06-1117,tr06-1117,F3-M2,train,258600,/data/gen/tokens/pn2018/tr06-1117__F3-M2.npy
pn2018,tr06-1117,tr06-1117,F4-M1,train,258600,/data/gen/tokens/pn2018/tr06-1117__F4-M1.npy
pn2018,tr06-1117,tr06-1117,C3-M2,train,258600,/data/gen/tokens/pn2018/tr06-1117__C3-M2.npy
pn2018,tr06-1117,tr06-1117,C4-M1,train,258600,/data/gen/tokens/pn2018/tr06-1117__C4-M1.npy
pn2018,tr06-1117,tr06-1117,O1-M2,train,258600,/data/gen/tokens/pn2018/tr06-1117__O1-M2.npy
pn2018,tr06-1117,tr06-1117,O2-M1,train,258600,/data/gen/tokens/pn2018/tr06-1117__O2-M1.npy
pn2018,tr07-0016,tr07-0016,F3-M2,train,276600,/data/gen/tokens/pn2018/tr07-0016__F3-M2.npy
pn2018,tr07-0016,tr07-0016,F4-M1,train,276600,/data/gen/tokens/pn2018/tr07-0016__F4-M1.npy
pn2018,tr07-0016,tr07-0016,C3-M2,train,276600,/data/gen/tokens/pn2018/tr07-0016__C3-M2.npy
pn2018,tr07-0016,tr07-0016,C4-M1,train,276600,/data/gen/tokens/pn2018/tr07-0016__C4-M1.npy
pn2018,tr07-0016,tr07-0016,O1-M2,train,276600,/data/gen/tokens/pn2018/tr07-0016__O1-M2.npy
pn2018,tr07-0016,tr07-0016,O2-M1,train,276600,/data/gen/tokens/pn2018/tr07-0016__O2-M1.npy
pn2018,tr06-1010,tr06-1010,F3-M2,train,298800,/data/gen/tokens/pn2018/tr06-1010__F3-M2.npy
pn2018,tr06-1010,tr06-1010,F4-M1,train,298800,/data/gen/tokens/pn2018/tr06-1010__F4-M1.npy
pn2018,tr06-1010,tr06-1010,C3-M2,train,298800,/data/gen/tokens/pn2018/tr06-1010__C3-M2.npy
pn2018,tr06-1010,tr06-1010,C4-M1,train,298800,/data/gen/tokens/pn2018/tr06-1010__C4-M1.npy
pn2018,tr06-1010,tr06-1010,O1-M2,train,298800,/data/gen/tokens/pn2018/tr06-1010__O1-M2.npy
pn2018,tr06-1010,tr06-1010,O2-M1,train,298800,/data/gen/tokens/pn2018/tr06-1010__O2-M1.npy
pn2018,tr07-0023,tr07-0023,F3-M2,train,323700,/data/gen/tokens/pn2018/tr07-0023__F3-M2.npy
pn2018,tr07-0023,tr07-0023,F4-M1,train,323700,/data/gen/tokens/pn2018/tr07-0023__F4-M1.npy
pn2018,tr07-0023,tr07-0023,C3-M2,train,323700,/data/gen/tokens/pn2018/tr07-0023__C3-M2.npy
pn2018,tr07-0023,tr07-0023,C4-M1,train,323700,/data/gen/tokens/pn2018/tr07-0023__C4-M1.npy
pn2018,tr07-0023,tr07-0023,O1-M2,train,323700,/data/gen/tokens/pn2018/tr07-0023__O1-M2.npy
pn2018,tr07-0023,tr07-0023,O2-M1,train,323700,/data/gen/tokens/pn2018/tr07-0023__O2-M1.npy
pn2018,tr07-0027,tr07-0027,F3-M2,train,288600,/data/gen/tokens/pn2018/tr07-0027__F3-M2.npy
pn2018,tr07-0027,tr07-0027,F4-M1,train,288600,/data/gen/tokens/pn2018/tr07-0027__F4-M1.npy
pn2018,tr07-0027,tr07-0027,C3-M2,train,288600,/data/gen/tokens/pn2018/tr07-0027__C3-M2.npy
pn2018,tr07-0027,tr07-0027,C4-M1,train,288600,/data/gen/tokens/pn2018/tr07-0027__C4-M1.npy
pn2018,tr07-0027,tr07-0027,O1-M2,train,288600,/data/gen/tokens/pn2018/tr07-0027__O1-M2.npy
pn2018,tr07-0027,tr07-0027,O2-M1,train,288600,/data/gen/tokens/pn2018/tr07-0027__O2-M1.npy
pn2018,tr07-0030,tr07-0030,F3-M2,train,283500,/data/gen/tokens/pn2018/tr07-0030__F3-M2.npy
pn2018,tr07-0030,tr07-0030,F4-M1,train,283500,/data/gen/tokens/pn2018/tr07-0030__F4-M1.npy
pn2018,tr07-0030,tr07-0030,C3-M2,train,283500,/data/gen/tokens/pn2018/tr07-0030__C3-M2.npy
pn2018,tr07-0030,tr07-0030,C4-M1,train,283500,/data/gen/tokens/pn2018/tr07-0030__C4-M1.npy
pn2018,tr07-0030,tr07-0030,O1-M2,train,283500,/data/gen/tokens/pn2018/tr07-0030__O1-M2.npy
pn2018,tr07-0030,tr07-0030,O2-M1,train,283500,/data/gen/tokens/pn2018/tr07-0030__O2-M1.npy
pn2018,tr07-0036,tr07-0036,F3-M2,train,256500,/data/gen/tokens/pn2018/tr07-0036__F3-M2.npy
pn2018,tr07-0036,tr07-0036,F4-M1,train,256500,/data/gen/tokens/pn2018/tr07-0036__F4-M1.npy
pn2018,tr07-0036,tr07-0036,C3-M2,train,256500,/data/gen/tokens/pn2018/tr07-0036__C3-M2.npy
pn2018,tr07-0036,tr07-0036,C4-M1,train,256500,/data/gen/tokens/pn2018/tr07-0036__C4-M1.npy
pn2018,tr07-0036,tr07-0036,O1-M2,train,256500,/data/gen/tokens/pn2018/tr07-0036__O1-M2.npy
pn2018,tr07-0036,tr07-0036,O2-M1,train,256500,/data/gen/tokens/pn2018/tr07-0036__O2-M1.npy
pn2018,tr07-0040,tr07-0040,F3-M2,train,284100,/data/gen/tokens/pn2018/tr07-0040__F3-M2.npy
pn2018,tr07-0040,tr07-0040,F4-M1,train,284100,/data/gen/tokens/pn2018/tr07-0040__F4-M1.npy
pn2018,tr07-0040,tr07-0040,C3-M2,train,284100,/data/gen/tokens/pn2018/tr07-0040__C3-M2.npy
pn2018,tr07-0040,tr07-0040,C4-M1,train,284100,/data/gen/tokens/pn2018/tr07-0040__C4-M1.npy
pn2018,tr07-0040,tr07-0040,O1-M2,train,284100,/data/gen/tokens/pn2018/tr07-0040__O1-M2.npy
pn2018,tr07-0040,tr07-0040,O2-M1,train,284100,/data/gen/tokens/pn2018/tr07-0040__O2-M1.npy
pn2018,tr07-0043,tr07-0043,F3-M2,train,290700,/data/gen/tokens/pn2018/tr07-0043__F3-M2.npy
pn2018,tr07-0043,tr07-0043,F4-M1,train,290700,/data/gen/tokens/pn2018/tr07-0043__F4-M1.npy
pn2018,tr07-0043,tr07-0043,C3-M2,train,290700,/data/gen/tokens/pn2018/tr07-0043__C3-M2.npy
pn2018,tr07-0043,tr07-0043,C4-M1,train,290700,/data/gen/tokens/pn2018/tr07-0043__C4-M1.npy
pn2018,tr07-0043,tr07-0043,O1-M2,train,290700,/data/gen/tokens/pn2018/tr07-0043__O1-M2.npy
pn2018,tr07-0043,tr07-0043,O2-M1,train,290700,/data/gen/tokens/pn2018/tr07-0043__O2-M1.npy
pn2018,tr07-0056,tr07-0056,F3-M2,train,323100,/data/gen/tokens/pn2018/tr07-0056__F3-M2.npy
pn2018,tr07-0056,tr07-0056,F4-M1,train,323100,/data/gen/tokens/pn2018/tr07-0056__F4-M1.npy
pn2018,tr07-0056,tr07-0056,C3-M2,train,323100,/data/gen/tokens/pn2018/tr07-0056__C3-M2.npy
pn2018,tr07-0056,tr07-0056,C4-M1,train,323100,/data/gen/tokens/pn2018/tr07-0056__C4-M1.npy
pn2018,tr07-0056,tr07-0056,O1-M2,train,323100,/data/gen/tokens/pn2018/tr07-0056__O1-M2.npy
pn2018,tr07-0056,tr07-0056,O2-M1,train,323100,/data/gen/tokens/pn2018/tr07-0056__O2-M1.npy
pn2018,tr07-0034,tr07-0034,F3-M2,heldout,293400,/data/gen/tokens/pn2018/tr07-0034__F3-M2.npy
pn2018,tr07-0034,tr07-0034,F4-M1,heldout,293400,/data/gen/tokens/pn2018/tr07-0034__F4-M1.npy
pn2018,tr07-0034,tr07-0034,C3-M2,heldout,293400,/data/gen/tokens/pn2018/tr07-0034__C3-M2.npy
pn2018,tr07-0034,tr07-0034,C4-M1,heldout,293400,/data/gen/tokens/pn2018/tr07-0034__C4-M1.npy
pn2018,tr07-0034,tr07-0034,O1-M2,heldout,293400,/data/gen/tokens/pn2018/tr07-0034__O1-M2.npy
pn2018,tr07-0034,tr07-0034,O2-M1,heldout,293400,/data/gen/tokens/pn2018/tr07-0034__O2-M1.npy
pn2018,tr07-0084,tr07-0084,F3-M2,train,279000,/data/gen/tokens/pn2018/tr07-0084__F3-M2.npy
pn2018,tr07-0084,tr07-0084,F4-M1,train,279000,/data/gen/tokens/pn2018/tr07-0084__F4-M1.npy
pn2018,tr07-0084,tr07-0084,C3-M2,train,279000,/data/gen/tokens/pn2018/tr07-0084__C3-M2.npy
pn2018,tr07-0084,tr07-0084,C4-M1,train,279000,/data/gen/tokens/pn2018/tr07-0084__C4-M1.npy
pn2018,tr07-0084,tr07-0084,O1-M2,train,279000,/data/gen/tokens/pn2018/tr07-0084__O1-M2.npy
pn2018,tr07-0084,tr07-0084,O2-M1,train,279000,/data/gen/tokens/pn2018/tr07-0084__O2-M1.npy
pn2018,tr07-0100,tr07-0100,F3-M2,train,264000,/data/gen/tokens/pn2018/tr07-0100__F3-M2.npy
pn2018,tr07-0100,tr07-0100,F4-M1,train,264000,/data/gen/tokens/pn2018/tr07-0100__F4-M1.npy
pn2018,tr07-0100,tr07-0100,C3-M2,train,264000,/data/gen/tokens/pn2018/tr07-0100__C3-M2.npy
pn2018,tr07-0100,tr07-0100,C4-M1,train,264000,/data/gen/tokens/pn2018/tr07-0100__C4-M1.npy
pn2018,tr07-0100,tr07-0100,O1-M2,train,264000,/data/gen/tokens/pn2018/tr07-0100__O1-M2.npy
pn2018,tr07-0100,tr07-0100,O2-M1,train,264000,/data/gen/tokens/pn2018/tr07-0100__O2-M1.npy
pn2018,tr07-0125,tr07-0125,F3-M2,train,282300,/data/gen/tokens/pn2018/tr07-0125__F3-M2.npy
pn2018,tr07-0125,tr07-0125,F4-M1,train,282300,/data/gen/tokens/pn2018/tr07-0125__F4-M1.npy
pn2018,tr07-0125,tr07-0125,C3-M2,train,282300,/data/gen/tokens/pn2018/tr07-0125__C3-M2.npy
pn2018,tr07-0125,tr07-0125,C4-M1,train,282300,/data/gen/tokens/pn2018/tr07-0125__C4-M1.npy
pn2018,tr07-0125,tr07-0125,O1-M2,train,282300,/data/gen/tokens/pn2018/tr07-0125__O1-M2.npy
pn2018,tr07-0125,tr07-0125,O2-M1,train,282300,/data/gen/tokens/pn2018/tr07-0125__O2-M1.npy
pn2018,tr07-0126,tr07-0126,F3-M2,train,261900,/data/gen/tokens/pn2018/tr07-0126__F3-M2.npy
pn2018,tr07-0126,tr07-0126,F4-M1,train,261900,/data/gen/tokens/pn2018/tr07-0126__F4-M1.npy
pn2018,tr07-0126,tr07-0126,C3-M2,train,261900,/data/gen/tokens/pn2018/tr07-0126__C3-M2.npy
pn2018,tr07-0126,tr07-0126,C4-M1,train,261900,/data/gen/tokens/pn2018/tr07-0126__C4-M1.npy
pn2018,tr07-0126,tr07-0126,O1-M2,train,261900,/data/gen/tokens/pn2018/tr07-0126__O1-M2.npy
pn2018,tr07-0126,tr07-0126,O2-M1,train,261900,/data/gen/tokens/pn2018/tr07-0126__O2-M1.npy
pn2018,tr07-0123,tr07-0123,F3-M2,train,252900,/data/gen/tokens/pn2018/tr07-0123__F3-M2.npy
pn2018,tr07-0123,tr07-0123,F4-M1,train,252900,/data/gen/tokens/pn2018/tr07-0123__F4-M1.npy
pn2018,tr07-0123,tr07-0123,C3-M2,train,252900,/data/gen/tokens/pn2018/tr07-0123__C3-M2.npy
pn2018,tr07-0123,tr07-0123,C4-M1,train,252900,/data/gen/tokens/pn2018/tr07-0123__C4-M1.npy
pn2018,tr07-0123,tr07-0123,O1-M2,train,252900,/data/gen/tokens/pn2018/tr07-0123__O1-M2.npy
pn2018,tr07-0123,tr07-0123,O2-M1,train,252900,/data/gen/tokens/pn2018/tr07-0123__O2-M1.npy
pn2018,tr07-0102,tr07-0102,F3-M2,train,300600,/data/gen/tokens/pn2018/tr07-0102__F3-M2.npy
pn2018,tr07-0102,tr07-0102,F4-M1,train,300600,/data/gen/tokens/pn2018/tr07-0102__F4-M1.npy
pn2018,tr07-0102,tr07-0102,C3-M2,train,300600,/data/gen/tokens/pn2018/tr07-0102__C3-M2.npy
pn2018,tr07-0102,tr07-0102,C4-M1,train,300600,/data/gen/tokens/pn2018/tr07-0102__C4-M1.npy
pn2018,tr07-0102,tr07-0102,O1-M2,train,300600,/data/gen/tokens/pn2018/tr07-0102__O1-M2.npy
pn2018,tr07-0102,tr07-0102,O2-M1,train,300600,/data/gen/tokens/pn2018/tr07-0102__O2-M1.npy
pn2018,tr07-0105,tr07-0105,F3-M2,heldout,268200,/data/gen/tokens/pn2018/tr07-0105__F3-M2.npy
pn2018,tr07-0105,tr07-0105,F4-M1,heldout,268200,/data/gen/tokens/pn2018/tr07-0105__F4-M1.npy
pn2018,tr07-0105,tr07-0105,C3-M2,heldout,268200,/data/gen/tokens/pn2018/tr07-0105__C3-M2.npy
pn2018,tr07-0105,tr07-0105,C4-M1,heldout,268200,/data/gen/tokens/pn2018/tr07-0105__C4-M1.npy
pn2018,tr07-0105,tr07-0105,O1-M2,heldout,268200,/data/gen/tokens/pn2018/tr07-0105__O1-M2.npy
pn2018,tr07-0105,tr07-0105,O2-M1,heldout,268200,/data/gen/tokens/pn2018/tr07-0105__O2-M1.npy
pn2018,tr07-0127,tr07-0127,F3-M2,train,242400,/data/gen/tokens/pn2018/tr07-0127__F3-M2.npy
pn2018,tr07-0127,tr07-0127,F4-M1,train,242400,/data/gen/tokens/pn2018/tr07-0127__F4-M1.npy
pn2018,tr07-0127,tr07-0127,C3-M2,train,242400,/data/gen/tokens/pn2018/tr07-0127__C3-M2.npy
pn2018,tr07-0127,tr07-0127,C4-M1,train,242400,/data/gen/tokens/pn2018/tr07-0127__C4-M1.npy
pn2018,tr07-0127,tr07-0127,O1-M2,train,242400,/data/gen/tokens/pn2018/tr07-0127__O1-M2.npy
pn2018,tr07-0127,tr07-0127,O2-M1,train,242400,/data/gen/tokens/pn2018/tr07-0127__O2-M1.npy
pn2018,tr07-0162,tr07-0162,F3-M2,train,250800,/data/gen/tokens/pn2018/tr07-0162__F3-M2.npy
pn2018,tr07-0162,tr07-0162,F4-M1,train,250800,/data/gen/tokens/pn2018/tr07-0162__F4-M1.npy
pn2018,tr07-0162,tr07-0162,C3-M2,train,250800,/data/gen/tokens/pn2018/tr07-0162__C3-M2.npy
pn2018,tr07-0162,tr07-0162,C4-M1,train,250800,/data/gen/tokens/pn2018/tr07-0162__C4-M1.npy
pn2018,tr07-0162,tr07-0162,O1-M2,train,250800,/data/gen/tokens/pn2018/tr07-0162__O1-M2.npy
pn2018,tr07-0162,tr07-0162,O2-M1,train,250800,/data/gen/tokens/pn2018/tr07-0162__O2-M1.npy
pn2018,tr07-0153,tr07-0153,F3-M2,train,275700,/data/gen/tokens/pn2018/tr07-0153__F3-M2.npy
pn2018,tr07-0153,tr07-0153,F4-M1,train,275700,/data/gen/tokens/pn2018/tr07-0153__F4-M1.npy
pn2018,tr07-0153,tr07-0153,C3-M2,train,275700,/data/gen/tokens/pn2018/tr07-0153__C3-M2.npy
pn2018,tr07-0153,tr07-0153,C4-M1,train,275700,/data/gen/tokens/pn2018/tr07-0153__C4-M1.npy
pn2018,tr07-0153,tr07-0153,O1-M2,train,275700,/data/gen/tokens/pn2018/tr07-0153__O1-M2.npy
pn2018,tr07-0153,tr07-0153,O2-M1,train,275700,/data/gen/tokens/pn2018/tr07-0153__O2-M1.npy
pn2018,tr07-0178,tr07-0178,F3-M2,train,254100,/data/gen/tokens/pn2018/tr07-0178__F3-M2.npy
pn2018,tr07-0178,tr07-0178,F4-M1,train,254100,/data/gen/tokens/pn2018/tr07-0178__F4-M1.npy
pn2018,tr07-0178,tr07-0178,C3-M2,train,254100,/data/gen/tokens/pn2018/tr07-0178__C3-M2.npy
pn2018,tr07-0178,tr07-0178,C4-M1,train,254100,/data/gen/tokens/pn2018/tr07-0178__C4-M1.npy
pn2018,tr07-0178,tr07-0178,O1-M2,train,254100,/data/gen/tokens/pn2018/tr07-0178__O1-M2.npy
pn2018,tr07-0178,tr07-0178,O2-M1,train,254100,/data/gen/tokens/pn2018/tr07-0178__O2-M1.npy
pn2018,tr07-0191,tr07-0191,F3-M2,train,266400,/data/gen/tokens/pn2018/tr07-0191__F3-M2.npy
pn2018,tr07-0191,tr07-0191,F4-M1,train,266400,/data/gen/tokens/pn2018/tr07-0191__F4-M1.npy
pn2018,tr07-0191,tr07-0191,C3-M2,train,266400,/data/gen/tokens/pn2018/tr07-0191__C3-M2.npy
pn2018,tr07-0191,tr07-0191,C4-M1,train,266400,/data/gen/tokens/pn2018/tr07-0191__C4-M1.npy
pn2018,tr07-0191,tr07-0191,O1-M2,train,266400,/data/gen/tokens/pn2018/tr07-0191__O1-M2.npy
pn2018,tr07-0191,tr07-0191,O2-M1,train,266400,/data/gen/tokens/pn2018/tr07-0191__O2-M1.npy
pn2018,tr07-0179,tr07-0179,F3-M2,train,263100,/data/gen/tokens/pn2018/tr07-0179__F3-M2.npy
pn2018,tr07-0179,tr07-0179,F4-M1,train,263100,/data/gen/tokens/pn2018/tr07-0179__F4-M1.npy
pn2018,tr07-0179,tr07-0179,C3-M2,train,263100,/data/gen/tokens/pn2018/tr07-0179__C3-M2.npy
pn2018,tr07-0179,tr07-0179,C4-M1,train,263100,/data/gen/tokens/pn2018/tr07-0179__C4-M1.npy
pn2018,tr07-0179,tr07-0179,O1-M2,train,263100,/data/gen/tokens/pn2018/tr07-0179__O1-M2.npy
pn2018,tr07-0179,tr07-0179,O2-M1,train,263100,/data/gen/tokens/pn2018/tr07-0179__O2-M1.npy
pn2018,tr07-0168,tr07-0168,F3-M2,train,285600,/data/gen/tokens/pn2018/tr07-0168__F3-M2.npy
pn2018,tr07-0168,tr07-0168,F4-M1,train,285600,/data/gen/tokens/pn2018/tr07-0168__F4-M1.npy
pn2018,tr07-0168,tr07-0168,C3-M2,train,285600,/data/gen/tokens/pn2018/tr07-0168__C3-M2.npy
pn2018,tr07-0168,tr07-0168,C4-M1,train,285600,/data/gen/tokens/pn2018/tr07-0168__C4-M1.npy
pn2018,tr07-0168,tr07-0168,O1-M2,train,285600,/data/gen/tokens/pn2018/tr07-0168__O1-M2.npy
pn2018,tr07-0168,tr07-0168,O2-M1,train,285600,/data/gen/tokens/pn2018/tr07-0168__O2-M1.npy
pn2018,tr07-0212,tr07-0212,F3-M2,train,293700,/data/gen/tokens/pn2018/tr07-0212__F3-M2.npy
pn2018,tr07-0212,tr07-0212,F4-M1,train,293700,/data/gen/tokens/pn2018/tr07-0212__F4-M1.npy
pn2018,tr07-0212,tr07-0212,C3-M2,train,293700,/data/gen/tokens/pn2018/tr07-0212__C3-M2.npy
pn2018,tr07-0212,tr07-0212,C4-M1,train,293700,/data/gen/tokens/pn2018/tr07-0212__C4-M1.npy
pn2018,tr07-0212,tr07-0212,O1-M2,train,293700,/data/gen/tokens/pn2018/tr07-0212__O1-M2.npy
pn2018,tr07-0212,tr07-0212,O2-M1,train,293700,/data/gen/tokens/pn2018/tr07-0212__O2-M1.npy
pn2018,tr07-0197,tr07-0197,F3-M2,train,280200,/data/gen/tokens/pn2018/tr07-0197__F3-M2.npy
pn2018,tr07-0197,tr07-0197,F4-M1,train,280200,/data/gen/tokens/pn2018/tr07-0197__F4-M1.npy
pn2018,tr07-0197,tr07-0197,C3-M2,train,280200,/data/gen/tokens/pn2018/tr07-0197__C3-M2.npy
pn2018,tr07-0197,tr07-0197,C4-M1,train,280200,/data/gen/tokens/pn2018/tr07-0197__C4-M1.npy
pn2018,tr07-0197,tr07-0197,O1-M2,train,280200,/data/gen/tokens/pn2018/tr07-0197__O1-M2.npy
pn2018,tr07-0197,tr07-0197,O2-M1,train,280200,/data/gen/tokens/pn2018/tr07-0197__O2-M1.npy
pn2018,tr07-0214,tr07-0214,F3-M2,train,319800,/data/gen/tokens/pn2018/tr07-0214__F3-M2.npy
pn2018,tr07-0214,tr07-0214,F4-M1,train,319800,/data/gen/tokens/pn2018/tr07-0214__F4-M1.npy
pn2018,tr07-0214,tr07-0214,C3-M2,train,319800,/data/gen/tokens/pn2018/tr07-0214__C3-M2.npy
pn2018,tr07-0214,tr07-0214,C4-M1,train,319800,/data/gen/tokens/pn2018/tr07-0214__C4-M1.npy
pn2018,tr07-0214,tr07-0214,O1-M2,train,319800,/data/gen/tokens/pn2018/tr07-0214__O1-M2.npy
pn2018,tr07-0214,tr07-0214,O2-M1,train,319800,/data/gen/tokens/pn2018/tr07-0214__O2-M1.npy
pn2018,tr07-0236,tr07-0236,F3-M2,train,249900,/data/gen/tokens/pn2018/tr07-0236__F3-M2.npy
pn2018,tr07-0236,tr07-0236,F4-M1,train,249900,/data/gen/tokens/pn2018/tr07-0236__F4-M1.npy
pn2018,tr07-0236,tr07-0236,C3-M2,train,249900,/data/gen/tokens/pn2018/tr07-0236__C3-M2.npy
pn2018,tr07-0236,tr07-0236,C4-M1,train,249900,/data/gen/tokens/pn2018/tr07-0236__C4-M1.npy
pn2018,tr07-0236,tr07-0236,O1-M2,train,249900,/data/gen/tokens/pn2018/tr07-0236__O1-M2.npy
pn2018,tr07-0236,tr07-0236,O2-M1,train,249900,/data/gen/tokens/pn2018/tr07-0236__O2-M1.npy
pn2018,tr07-0230,tr07-0230,F3-M2,train,278700,/data/gen/tokens/pn2018/tr07-0230__F3-M2.npy
pn2018,tr07-0230,tr07-0230,F4-M1,train,278700,/data/gen/tokens/pn2018/tr07-0230__F4-M1.npy
pn2018,tr07-0230,tr07-0230,C3-M2,train,278700,/data/gen/tokens/pn2018/tr07-0230__C3-M2.npy
pn2018,tr07-0230,tr07-0230,C4-M1,train,278700,/data/gen/tokens/pn2018/tr07-0230__C4-M1.npy
pn2018,tr07-0230,tr07-0230,O1-M2,train,278700,/data/gen/tokens/pn2018/tr07-0230__O1-M2.npy
pn2018,tr07-0230,tr07-0230,O2-M1,train,278700,/data/gen/tokens/pn2018/tr07-0230__O2-M1.npy
pn2018,tr07-0231,tr07-0231,F3-M2,train,291600,/data/gen/tokens/pn2018/tr07-0231__F3-M2.npy
pn2018,tr07-0231,tr07-0231,F4-M1,train,291600,/data/gen/tokens/pn2018/tr07-0231__F4-M1.npy
pn2018,tr07-0231,tr07-0231,C3-M2,train,291600,/data/gen/tokens/pn2018/tr07-0231__C3-M2.npy
pn2018,tr07-0231,tr07-0231,C4-M1,train,291600,/data/gen/tokens/pn2018/tr07-0231__C4-M1.npy
pn2018,tr07-0231,tr07-0231,O1-M2,train,291600,/data/gen/tokens/pn2018/tr07-0231__O1-M2.npy
pn2018,tr07-0231,tr07-0231,O2-M1,train,291600,/data/gen/tokens/pn2018/tr07-0231__O2-M1.npy
pn2018,tr07-0232,tr07-0232,F3-M2,train,279600,/data/gen/tokens/pn2018/tr07-0232__F3-M2.npy
pn2018,tr07-0232,tr07-0232,F4-M1,train,279600,/data/gen/tokens/pn2018/tr07-0232__F4-M1.npy
pn2018,tr07-0232,tr07-0232,C3-M2,train,279600,/data/gen/tokens/pn2018/tr07-0232__C3-M2.npy
pn2018,tr07-0232,tr07-0232,C4-M1,train,279600,/data/gen/tokens/pn2018/tr07-0232__C4-M1.npy
pn2018,tr07-0232,tr07-0232,O1-M2,train,279600,/data/gen/tokens/pn2018/tr07-0232__O1-M2.npy
pn2018,tr07-0232,tr07-0232,O2-M1,train,279600,/data/gen/tokens/pn2018/tr07-0232__O2-M1.npy
pn2018,tr07-0235,tr07-0235,F3-M2,train,317100,/data/gen/tokens/pn2018/tr07-0235__F3-M2.npy
pn2018,tr07-0235,tr07-0235,F4-M1,train,317100,/data/gen/tokens/pn2018/tr07-0235__F4-M1.npy
pn2018,tr07-0235,tr07-0235,C3-M2,train,317100,/data/gen/tokens/pn2018/tr07-0235__C3-M2.npy
pn2018,tr07-0235,tr07-0235,C4-M1,train,317100,/data/gen/tokens/pn2018/tr07-0235__C4-M1.npy
pn2018,tr07-0235,tr07-0235,O1-M2,train,317100,/data/gen/tokens/pn2018/tr07-0235__O1-M2.npy
pn2018,tr07-0235,tr07-0235,O2-M1,train,317100,/data/gen/tokens/pn2018/tr07-0235__O2-M1.npy
pn2018,tr07-0246,tr07-0246,F3-M2,train,293700,/data/gen/tokens/pn2018/tr07-0246__F3-M2.npy
pn2018,tr07-0246,tr07-0246,F4-M1,train,293700,/data/gen/tokens/pn2018/tr07-0246__F4-M1.npy
pn2018,tr07-0246,tr07-0246,C3-M2,train,293700,/data/gen/tokens/pn2018/tr07-0246__C3-M2.npy
pn2018,tr07-0246,tr07-0246,C4-M1,train,293700,/data/gen/tokens/pn2018/tr07-0246__C4-M1.npy
pn2018,tr07-0246,tr07-0246,O1-M2,train,293700,/data/gen/tokens/pn2018/tr07-0246__O1-M2.npy
pn2018,tr07-0246,tr07-0246,O2-M1,train,293700,/data/gen/tokens/pn2018/tr07-0246__O2-M1.npy
pn2018,tr07-0247,tr07-0247,F3-M2,train,283800,/data/gen/tokens/pn2018/tr07-0247__F3-M2.npy
pn2018,tr07-0247,tr07-0247,F4-M1,train,283800,/data/gen/tokens/pn2018/tr07-0247__F4-M1.npy
pn2018,tr07-0247,tr07-0247,C3-M2,train,283800,/data/gen/tokens/pn2018/tr07-0247__C3-M2.npy
pn2018,tr07-0247,tr07-0247,C4-M1,train,283800,/data/gen/tokens/pn2018/tr07-0247__C4-M1.npy
pn2018,tr07-0247,tr07-0247,O1-M2,train,283800,/data/gen/tokens/pn2018/tr07-0247__O1-M2.npy
pn2018,tr07-0247,tr07-0247,O2-M1,train,283800,/data/gen/tokens/pn2018/tr07-0247__O2-M1.npy
pn2018,tr07-0257,tr07-0257,F3-M2,train,277500,/data/gen/tokens/pn2018/tr07-0257__F3-M2.npy
pn2018,tr07-0257,tr07-0257,F4-M1,train,277500,/data/gen/tokens/pn2018/tr07-0257__F4-M1.npy
pn2018,tr07-0257,tr07-0257,C3-M2,train,277500,/data/gen/tokens/pn2018/tr07-0257__C3-M2.npy
pn2018,tr07-0257,tr07-0257,C4-M1,train,277500,/data/gen/tokens/pn2018/tr07-0257__C4-M1.npy
pn2018,tr07-0257,tr07-0257,O1-M2,train,277500,/data/gen/tokens/pn2018/tr07-0257__O1-M2.npy
pn2018,tr07-0257,tr07-0257,O2-M1,train,277500,/data/gen/tokens/pn2018/tr07-0257__O2-M1.npy
pn2018,tr07-0262,tr07-0262,F3-M2,train,283200,/data/gen/tokens/pn2018/tr07-0262__F3-M2.npy
pn2018,tr07-0262,tr07-0262,F4-M1,train,283200,/data/gen/tokens/pn2018/tr07-0262__F4-M1.npy
pn2018,tr07-0262,tr07-0262,C3-M2,train,283200,/data/gen/tokens/pn2018/tr07-0262__C3-M2.npy
pn2018,tr07-0262,tr07-0262,C4-M1,train,283200,/data/gen/tokens/pn2018/tr07-0262__C4-M1.npy
pn2018,tr07-0262,tr07-0262,O1-M2,train,283200,/data/gen/tokens/pn2018/tr07-0262__O1-M2.npy
pn2018,tr07-0262,tr07-0262,O2-M1,train,283200,/data/gen/tokens/pn2018/tr07-0262__O2-M1.npy
pn2018,tr07-0283,tr07-0283,F3-M2,train,261300,/data/gen/tokens/pn2018/tr07-0283__F3-M2.npy
pn2018,tr07-0283,tr07-0283,F4-M1,train,261300,/data/gen/tokens/pn2018/tr07-0283__F4-M1.npy
pn2018,tr07-0283,tr07-0283,C3-M2,train,261300,/data/gen/tokens/pn2018/tr07-0283__C3-M2.npy
pn2018,tr07-0283,tr07-0283,C4-M1,train,261300,/data/gen/tokens/pn2018/tr07-0283__C4-M1.npy
pn2018,tr07-0283,tr07-0283,O1-M2,train,261300,/data/gen/tokens/pn2018/tr07-0283__O1-M2.npy
pn2018,tr07-0283,tr07-0283,O2-M1,train,261300,/data/gen/tokens/pn2018/tr07-0283__O2-M1.npy
pn2018,tr07-0281,tr07-0281,F3-M2,train,297600,/data/gen/tokens/pn2018/tr07-0281__F3-M2.npy
pn2018,tr07-0281,tr07-0281,F4-M1,train,297600,/data/gen/tokens/pn2018/tr07-0281__F4-M1.npy
pn2018,tr07-0281,tr07-0281,C3-M2,train,297600,/data/gen/tokens/pn2018/tr07-0281__C3-M2.npy
pn2018,tr07-0281,tr07-0281,C4-M1,train,297600,/data/gen/tokens/pn2018/tr07-0281__C4-M1.npy
pn2018,tr07-0281,tr07-0281,O1-M2,train,297600,/data/gen/tokens/pn2018/tr07-0281__O1-M2.npy
pn2018,tr07-0281,tr07-0281,O2-M1,train,297600,/data/gen/tokens/pn2018/tr07-0281__O2-M1.npy
pn2018,tr07-0291,tr07-0291,F3-M2,train,300600,/data/gen/tokens/pn2018/tr07-0291__F3-M2.npy
pn2018,tr07-0291,tr07-0291,F4-M1,train,300600,/data/gen/tokens/pn2018/tr07-0291__F4-M1.npy
pn2018,tr07-0291,tr07-0291,C3-M2,train,300600,/data/gen/tokens/pn2018/tr07-0291__C3-M2.npy
pn2018,tr07-0291,tr07-0291,C4-M1,train,300600,/data/gen/tokens/pn2018/tr07-0291__C4-M1.npy
pn2018,tr07-0291,tr07-0291,O1-M2,train,300600,/data/gen/tokens/pn2018/tr07-0291__O1-M2.npy
pn2018,tr07-0291,tr07-0291,O2-M1,train,300600,/data/gen/tokens/pn2018/tr07-0291__O2-M1.npy
pn2018,tr07-0293,tr07-0293,F3-M2,train,286200,/data/gen/tokens/pn2018/tr07-0293__F3-M2.npy
pn2018,tr07-0293,tr07-0293,F4-M1,train,286200,/data/gen/tokens/pn2018/tr07-0293__F4-M1.npy
pn2018,tr07-0293,tr07-0293,C3-M2,train,286200,/data/gen/tokens/pn2018/tr07-0293__C3-M2.npy
pn2018,tr07-0293,tr07-0293,C4-M1,train,286200,/data/gen/tokens/pn2018/tr07-0293__C4-M1.npy
pn2018,tr07-0293,tr07-0293,O1-M2,train,286200,/data/gen/tokens/pn2018/tr07-0293__O1-M2.npy
pn2018,tr07-0293,tr07-0293,O2-M1,train,286200,/data/gen/tokens/pn2018/tr07-0293__O2-M1.npy
pn2018,tr07-0325,tr07-0325,F3-M2,heldout,288000,/data/gen/tokens/pn2018/tr07-0325__F3-M2.npy
pn2018,tr07-0325,tr07-0325,F4-M1,heldout,288000,/data/gen/tokens/pn2018/tr07-0325__F4-M1.npy
pn2018,tr07-0325,tr07-0325,C3-M2,heldout,288000,/data/gen/tokens/pn2018/tr07-0325__C3-M2.npy
pn2018,tr07-0325,tr07-0325,C4-M1,heldout,288000,/data/gen/tokens/pn2018/tr07-0325__C4-M1.npy
pn2018,tr07-0325,tr07-0325,O1-M2,heldout,288000,/data/gen/tokens/pn2018/tr07-0325__O1-M2.npy
pn2018,tr07-0325,tr07-0325,O2-M1,heldout,288000,/data/gen/tokens/pn2018/tr07-0325__O2-M1.npy
pn2018,tr07-0343,tr07-0343,F3-M2,train,286800,/data/gen/tokens/pn2018/tr07-0343__F3-M2.npy
pn2018,tr07-0343,tr07-0343,F4-M1,train,286800,/data/gen/tokens/pn2018/tr07-0343__F4-M1.npy
pn2018,tr07-0343,tr07-0343,C3-M2,train,286800,/data/gen/tokens/pn2018/tr07-0343__C3-M2.npy
pn2018,tr07-0343,tr07-0343,C4-M1,train,286800,/data/gen/tokens/pn2018/tr07-0343__C4-M1.npy
pn2018,tr07-0343,tr07-0343,O1-M2,train,286800,/data/gen/tokens/pn2018/tr07-0343__O1-M2.npy
pn2018,tr07-0343,tr07-0343,O2-M1,train,286800,/data/gen/tokens/pn2018/tr07-0343__O2-M1.npy
pn2018,tr07-0359,tr07-0359,F3-M2,train,261000,/data/gen/tokens/pn2018/tr07-0359__F3-M2.npy
pn2018,tr07-0359,tr07-0359,F4-M1,train,261000,/data/gen/tokens/pn2018/tr07-0359__F4-M1.npy
pn2018,tr07-0359,tr07-0359,C3-M2,train,261000,/data/gen/tokens/pn2018/tr07-0359__C3-M2.npy
pn2018,tr07-0359,tr07-0359,C4-M1,train,261000,/data/gen/tokens/pn2018/tr07-0359__C4-M1.npy
pn2018,tr07-0359,tr07-0359,O1-M2,train,261000,/data/gen/tokens/pn2018/tr07-0359__O1-M2.npy
pn2018,tr07-0359,tr07-0359,O2-M1,train,261000,/data/gen/tokens/pn2018/tr07-0359__O2-M1.npy
pn2018,tr07-0401,tr07-0401,F3-M2,heldout,278700,/data/gen/tokens/pn2018/tr07-0401__F3-M2.npy
pn2018,tr07-0401,tr07-0401,F4-M1,heldout,278700,/data/gen/tokens/pn2018/tr07-0401__F4-M1.npy
pn2018,tr07-0401,tr07-0401,C3-M2,heldout,278700,/data/gen/tokens/pn2018/tr07-0401__C3-M2.npy
pn2018,tr07-0401,tr07-0401,C4-M1,heldout,278700,/data/gen/tokens/pn2018/tr07-0401__C4-M1.npy
pn2018,tr07-0401,tr07-0401,O1-M2,heldout,278700,/data/gen/tokens/pn2018/tr07-0401__O1-M2.npy
pn2018,tr07-0401,tr07-0401,O2-M1,heldout,278700,/data/gen/tokens/pn2018/tr07-0401__O2-M1.npy
pn2018,tr07-0418,tr07-0418,F3-M2,train,245400,/data/gen/tokens/pn2018/tr07-0418__F3-M2.npy
pn2018,tr07-0418,tr07-0418,F4-M1,train,245400,/data/gen/tokens/pn2018/tr07-0418__F4-M1.npy
pn2018,tr07-0418,tr07-0418,C3-M2,train,245400,/data/gen/tokens/pn2018/tr07-0418__C3-M2.npy
pn2018,tr07-0418,tr07-0418,C4-M1,train,245400,/data/gen/tokens/pn2018/tr07-0418__C4-M1.npy
pn2018,tr07-0418,tr07-0418,O1-M2,train,245400,/data/gen/tokens/pn2018/tr07-0418__O1-M2.npy
pn2018,tr07-0418,tr07-0418,O2-M1,train,245400,/data/gen/tokens/pn2018/tr07-0418__O2-M1.npy
pn2018,tr07-0409,tr07-0409,F3-M2,heldout,278400,/data/gen/tokens/pn2018/tr07-0409__F3-M2.npy
pn2018,tr07-0409,tr07-0409,F4-M1,heldout,278400,/data/gen/tokens/pn2018/tr07-0409__F4-M1.npy
pn2018,tr07-0409,tr07-0409,C3-M2,heldout,278400,/data/gen/tokens/pn2018/tr07-0409__C3-M2.npy
pn2018,tr07-0409,tr07-0409,C4-M1,heldout,278400,/data/gen/tokens/pn2018/tr07-0409__C4-M1.npy
pn2018,tr07-0409,tr07-0409,O1-M2,heldout,278400,/data/gen/tokens/pn2018/tr07-0409__O1-M2.npy
pn2018,tr07-0409,tr07-0409,O2-M1,heldout,278400,/data/gen/tokens/pn2018/tr07-0409__O2-M1.npy
pn2018,tr07-0380,tr07-0380,F3-M2,train,315000,/data/gen/tokens/pn2018/tr07-0380__F3-M2.npy
pn2018,tr07-0380,tr07-0380,F4-M1,train,315000,/data/gen/tokens/pn2018/tr07-0380__F4-M1.npy
pn2018,tr07-0380,tr07-0380,C3-M2,train,315000,/data/gen/tokens/pn2018/tr07-0380__C3-M2.npy
pn2018,tr07-0380,tr07-0380,C4-M1,train,315000,/data/gen/tokens/pn2018/tr07-0380__C4-M1.npy
pn2018,tr07-0380,tr07-0380,O1-M2,train,315000,/data/gen/tokens/pn2018/tr07-0380__O1-M2.npy
pn2018,tr07-0380,tr07-0380,O2-M1,train,315000,/data/gen/tokens/pn2018/tr07-0380__O2-M1.npy
pn2018,tr07-0394,tr07-0394,F3-M2,train,298500,/data/gen/tokens/pn2018/tr07-0394__F3-M2.npy
pn2018,tr07-0394,tr07-0394,F4-M1,train,298500,/data/gen/tokens/pn2018/tr07-0394__F4-M1.npy
pn2018,tr07-0394,tr07-0394,C3-M2,train,298500,/data/gen/tokens/pn2018/tr07-0394__C3-M2.npy
pn2018,tr07-0394,tr07-0394,C4-M1,train,298500,/data/gen/tokens/pn2018/tr07-0394__C4-M1.npy
pn2018,tr07-0394,tr07-0394,O1-M2,train,298500,/data/gen/tokens/pn2018/tr07-0394__O1-M2.npy
pn2018,tr07-0394,tr07-0394,O2-M1,train,298500,/data/gen/tokens/pn2018/tr07-0394__O2-M1.npy
pn2018,tr07-0416,tr07-0416,F3-M2,train,291600,/data/gen/tokens/pn2018/tr07-0416__F3-M2.npy
pn2018,tr07-0416,tr07-0416,F4-M1,train,291600,/data/gen/tokens/pn2018/tr07-0416__F4-M1.npy
pn2018,tr07-0416,tr07-0416,C3-M2,train,291600,/data/gen/tokens/pn2018/tr07-0416__C3-M2.npy
pn2018,tr07-0416,tr07-0416,C4-M1,train,291600,/data/gen/tokens/pn2018/tr07-0416__C4-M1.npy
pn2018,tr07-0416,tr07-0416,O1-M2,train,291600,/data/gen/tokens/pn2018/tr07-0416__O1-M2.npy
pn2018,tr07-0416,tr07-0416,O2-M1,train,291600,/data/gen/tokens/pn2018/tr07-0416__O2-M1.npy
pn2018,tr07-0451,tr07-0451,F3-M2,train,277500,/data/gen/tokens/pn2018/tr07-0451__F3-M2.npy
pn2018,tr07-0451,tr07-0451,F4-M1,train,277500,/data/gen/tokens/pn2018/tr07-0451__F4-M1.npy
pn2018,tr07-0451,tr07-0451,C3-M2,train,277500,/data/gen/tokens/pn2018/tr07-0451__C3-M2.npy
pn2018,tr07-0451,tr07-0451,C4-M1,train,277500,/data/gen/tokens/pn2018/tr07-0451__C4-M1.npy
pn2018,tr07-0451,tr07-0451,O1-M2,train,277500,/data/gen/tokens/pn2018/tr07-0451__O1-M2.npy
pn2018,tr07-0451,tr07-0451,O2-M1,train,277500,/data/gen/tokens/pn2018/tr07-0451__O2-M1.npy
pn2018,tr07-0458,tr07-0458,F3-M2,train,300300,/data/gen/tokens/pn2018/tr07-0458__F3-M2.npy
pn2018,tr07-0458,tr07-0458,F4-M1,train,300300,/data/gen/tokens/pn2018/tr07-0458__F4-M1.npy
pn2018,tr07-0458,tr07-0458,C3-M2,train,300300,/data/gen/tokens/pn2018/tr07-0458__C3-M2.npy
pn2018,tr07-0458,tr07-0458,C4-M1,train,300300,/data/gen/tokens/pn2018/tr07-0458__C4-M1.npy
pn2018,tr07-0458,tr07-0458,O1-M2,train,300300,/data/gen/tokens/pn2018/tr07-0458__O1-M2.npy
pn2018,tr07-0458,tr07-0458,O2-M1,train,300300,/data/gen/tokens/pn2018/tr07-0458__O2-M1.npy
pn2018,tr07-0455,tr07-0455,F3-M2,train,250800,/data/gen/tokens/pn2018/tr07-0455__F3-M2.npy
pn2018,tr07-0455,tr07-0455,F4-M1,train,250800,/data/gen/tokens/pn2018/tr07-0455__F4-M1.npy
pn2018,tr07-0455,tr07-0455,C3-M2,train,250800,/data/gen/tokens/pn2018/tr07-0455__C3-M2.npy
pn2018,tr07-0455,tr07-0455,C4-M1,train,250800,/data/gen/tokens/pn2018/tr07-0455__C4-M1.npy
pn2018,tr07-0455,tr07-0455,O1-M2,train,250800,/data/gen/tokens/pn2018/tr07-0455__O1-M2.npy
pn2018,tr07-0455,tr07-0455,O2-M1,train,250800,/data/gen/tokens/pn2018/tr07-0455__O2-M1.npy
pn2018,tr07-0489,tr07-0489,F3-M2,train,260700,/data/gen/tokens/pn2018/tr07-0489__F3-M2.npy
pn2018,tr07-0489,tr07-0489,F4-M1,train,260700,/data/gen/tokens/pn2018/tr07-0489__F4-M1.npy
pn2018,tr07-0489,tr07-0489,C3-M2,train,260700,/data/gen/tokens/pn2018/tr07-0489__C3-M2.npy
pn2018,tr07-0489,tr07-0489,C4-M1,train,260700,/data/gen/tokens/pn2018/tr07-0489__C4-M1.npy
pn2018,tr07-0489,tr07-0489,O1-M2,train,260700,/data/gen/tokens/pn2018/tr07-0489__O1-M2.npy
pn2018,tr07-0489,tr07-0489,O2-M1,train,260700,/data/gen/tokens/pn2018/tr07-0489__O2-M1.npy
pn2018,tr07-0494,tr07-0494,F3-M2,heldout,260700,/data/gen/tokens/pn2018/tr07-0494__F3-M2.npy
pn2018,tr07-0494,tr07-0494,F4-M1,heldout,260700,/data/gen/tokens/pn2018/tr07-0494__F4-M1.npy
pn2018,tr07-0494,tr07-0494,C3-M2,heldout,260700,/data/gen/tokens/pn2018/tr07-0494__C3-M2.npy
pn2018,tr07-0494,tr07-0494,C4-M1,heldout,260700,/data/gen/tokens/pn2018/tr07-0494__C4-M1.npy
pn2018,tr07-0494,tr07-0494,O1-M2,heldout,260700,/data/gen/tokens/pn2018/tr07-0494__O1-M2.npy
pn2018,tr07-0494,tr07-0494,O2-M1,heldout,260700,/data/gen/tokens/pn2018/tr07-0494__O2-M1.npy
pn2018,tr07-0466,tr07-0466,F3-M2,heldout,300300,/data/gen/tokens/pn2018/tr07-0466__F3-M2.npy
pn2018,tr07-0466,tr07-0466,F4-M1,heldout,300300,/data/gen/tokens/pn2018/tr07-0466__F4-M1.npy
pn2018,tr07-0466,tr07-0466,C3-M2,heldout,300300,/data/gen/tokens/pn2018/tr07-0466__C3-M2.npy
pn2018,tr07-0466,tr07-0466,C4-M1,heldout,300300,/data/gen/tokens/pn2018/tr07-0466__C4-M1.npy
pn2018,tr07-0466,tr07-0466,O1-M2,heldout,300300,/data/gen/tokens/pn2018/tr07-0466__O1-M2.npy
pn2018,tr07-0466,tr07-0466,O2-M1,heldout,300300,/data/gen/tokens/pn2018/tr07-0466__O2-M1.npy
pn2018,tr07-0490,tr07-0490,F3-M2,train,334800,/data/gen/tokens/pn2018/tr07-0490__F3-M2.npy
pn2018,tr07-0490,tr07-0490,F4-M1,train,334800,/data/gen/tokens/pn2018/tr07-0490__F4-M1.npy
pn2018,tr07-0490,tr07-0490,C3-M2,train,334800,/data/gen/tokens/pn2018/tr07-0490__C3-M2.npy
pn2018,tr07-0490,tr07-0490,C4-M1,train,334800,/data/gen/tokens/pn2018/tr07-0490__C4-M1.npy
pn2018,tr07-0490,tr07-0490,O1-M2,train,334800,/data/gen/tokens/pn2018/tr07-0490__O1-M2.npy
pn2018,tr07-0490,tr07-0490,O2-M1,train,334800,/data/gen/tokens/pn2018/tr07-0490__O2-M1.npy
pn2018,tr07-0517,tr07-0517,F3-M2,train,290700,/data/gen/tokens/pn2018/tr07-0517__F3-M2.npy
pn2018,tr07-0517,tr07-0517,F4-M1,train,290700,/data/gen/tokens/pn2018/tr07-0517__F4-M1.npy
pn2018,tr07-0517,tr07-0517,C3-M2,train,290700,/data/gen/tokens/pn2018/tr07-0517__C3-M2.npy
pn2018,tr07-0517,tr07-0517,C4-M1,train,290700,/data/gen/tokens/pn2018/tr07-0517__C4-M1.npy
pn2018,tr07-0517,tr07-0517,O1-M2,train,290700,/data/gen/tokens/pn2018/tr07-0517__O1-M2.npy
pn2018,tr07-0517,tr07-0517,O2-M1,train,290700,/data/gen/tokens/pn2018/tr07-0517__O2-M1.npy
pn2018,tr07-0540,tr07-0540,F3-M2,heldout,264900,/data/gen/tokens/pn2018/tr07-0540__F3-M2.npy
pn2018,tr07-0540,tr07-0540,F4-M1,heldout,264900,/data/gen/tokens/pn2018/tr07-0540__F4-M1.npy
pn2018,tr07-0540,tr07-0540,C3-M2,heldout,264900,/data/gen/tokens/pn2018/tr07-0540__C3-M2.npy
pn2018,tr07-0540,tr07-0540,C4-M1,heldout,264900,/data/gen/tokens/pn2018/tr07-0540__C4-M1.npy
pn2018,tr07-0540,tr07-0540,O1-M2,heldout,264900,/data/gen/tokens/pn2018/tr07-0540__O1-M2.npy
pn2018,tr07-0540,tr07-0540,O2-M1,heldout,264900,/data/gen/tokens/pn2018/tr07-0540__O2-M1.npy
pn2018,tr07-0509,tr07-0509,F3-M2,train,263700,/data/gen/tokens/pn2018/tr07-0509__F3-M2.npy
pn2018,tr07-0509,tr07-0509,F4-M1,train,263700,/data/gen/tokens/pn2018/tr07-0509__F4-M1.npy
pn2018,tr07-0509,tr07-0509,C3-M2,train,263700,/data/gen/tokens/pn2018/tr07-0509__C3-M2.npy
pn2018,tr07-0509,tr07-0509,C4-M1,train,263700,/data/gen/tokens/pn2018/tr07-0509__C4-M1.npy
pn2018,tr07-0509,tr07-0509,O1-M2,train,263700,/data/gen/tokens/pn2018/tr07-0509__O1-M2.npy
pn2018,tr07-0509,tr07-0509,O2-M1,train,263700,/data/gen/tokens/pn2018/tr07-0509__O2-M1.npy
pn2018,tr07-0542,tr07-0542,F3-M2,train,249000,/data/gen/tokens/pn2018/tr07-0542__F3-M2.npy
pn2018,tr07-0542,tr07-0542,F4-M1,train,249000,/data/gen/tokens/pn2018/tr07-0542__F4-M1.npy
pn2018,tr07-0542,tr07-0542,C3-M2,train,249000,/data/gen/tokens/pn2018/tr07-0542__C3-M2.npy
pn2018,tr07-0542,tr07-0542,C4-M1,train,249000,/data/gen/tokens/pn2018/tr07-0542__C4-M1.npy
pn2018,tr07-0542,tr07-0542,O1-M2,train,249000,/data/gen/tokens/pn2018/tr07-0542__O1-M2.npy
pn2018,tr07-0542,tr07-0542,O2-M1,train,249000,/data/gen/tokens/pn2018/tr07-0542__O2-M1.npy
pn2018,tr07-0566,tr07-0566,F3-M2,train,253800,/data/gen/tokens/pn2018/tr07-0566__F3-M2.npy
pn2018,tr07-0566,tr07-0566,F4-M1,train,253800,/data/gen/tokens/pn2018/tr07-0566__F4-M1.npy
pn2018,tr07-0566,tr07-0566,C3-M2,train,253800,/data/gen/tokens/pn2018/tr07-0566__C3-M2.npy
pn2018,tr07-0566,tr07-0566,C4-M1,train,253800,/data/gen/tokens/pn2018/tr07-0566__C4-M1.npy
pn2018,tr07-0566,tr07-0566,O1-M2,train,253800,/data/gen/tokens/pn2018/tr07-0566__O1-M2.npy
pn2018,tr07-0566,tr07-0566,O2-M1,train,253800,/data/gen/tokens/pn2018/tr07-0566__O2-M1.npy
pn2018,tr07-0549,tr07-0549,F3-M2,train,261900,/data/gen/tokens/pn2018/tr07-0549__F3-M2.npy
pn2018,tr07-0549,tr07-0549,F4-M1,train,261900,/data/gen/tokens/pn2018/tr07-0549__F4-M1.npy
pn2018,tr07-0549,tr07-0549,C3-M2,train,261900,/data/gen/tokens/pn2018/tr07-0549__C3-M2.npy
pn2018,tr07-0549,tr07-0549,C4-M1,train,261900,/data/gen/tokens/pn2018/tr07-0549__C4-M1.npy
pn2018,tr07-0549,tr07-0549,O1-M2,train,261900,/data/gen/tokens/pn2018/tr07-0549__O1-M2.npy
pn2018,tr07-0549,tr07-0549,O2-M1,train,261900,/data/gen/tokens/pn2018/tr07-0549__O2-M1.npy
pn2018,tr07-0564,tr07-0564,F3-M2,train,308100,/data/gen/tokens/pn2018/tr07-0564__F3-M2.npy
pn2018,tr07-0564,tr07-0564,F4-M1,train,308100,/data/gen/tokens/pn2018/tr07-0564__F4-M1.npy
pn2018,tr07-0564,tr07-0564,C3-M2,train,308100,/data/gen/tokens/pn2018/tr07-0564__C3-M2.npy
pn2018,tr07-0564,tr07-0564,C4-M1,train,308100,/data/gen/tokens/pn2018/tr07-0564__C4-M1.npy
pn2018,tr07-0564,tr07-0564,O1-M2,train,308100,/data/gen/tokens/pn2018/tr07-0564__O1-M2.npy
pn2018,tr07-0564,tr07-0564,O2-M1,train,308100,/data/gen/tokens/pn2018/tr07-0564__O2-M1.npy
pn2018,tr07-0568,tr07-0568,F3-M2,train,281400,/data/gen/tokens/pn2018/tr07-0568__F3-M2.npy
pn2018,tr07-0568,tr07-0568,F4-M1,train,281400,/data/gen/tokens/pn2018/tr07-0568__F4-M1.npy
pn2018,tr07-0568,tr07-0568,C3-M2,train,281400,/data/gen/tokens/pn2018/tr07-0568__C3-M2.npy
pn2018,tr07-0568,tr07-0568,C4-M1,train,281400,/data/gen/tokens/pn2018/tr07-0568__C4-M1.npy
pn2018,tr07-0568,tr07-0568,O1-M2,train,281400,/data/gen/tokens/pn2018/tr07-0568__O1-M2.npy
pn2018,tr07-0568,tr07-0568,O2-M1,train,281400,/data/gen/tokens/pn2018/tr07-0568__O2-M1.npy
pn2018,tr07-0579,tr07-0579,F3-M2,train,248100,/data/gen/tokens/pn2018/tr07-0579__F3-M2.npy
pn2018,tr07-0579,tr07-0579,F4-M1,train,248100,/data/gen/tokens/pn2018/tr07-0579__F4-M1.npy
pn2018,tr07-0579,tr07-0579,C3-M2,train,248100,/data/gen/tokens/pn2018/tr07-0579__C3-M2.npy
pn2018,tr07-0579,tr07-0579,C4-M1,train,248100,/data/gen/tokens/pn2018/tr07-0579__C4-M1.npy
pn2018,tr07-0579,tr07-0579,O1-M2,train,248100,/data/gen/tokens/pn2018/tr07-0579__O1-M2.npy
pn2018,tr07-0579,tr07-0579,O2-M1,train,248100,/data/gen/tokens/pn2018/tr07-0579__O2-M1.npy
pn2018,tr07-0575,tr07-0575,F3-M2,train,280500,/data/gen/tokens/pn2018/tr07-0575__F3-M2.npy
pn2018,tr07-0575,tr07-0575,F4-M1,train,280500,/data/gen/tokens/pn2018/tr07-0575__F4-M1.npy
pn2018,tr07-0575,tr07-0575,C3-M2,train,280500,/data/gen/tokens/pn2018/tr07-0575__C3-M2.npy
pn2018,tr07-0575,tr07-0575,C4-M1,train,280500,/data/gen/tokens/pn2018/tr07-0575__C4-M1.npy
pn2018,tr07-0575,tr07-0575,O1-M2,train,280500,/data/gen/tokens/pn2018/tr07-0575__O1-M2.npy
pn2018,tr07-0575,tr07-0575,O2-M1,train,280500,/data/gen/tokens/pn2018/tr07-0575__O2-M1.npy
pn2018,tr07-0601,tr07-0601,F3-M2,train,282900,/data/gen/tokens/pn2018/tr07-0601__F3-M2.npy
pn2018,tr07-0601,tr07-0601,F4-M1,train,282900,/data/gen/tokens/pn2018/tr07-0601__F4-M1.npy
pn2018,tr07-0601,tr07-0601,C3-M2,train,282900,/data/gen/tokens/pn2018/tr07-0601__C3-M2.npy
pn2018,tr07-0601,tr07-0601,C4-M1,train,282900,/data/gen/tokens/pn2018/tr07-0601__C4-M1.npy
pn2018,tr07-0601,tr07-0601,O1-M2,train,282900,/data/gen/tokens/pn2018/tr07-0601__O1-M2.npy
pn2018,tr07-0601,tr07-0601,O2-M1,train,282900,/data/gen/tokens/pn2018/tr07-0601__O2-M1.npy
pn2018,tr07-0585,tr07-0585,F3-M2,train,289200,/data/gen/tokens/pn2018/tr07-0585__F3-M2.npy
pn2018,tr07-0585,tr07-0585,F4-M1,train,289200,/data/gen/tokens/pn2018/tr07-0585__F4-M1.npy
pn2018,tr07-0585,tr07-0585,C3-M2,train,289200,/data/gen/tokens/pn2018/tr07-0585__C3-M2.npy
pn2018,tr07-0585,tr07-0585,C4-M1,train,289200,/data/gen/tokens/pn2018/tr07-0585__C4-M1.npy
pn2018,tr07-0585,tr07-0585,O1-M2,train,289200,/data/gen/tokens/pn2018/tr07-0585__O1-M2.npy
pn2018,tr07-0585,tr07-0585,O2-M1,train,289200,/data/gen/tokens/pn2018/tr07-0585__O2-M1.npy
pn2018,tr07-0593,tr07-0593,F3-M2,train,246900,/data/gen/tokens/pn2018/tr07-0593__F3-M2.npy
pn2018,tr07-0593,tr07-0593,F4-M1,train,246900,/data/gen/tokens/pn2018/tr07-0593__F4-M1.npy
pn2018,tr07-0593,tr07-0593,C3-M2,train,246900,/data/gen/tokens/pn2018/tr07-0593__C3-M2.npy
pn2018,tr07-0593,tr07-0593,C4-M1,train,246900,/data/gen/tokens/pn2018/tr07-0593__C4-M1.npy
pn2018,tr07-0593,tr07-0593,O1-M2,train,246900,/data/gen/tokens/pn2018/tr07-0593__O1-M2.npy
pn2018,tr07-0593,tr07-0593,O2-M1,train,246900,/data/gen/tokens/pn2018/tr07-0593__O2-M1.npy
pn2018,tr07-0586,tr07-0586,F3-M2,train,268800,/data/gen/tokens/pn2018/tr07-0586__F3-M2.npy
pn2018,tr07-0586,tr07-0586,F4-M1,train,268800,/data/gen/tokens/pn2018/tr07-0586__F4-M1.npy
pn2018,tr07-0586,tr07-0586,C3-M2,train,268800,/data/gen/tokens/pn2018/tr07-0586__C3-M2.npy
pn2018,tr07-0586,tr07-0586,C4-M1,train,268800,/data/gen/tokens/pn2018/tr07-0586__C4-M1.npy
pn2018,tr07-0586,tr07-0586,O1-M2,train,268800,/data/gen/tokens/pn2018/tr07-0586__O1-M2.npy
pn2018,tr07-0586,tr07-0586,O2-M1,train,268800,/data/gen/tokens/pn2018/tr07-0586__O2-M1.npy
pn2018,tr07-0594,tr07-0594,F3-M2,train,321600,/data/gen/tokens/pn2018/tr07-0594__F3-M2.npy
pn2018,tr07-0594,tr07-0594,F4-M1,train,321600,/data/gen/tokens/pn2018/tr07-0594__F4-M1.npy
pn2018,tr07-0594,tr07-0594,C3-M2,train,321600,/data/gen/tokens/pn2018/tr07-0594__C3-M2.npy
pn2018,tr07-0594,tr07-0594,C4-M1,train,321600,/data/gen/tokens/pn2018/tr07-0594__C4-M1.npy
pn2018,tr07-0594,tr07-0594,O1-M2,train,321600,/data/gen/tokens/pn2018/tr07-0594__O1-M2.npy
pn2018,tr07-0594,tr07-0594,O2-M1,train,321600,/data/gen/tokens/pn2018/tr07-0594__O2-M1.npy
pn2018,tr07-0610,tr07-0610,F3-M2,train,282600,/data/gen/tokens/pn2018/tr07-0610__F3-M2.npy
pn2018,tr07-0610,tr07-0610,F4-M1,train,282600,/data/gen/tokens/pn2018/tr07-0610__F4-M1.npy
pn2018,tr07-0610,tr07-0610,C3-M2,train,282600,/data/gen/tokens/pn2018/tr07-0610__C3-M2.npy
pn2018,tr07-0610,tr07-0610,C4-M1,train,282600,/data/gen/tokens/pn2018/tr07-0610__C4-M1.npy
pn2018,tr07-0610,tr07-0610,O1-M2,train,282600,/data/gen/tokens/pn2018/tr07-0610__O1-M2.npy
pn2018,tr07-0610,tr07-0610,O2-M1,train,282600,/data/gen/tokens/pn2018/tr07-0610__O2-M1.npy
pn2018,tr07-0602,tr07-0602,F3-M2,train,243300,/data/gen/tokens/pn2018/tr07-0602__F3-M2.npy
pn2018,tr07-0602,tr07-0602,F4-M1,train,243300,/data/gen/tokens/pn2018/tr07-0602__F4-M1.npy
pn2018,tr07-0602,tr07-0602,C3-M2,train,243300,/data/gen/tokens/pn2018/tr07-0602__C3-M2.npy
pn2018,tr07-0602,tr07-0602,C4-M1,train,243300,/data/gen/tokens/pn2018/tr07-0602__C4-M1.npy
pn2018,tr07-0602,tr07-0602,O1-M2,train,243300,/data/gen/tokens/pn2018/tr07-0602__O1-M2.npy
pn2018,tr07-0602,tr07-0602,O2-M1,train,243300,/data/gen/tokens/pn2018/tr07-0602__O2-M1.npy
pn2018,tr07-0605,tr07-0605,F3-M2,train,315000,/data/gen/tokens/pn2018/tr07-0605__F3-M2.npy
pn2018,tr07-0605,tr07-0605,F4-M1,train,315000,/data/gen/tokens/pn2018/tr07-0605__F4-M1.npy
pn2018,tr07-0605,tr07-0605,C3-M2,train,315000,/data/gen/tokens/pn2018/tr07-0605__C3-M2.npy
pn2018,tr07-0605,tr07-0605,C4-M1,train,315000,/data/gen/tokens/pn2018/tr07-0605__C4-M1.npy
pn2018,tr07-0605,tr07-0605,O1-M2,train,315000,/data/gen/tokens/pn2018/tr07-0605__O1-M2.npy
pn2018,tr07-0605,tr07-0605,O2-M1,train,315000,/data/gen/tokens/pn2018/tr07-0605__O2-M1.npy
pn2018,tr07-0615,tr07-0615,F3-M2,train,259800,/data/gen/tokens/pn2018/tr07-0615__F3-M2.npy
pn2018,tr07-0615,tr07-0615,F4-M1,train,259800,/data/gen/tokens/pn2018/tr07-0615__F4-M1.npy
pn2018,tr07-0615,tr07-0615,C3-M2,train,259800,/data/gen/tokens/pn2018/tr07-0615__C3-M2.npy
pn2018,tr07-0615,tr07-0615,C4-M1,train,259800,/data/gen/tokens/pn2018/tr07-0615__C4-M1.npy
pn2018,tr07-0615,tr07-0615,O1-M2,train,259800,/data/gen/tokens/pn2018/tr07-0615__O1-M2.npy
pn2018,tr07-0615,tr07-0615,O2-M1,train,259800,/data/gen/tokens/pn2018/tr07-0615__O2-M1.npy
pn2018,tr07-0625,tr07-0625,F3-M2,train,303300,/data/gen/tokens/pn2018/tr07-0625__F3-M2.npy
pn2018,tr07-0625,tr07-0625,F4-M1,train,303300,/data/gen/tokens/pn2018/tr07-0625__F4-M1.npy
pn2018,tr07-0625,tr07-0625,C3-M2,train,303300,/data/gen/tokens/pn2018/tr07-0625__C3-M2.npy
pn2018,tr07-0625,tr07-0625,C4-M1,train,303300,/data/gen/tokens/pn2018/tr07-0625__C4-M1.npy
pn2018,tr07-0625,tr07-0625,O1-M2,train,303300,/data/gen/tokens/pn2018/tr07-0625__O1-M2.npy
pn2018,tr07-0625,tr07-0625,O2-M1,train,303300,/data/gen/tokens/pn2018/tr07-0625__O2-M1.npy
pn2018,tr07-0642,tr07-0642,F3-M2,train,283500,/data/gen/tokens/pn2018/tr07-0642__F3-M2.npy
pn2018,tr07-0642,tr07-0642,F4-M1,train,283500,/data/gen/tokens/pn2018/tr07-0642__F4-M1.npy
pn2018,tr07-0642,tr07-0642,C3-M2,train,283500,/data/gen/tokens/pn2018/tr07-0642__C3-M2.npy
pn2018,tr07-0642,tr07-0642,C4-M1,train,283500,/data/gen/tokens/pn2018/tr07-0642__C4-M1.npy
pn2018,tr07-0642,tr07-0642,O1-M2,train,283500,/data/gen/tokens/pn2018/tr07-0642__O1-M2.npy
pn2018,tr07-0642,tr07-0642,O2-M1,train,283500,/data/gen/tokens/pn2018/tr07-0642__O2-M1.npy
pn2018,tr07-0650,tr07-0650,F3-M2,train,280500,/data/gen/tokens/pn2018/tr07-0650__F3-M2.npy
pn2018,tr07-0650,tr07-0650,F4-M1,train,280500,/data/gen/tokens/pn2018/tr07-0650__F4-M1.npy
pn2018,tr07-0650,tr07-0650,C3-M2,train,280500,/data/gen/tokens/pn2018/tr07-0650__C3-M2.npy
pn2018,tr07-0650,tr07-0650,C4-M1,train,280500,/data/gen/tokens/pn2018/tr07-0650__C4-M1.npy
pn2018,tr07-0650,tr07-0650,O1-M2,train,280500,/data/gen/tokens/pn2018/tr07-0650__O1-M2.npy
pn2018,tr07-0650,tr07-0650,O2-M1,train,280500,/data/gen/tokens/pn2018/tr07-0650__O2-M1.npy
pn2018,tr07-0662,tr07-0662,F3-M2,train,280500,/data/gen/tokens/pn2018/tr07-0662__F3-M2.npy
pn2018,tr07-0662,tr07-0662,F4-M1,train,280500,/data/gen/tokens/pn2018/tr07-0662__F4-M1.npy
pn2018,tr07-0662,tr07-0662,C3-M2,train,280500,/data/gen/tokens/pn2018/tr07-0662__C3-M2.npy
pn2018,tr07-0662,tr07-0662,C4-M1,train,280500,/data/gen/tokens/pn2018/tr07-0662__C4-M1.npy
pn2018,tr07-0662,tr07-0662,O1-M2,train,280500,/data/gen/tokens/pn2018/tr07-0662__O1-M2.npy
pn2018,tr07-0662,tr07-0662,O2-M1,train,280500,/data/gen/tokens/pn2018/tr07-0662__O2-M1.npy
pn2018,tr07-0665,tr07-0665,F3-M2,heldout,249300,/data/gen/tokens/pn2018/tr07-0665__F3-M2.npy
pn2018,tr07-0665,tr07-0665,F4-M1,heldout,249300,/data/gen/tokens/pn2018/tr07-0665__F4-M1.npy
pn2018,tr07-0665,tr07-0665,C3-M2,heldout,249300,/data/gen/tokens/pn2018/tr07-0665__C3-M2.npy
pn2018,tr07-0665,tr07-0665,C4-M1,heldout,249300,/data/gen/tokens/pn2018/tr07-0665__C4-M1.npy
pn2018,tr07-0665,tr07-0665,O1-M2,heldout,249300,/data/gen/tokens/pn2018/tr07-0665__O1-M2.npy
pn2018,tr07-0665,tr07-0665,O2-M1,heldout,249300,/data/gen/tokens/pn2018/tr07-0665__O2-M1.npy
pn2018,tr07-0675,tr07-0675,F3-M2,train,233700,/data/gen/tokens/pn2018/tr07-0675__F3-M2.npy
pn2018,tr07-0675,tr07-0675,F4-M1,train,233700,/data/gen/tokens/pn2018/tr07-0675__F4-M1.npy
pn2018,tr07-0675,tr07-0675,C3-M2,train,233700,/data/gen/tokens/pn2018/tr07-0675__C3-M2.npy
pn2018,tr07-0675,tr07-0675,C4-M1,train,233700,/data/gen/tokens/pn2018/tr07-0675__C4-M1.npy
pn2018,tr07-0675,tr07-0675,O1-M2,train,233700,/data/gen/tokens/pn2018/tr07-0675__O1-M2.npy
pn2018,tr07-0675,tr07-0675,O2-M1,train,233700,/data/gen/tokens/pn2018/tr07-0675__O2-M1.npy
pn2018,tr07-0687,tr07-0687,F3-M2,train,265800,/data/gen/tokens/pn2018/tr07-0687__F3-M2.npy
pn2018,tr07-0687,tr07-0687,F4-M1,train,265800,/data/gen/tokens/pn2018/tr07-0687__F4-M1.npy
pn2018,tr07-0687,tr07-0687,C3-M2,train,265800,/data/gen/tokens/pn2018/tr07-0687__C3-M2.npy
pn2018,tr07-0687,tr07-0687,C4-M1,train,265800,/data/gen/tokens/pn2018/tr07-0687__C4-M1.npy
pn2018,tr07-0687,tr07-0687,O1-M2,train,265800,/data/gen/tokens/pn2018/tr07-0687__O1-M2.npy
pn2018,tr07-0687,tr07-0687,O2-M1,train,265800,/data/gen/tokens/pn2018/tr07-0687__O2-M1.npy
pn2018,tr07-0681,tr07-0681,F3-M2,train,252000,/data/gen/tokens/pn2018/tr07-0681__F3-M2.npy
pn2018,tr07-0681,tr07-0681,F4-M1,train,252000,/data/gen/tokens/pn2018/tr07-0681__F4-M1.npy
pn2018,tr07-0681,tr07-0681,C3-M2,train,252000,/data/gen/tokens/pn2018/tr07-0681__C3-M2.npy
pn2018,tr07-0681,tr07-0681,C4-M1,train,252000,/data/gen/tokens/pn2018/tr07-0681__C4-M1.npy
pn2018,tr07-0681,tr07-0681,O1-M2,train,252000,/data/gen/tokens/pn2018/tr07-0681__O1-M2.npy
pn2018,tr07-0681,tr07-0681,O2-M1,train,252000,/data/gen/tokens/pn2018/tr07-0681__O2-M1.npy
pn2018,tr07-0691,tr07-0691,F3-M2,train,259800,/data/gen/tokens/pn2018/tr07-0691__F3-M2.npy
pn2018,tr07-0691,tr07-0691,F4-M1,train,259800,/data/gen/tokens/pn2018/tr07-0691__F4-M1.npy
pn2018,tr07-0691,tr07-0691,C3-M2,train,259800,/data/gen/tokens/pn2018/tr07-0691__C3-M2.npy
pn2018,tr07-0691,tr07-0691,C4-M1,train,259800,/data/gen/tokens/pn2018/tr07-0691__C4-M1.npy
pn2018,tr07-0691,tr07-0691,O1-M2,train,259800,/data/gen/tokens/pn2018/tr07-0691__O1-M2.npy
pn2018,tr07-0691,tr07-0691,O2-M1,train,259800,/data/gen/tokens/pn2018/tr07-0691__O2-M1.npy
pn2018,tr07-0703,tr07-0703,F3-M2,train,277800,/data/gen/tokens/pn2018/tr07-0703__F3-M2.npy
pn2018,tr07-0703,tr07-0703,F4-M1,train,277800,/data/gen/tokens/pn2018/tr07-0703__F4-M1.npy
pn2018,tr07-0703,tr07-0703,C3-M2,train,277800,/data/gen/tokens/pn2018/tr07-0703__C3-M2.npy
pn2018,tr07-0703,tr07-0703,C4-M1,train,277800,/data/gen/tokens/pn2018/tr07-0703__C4-M1.npy
pn2018,tr07-0703,tr07-0703,O1-M2,train,277800,/data/gen/tokens/pn2018/tr07-0703__O1-M2.npy
pn2018,tr07-0703,tr07-0703,O2-M1,train,277800,/data/gen/tokens/pn2018/tr07-0703__O2-M1.npy
pn2018,tr07-0709,tr07-0709,F3-M2,train,242100,/data/gen/tokens/pn2018/tr07-0709__F3-M2.npy
pn2018,tr07-0709,tr07-0709,F4-M1,train,242100,/data/gen/tokens/pn2018/tr07-0709__F4-M1.npy
pn2018,tr07-0709,tr07-0709,C3-M2,train,242100,/data/gen/tokens/pn2018/tr07-0709__C3-M2.npy
pn2018,tr07-0709,tr07-0709,C4-M1,train,242100,/data/gen/tokens/pn2018/tr07-0709__C4-M1.npy
pn2018,tr07-0709,tr07-0709,O1-M2,train,242100,/data/gen/tokens/pn2018/tr07-0709__O1-M2.npy
pn2018,tr07-0709,tr07-0709,O2-M1,train,242100,/data/gen/tokens/pn2018/tr07-0709__O2-M1.npy
pn2018,tr07-0718,tr07-0718,F3-M2,train,282300,/data/gen/tokens/pn2018/tr07-0718__F3-M2.npy
pn2018,tr07-0718,tr07-0718,F4-M1,train,282300,/data/gen/tokens/pn2018/tr07-0718__F4-M1.npy
pn2018,tr07-0718,tr07-0718,C3-M2,train,282300,/data/gen/tokens/pn2018/tr07-0718__C3-M2.npy
pn2018,tr07-0718,tr07-0718,C4-M1,train,282300,/data/gen/tokens/pn2018/tr07-0718__C4-M1.npy
pn2018,tr07-0718,tr07-0718,O1-M2,train,282300,/data/gen/tokens/pn2018/tr07-0718__O1-M2.npy
pn2018,tr07-0718,tr07-0718,O2-M1,train,282300,/data/gen/tokens/pn2018/tr07-0718__O2-M1.npy
pn2018,tr07-0752,tr07-0752,F3-M2,train,271800,/data/gen/tokens/pn2018/tr07-0752__F3-M2.npy
pn2018,tr07-0752,tr07-0752,F4-M1,train,271800,/data/gen/tokens/pn2018/tr07-0752__F4-M1.npy
pn2018,tr07-0752,tr07-0752,C3-M2,train,271800,/data/gen/tokens/pn2018/tr07-0752__C3-M2.npy
pn2018,tr07-0752,tr07-0752,C4-M1,train,271800,/data/gen/tokens/pn2018/tr07-0752__C4-M1.npy
pn2018,tr07-0752,tr07-0752,O1-M2,train,271800,/data/gen/tokens/pn2018/tr07-0752__O1-M2.npy
pn2018,tr07-0752,tr07-0752,O2-M1,train,271800,/data/gen/tokens/pn2018/tr07-0752__O2-M1.npy
pn2018,tr07-0761,tr07-0761,F3-M2,train,291000,/data/gen/tokens/pn2018/tr07-0761__F3-M2.npy
pn2018,tr07-0761,tr07-0761,F4-M1,train,291000,/data/gen/tokens/pn2018/tr07-0761__F4-M1.npy
pn2018,tr07-0761,tr07-0761,C3-M2,train,291000,/data/gen/tokens/pn2018/tr07-0761__C3-M2.npy
pn2018,tr07-0761,tr07-0761,C4-M1,train,291000,/data/gen/tokens/pn2018/tr07-0761__C4-M1.npy
pn2018,tr07-0761,tr07-0761,O1-M2,train,291000,/data/gen/tokens/pn2018/tr07-0761__O1-M2.npy
pn2018,tr07-0761,tr07-0761,O2-M1,train,291000,/data/gen/tokens/pn2018/tr07-0761__O2-M1.npy
pn2018,tr07-0770,tr07-0770,F3-M2,train,280200,/data/gen/tokens/pn2018/tr07-0770__F3-M2.npy
pn2018,tr07-0770,tr07-0770,F4-M1,train,280200,/data/gen/tokens/pn2018/tr07-0770__F4-M1.npy
pn2018,tr07-0770,tr07-0770,C3-M2,train,280200,/data/gen/tokens/pn2018/tr07-0770__C3-M2.npy
pn2018,tr07-0770,tr07-0770,C4-M1,train,280200,/data/gen/tokens/pn2018/tr07-0770__C4-M1.npy
pn2018,tr07-0770,tr07-0770,O1-M2,train,280200,/data/gen/tokens/pn2018/tr07-0770__O1-M2.npy
pn2018,tr07-0770,tr07-0770,O2-M1,train,280200,/data/gen/tokens/pn2018/tr07-0770__O2-M1.npy
pn2018,tr07-0782,tr07-0782,F3-M2,train,257700,/data/gen/tokens/pn2018/tr07-0782__F3-M2.npy
pn2018,tr07-0782,tr07-0782,F4-M1,train,257700,/data/gen/tokens/pn2018/tr07-0782__F4-M1.npy
pn2018,tr07-0782,tr07-0782,C3-M2,train,257700,/data/gen/tokens/pn2018/tr07-0782__C3-M2.npy
pn2018,tr07-0782,tr07-0782,C4-M1,train,257700,/data/gen/tokens/pn2018/tr07-0782__C4-M1.npy
pn2018,tr07-0782,tr07-0782,O1-M2,train,257700,/data/gen/tokens/pn2018/tr07-0782__O1-M2.npy
pn2018,tr07-0782,tr07-0782,O2-M1,train,257700,/data/gen/tokens/pn2018/tr07-0782__O2-M1.npy
pn2018,tr07-0786,tr07-0786,F3-M2,train,298800,/data/gen/tokens/pn2018/tr07-0786__F3-M2.npy
pn2018,tr07-0786,tr07-0786,F4-M1,train,298800,/data/gen/tokens/pn2018/tr07-0786__F4-M1.npy
pn2018,tr07-0786,tr07-0786,C3-M2,train,298800,/data/gen/tokens/pn2018/tr07-0786__C3-M2.npy
pn2018,tr07-0786,tr07-0786,C4-M1,train,298800,/data/gen/tokens/pn2018/tr07-0786__C4-M1.npy
pn2018,tr07-0786,tr07-0786,O1-M2,train,298800,/data/gen/tokens/pn2018/tr07-0786__O1-M2.npy
pn2018,tr07-0786,tr07-0786,O2-M1,train,298800,/data/gen/tokens/pn2018/tr07-0786__O2-M1.npy
pn2018,tr07-0771,tr07-0771,F3-M2,train,305100,/data/gen/tokens/pn2018/tr07-0771__F3-M2.npy
pn2018,tr07-0771,tr07-0771,F4-M1,train,305100,/data/gen/tokens/pn2018/tr07-0771__F4-M1.npy
pn2018,tr07-0771,tr07-0771,C3-M2,train,305100,/data/gen/tokens/pn2018/tr07-0771__C3-M2.npy
pn2018,tr07-0771,tr07-0771,C4-M1,train,305100,/data/gen/tokens/pn2018/tr07-0771__C4-M1.npy
pn2018,tr07-0771,tr07-0771,O1-M2,train,305100,/data/gen/tokens/pn2018/tr07-0771__O1-M2.npy
pn2018,tr07-0771,tr07-0771,O2-M1,train,305100,/data/gen/tokens/pn2018/tr07-0771__O2-M1.npy
pn2018,tr07-0796,tr07-0796,F3-M2,train,283500,/data/gen/tokens/pn2018/tr07-0796__F3-M2.npy
pn2018,tr07-0796,tr07-0796,F4-M1,train,283500,/data/gen/tokens/pn2018/tr07-0796__F4-M1.npy
pn2018,tr07-0796,tr07-0796,C3-M2,train,283500,/data/gen/tokens/pn2018/tr07-0796__C3-M2.npy
pn2018,tr07-0796,tr07-0796,C4-M1,train,283500,/data/gen/tokens/pn2018/tr07-0796__C4-M1.npy
pn2018,tr07-0796,tr07-0796,O1-M2,train,283500,/data/gen/tokens/pn2018/tr07-0796__O1-M2.npy
pn2018,tr07-0796,tr07-0796,O2-M1,train,283500,/data/gen/tokens/pn2018/tr07-0796__O2-M1.npy
pn2018,tr07-0841,tr07-0841,F3-M2,train,287100,/data/gen/tokens/pn2018/tr07-0841__F3-M2.npy
pn2018,tr07-0841,tr07-0841,F4-M1,train,287100,/data/gen/tokens/pn2018/tr07-0841__F4-M1.npy
pn2018,tr07-0841,tr07-0841,C3-M2,train,287100,/data/gen/tokens/pn2018/tr07-0841__C3-M2.npy
pn2018,tr07-0841,tr07-0841,C4-M1,train,287100,/data/gen/tokens/pn2018/tr07-0841__C4-M1.npy
pn2018,tr07-0841,tr07-0841,O1-M2,train,287100,/data/gen/tokens/pn2018/tr07-0841__O1-M2.npy
pn2018,tr07-0841,tr07-0841,O2-M1,train,287100,/data/gen/tokens/pn2018/tr07-0841__O2-M1.npy
pn2018,tr07-0804,tr07-0804,F3-M2,train,297600,/data/gen/tokens/pn2018/tr07-0804__F3-M2.npy
pn2018,tr07-0804,tr07-0804,F4-M1,train,297600,/data/gen/tokens/pn2018/tr07-0804__F4-M1.npy
pn2018,tr07-0804,tr07-0804,C3-M2,train,297600,/data/gen/tokens/pn2018/tr07-0804__C3-M2.npy
pn2018,tr07-0804,tr07-0804,C4-M1,train,297600,/data/gen/tokens/pn2018/tr07-0804__C4-M1.npy
pn2018,tr07-0804,tr07-0804,O1-M2,train,297600,/data/gen/tokens/pn2018/tr07-0804__O1-M2.npy
pn2018,tr07-0804,tr07-0804,O2-M1,train,297600,/data/gen/tokens/pn2018/tr07-0804__O2-M1.npy
pn2018,tr07-0828,tr07-0828,F3-M2,heldout,224700,/data/gen/tokens/pn2018/tr07-0828__F3-M2.npy
pn2018,tr07-0828,tr07-0828,F4-M1,heldout,224700,/data/gen/tokens/pn2018/tr07-0828__F4-M1.npy
pn2018,tr07-0828,tr07-0828,C3-M2,heldout,224700,/data/gen/tokens/pn2018/tr07-0828__C3-M2.npy
pn2018,tr07-0828,tr07-0828,C4-M1,heldout,224700,/data/gen/tokens/pn2018/tr07-0828__C4-M1.npy
pn2018,tr07-0828,tr07-0828,O1-M2,heldout,224700,/data/gen/tokens/pn2018/tr07-0828__O1-M2.npy
pn2018,tr07-0828,tr07-0828,O2-M1,heldout,224700,/data/gen/tokens/pn2018/tr07-0828__O2-M1.npy
pn2018,tr07-0820,tr07-0820,F3-M2,train,252300,/data/gen/tokens/pn2018/tr07-0820__F3-M2.npy
pn2018,tr07-0820,tr07-0820,F4-M1,train,252300,/data/gen/tokens/pn2018/tr07-0820__F4-M1.npy
pn2018,tr07-0820,tr07-0820,C3-M2,train,252300,/data/gen/tokens/pn2018/tr07-0820__C3-M2.npy
pn2018,tr07-0820,tr07-0820,C4-M1,train,252300,/data/gen/tokens/pn2018/tr07-0820__C4-M1.npy
pn2018,tr07-0820,tr07-0820,O1-M2,train,252300,/data/gen/tokens/pn2018/tr07-0820__O1-M2.npy
pn2018,tr07-0820,tr07-0820,O2-M1,train,252300,/data/gen/tokens/pn2018/tr07-0820__O2-M1.npy
pn2018,tr07-0830,tr07-0830,F3-M2,train,264600,/data/gen/tokens/pn2018/tr07-0830__F3-M2.npy
pn2018,tr07-0830,tr07-0830,F4-M1,train,264600,/data/gen/tokens/pn2018/tr07-0830__F4-M1.npy
pn2018,tr07-0830,tr07-0830,C3-M2,train,264600,/data/gen/tokens/pn2018/tr07-0830__C3-M2.npy
pn2018,tr07-0830,tr07-0830,C4-M1,train,264600,/data/gen/tokens/pn2018/tr07-0830__C4-M1.npy
pn2018,tr07-0830,tr07-0830,O1-M2,train,264600,/data/gen/tokens/pn2018/tr07-0830__O1-M2.npy
pn2018,tr07-0830,tr07-0830,O2-M1,train,264600,/data/gen/tokens/pn2018/tr07-0830__O2-M1.npy
pn2018,tr07-0848,tr07-0848,F3-M2,train,271500,/data/gen/tokens/pn2018/tr07-0848__F3-M2.npy
pn2018,tr07-0848,tr07-0848,F4-M1,train,271500,/data/gen/tokens/pn2018/tr07-0848__F4-M1.npy
pn2018,tr07-0848,tr07-0848,C3-M2,train,271500,/data/gen/tokens/pn2018/tr07-0848__C3-M2.npy
pn2018,tr07-0848,tr07-0848,C4-M1,train,271500,/data/gen/tokens/pn2018/tr07-0848__C4-M1.npy
pn2018,tr07-0848,tr07-0848,O1-M2,train,271500,/data/gen/tokens/pn2018/tr07-0848__O1-M2.npy
pn2018,tr07-0848,tr07-0848,O2-M1,train,271500,/data/gen/tokens/pn2018/tr07-0848__O2-M1.npy
pn2018,tr07-0865,tr07-0865,F3-M2,train,309000,/data/gen/tokens/pn2018/tr07-0865__F3-M2.npy
pn2018,tr07-0865,tr07-0865,F4-M1,train,309000,/data/gen/tokens/pn2018/tr07-0865__F4-M1.npy
pn2018,tr07-0865,tr07-0865,C3-M2,train,309000,/data/gen/tokens/pn2018/tr07-0865__C3-M2.npy
pn2018,tr07-0865,tr07-0865,C4-M1,train,309000,/data/gen/tokens/pn2018/tr07-0865__C4-M1.npy
pn2018,tr07-0865,tr07-0865,O1-M2,train,309000,/data/gen/tokens/pn2018/tr07-0865__O1-M2.npy
pn2018,tr07-0865,tr07-0865,O2-M1,train,309000,/data/gen/tokens/pn2018/tr07-0865__O2-M1.npy
pn2018,tr07-0861,tr07-0861,F3-M2,heldout,287700,/data/gen/tokens/pn2018/tr07-0861__F3-M2.npy
pn2018,tr07-0861,tr07-0861,F4-M1,heldout,287700,/data/gen/tokens/pn2018/tr07-0861__F4-M1.npy
pn2018,tr07-0861,tr07-0861,C3-M2,heldout,287700,/data/gen/tokens/pn2018/tr07-0861__C3-M2.npy
pn2018,tr07-0861,tr07-0861,C4-M1,heldout,287700,/data/gen/tokens/pn2018/tr07-0861__C4-M1.npy
pn2018,tr07-0861,tr07-0861,O1-M2,heldout,287700,/data/gen/tokens/pn2018/tr07-0861__O1-M2.npy
pn2018,tr07-0861,tr07-0861,O2-M1,heldout,287700,/data/gen/tokens/pn2018/tr07-0861__O2-M1.npy
pn2018,tr07-0874,tr07-0874,F3-M2,train,295200,/data/gen/tokens/pn2018/tr07-0874__F3-M2.npy
pn2018,tr07-0874,tr07-0874,F4-M1,train,295200,/data/gen/tokens/pn2018/tr07-0874__F4-M1.npy
pn2018,tr07-0874,tr07-0874,C3-M2,train,295200,/data/gen/tokens/pn2018/tr07-0874__C3-M2.npy
pn2018,tr07-0874,tr07-0874,C4-M1,train,295200,/data/gen/tokens/pn2018/tr07-0874__C4-M1.npy
pn2018,tr07-0874,tr07-0874,O1-M2,train,295200,/data/gen/tokens/pn2018/tr07-0874__O1-M2.npy
pn2018,tr07-0874,tr07-0874,O2-M1,train,295200,/data/gen/tokens/pn2018/tr07-0874__O2-M1.npy
pn2018,tr07-0894,tr07-0894,F3-M2,train,268200,/data/gen/tokens/pn2018/tr07-0894__F3-M2.npy
pn2018,tr07-0894,tr07-0894,F4-M1,train,268200,/data/gen/tokens/pn2018/tr07-0894__F4-M1.npy
pn2018,tr07-0894,tr07-0894,C3-M2,train,268200,/data/gen/tokens/pn2018/tr07-0894__C3-M2.npy
pn2018,tr07-0894,tr07-0894,C4-M1,train,268200,/data/gen/tokens/pn2018/tr07-0894__C4-M1.npy
pn2018,tr07-0894,tr07-0894,O1-M2,train,268200,/data/gen/tokens/pn2018/tr07-0894__O1-M2.npy
pn2018,tr07-0894,tr07-0894,O2-M1,train,268200,/data/gen/tokens/pn2018/tr07-0894__O2-M1.npy
pn2018,tr07-0891,tr07-0891,F3-M2,train,313800,/data/gen/tokens/pn2018/tr07-0891__F3-M2.npy
pn2018,tr07-0891,tr07-0891,F4-M1,train,313800,/data/gen/tokens/pn2018/tr07-0891__F4-M1.npy
pn2018,tr07-0891,tr07-0891,C3-M2,train,313800,/data/gen/tokens/pn2018/tr07-0891__C3-M2.npy
pn2018,tr07-0891,tr07-0891,C4-M1,train,313800,/data/gen/tokens/pn2018/tr07-0891__C4-M1.npy
pn2018,tr07-0891,tr07-0891,O1-M2,train,313800,/data/gen/tokens/pn2018/tr07-0891__O1-M2.npy
pn2018,tr07-0891,tr07-0891,O2-M1,train,313800,/data/gen/tokens/pn2018/tr07-0891__O2-M1.npy
pn2018,tr07-0895,tr07-0895,F3-M2,train,305100,/data/gen/tokens/pn2018/tr07-0895__F3-M2.npy
pn2018,tr07-0895,tr07-0895,F4-M1,train,305100,/data/gen/tokens/pn2018/tr07-0895__F4-M1.npy
pn2018,tr07-0895,tr07-0895,C3-M2,train,305100,/data/gen/tokens/pn2018/tr07-0895__C3-M2.npy
pn2018,tr07-0895,tr07-0895,C4-M1,train,305100,/data/gen/tokens/pn2018/tr07-0895__C4-M1.npy
pn2018,tr07-0895,tr07-0895,O1-M2,train,305100,/data/gen/tokens/pn2018/tr07-0895__O1-M2.npy
pn2018,tr07-0895,tr07-0895,O2-M1,train,305100,/data/gen/tokens/pn2018/tr07-0895__O2-M1.npy
pn2018,tr07-0902,tr07-0902,F3-M2,train,305100,/data/gen/tokens/pn2018/tr07-0902__F3-M2.npy
pn2018,tr07-0902,tr07-0902,F4-M1,train,305100,/data/gen/tokens/pn2018/tr07-0902__F4-M1.npy
pn2018,tr07-0902,tr07-0902,C3-M2,train,305100,/data/gen/tokens/pn2018/tr07-0902__C3-M2.npy
pn2018,tr07-0902,tr07-0902,C4-M1,train,305100,/data/gen/tokens/pn2018/tr07-0902__C4-M1.npy
pn2018,tr07-0902,tr07-0902,O1-M2,train,305100,/data/gen/tokens/pn2018/tr07-0902__O1-M2.npy
pn2018,tr07-0902,tr07-0902,O2-M1,train,305100,/data/gen/tokens/pn2018/tr07-0902__O2-M1.npy
pn2018,tr07-0906,tr07-0906,F3-M2,train,290100,/data/gen/tokens/pn2018/tr07-0906__F3-M2.npy
pn2018,tr07-0906,tr07-0906,F4-M1,train,290100,/data/gen/tokens/pn2018/tr07-0906__F4-M1.npy
pn2018,tr07-0906,tr07-0906,C3-M2,train,290100,/data/gen/tokens/pn2018/tr07-0906__C3-M2.npy
pn2018,tr07-0906,tr07-0906,C4-M1,train,290100,/data/gen/tokens/pn2018/tr07-0906__C4-M1.npy
pn2018,tr07-0906,tr07-0906,O1-M2,train,290100,/data/gen/tokens/pn2018/tr07-0906__O1-M2.npy
pn2018,tr07-0906,tr07-0906,O2-M1,train,290100,/data/gen/tokens/pn2018/tr07-0906__O2-M1.npy
pn2018,tr07-0909,tr07-0909,F3-M2,train,249000,/data/gen/tokens/pn2018/tr07-0909__F3-M2.npy
pn2018,tr07-0909,tr07-0909,F4-M1,train,249000,/data/gen/tokens/pn2018/tr07-0909__F4-M1.npy
pn2018,tr07-0909,tr07-0909,C3-M2,train,249000,/data/gen/tokens/pn2018/tr07-0909__C3-M2.npy
pn2018,tr07-0909,tr07-0909,C4-M1,train,249000,/data/gen/tokens/pn2018/tr07-0909__C4-M1.npy
pn2018,tr07-0909,tr07-0909,O1-M2,train,249000,/data/gen/tokens/pn2018/tr07-0909__O1-M2.npy
pn2018,tr07-0909,tr07-0909,O2-M1,train,249000,/data/gen/tokens/pn2018/tr07-0909__O2-M1.npy
pn2018,tr07-0913,tr07-0913,F3-M2,train,295500,/data/gen/tokens/pn2018/tr07-0913__F3-M2.npy
pn2018,tr07-0913,tr07-0913,F4-M1,train,295500,/data/gen/tokens/pn2018/tr07-0913__F4-M1.npy
pn2018,tr07-0913,tr07-0913,C3-M2,train,295500,/data/gen/tokens/pn2018/tr07-0913__C3-M2.npy
pn2018,tr07-0913,tr07-0913,C4-M1,train,295500,/data/gen/tokens/pn2018/tr07-0913__C4-M1.npy
pn2018,tr07-0913,tr07-0913,O1-M2,train,295500,/data/gen/tokens/pn2018/tr07-0913__O1-M2.npy
pn2018,tr07-0913,tr07-0913,O2-M1,train,295500,/data/gen/tokens/pn2018/tr07-0913__O2-M1.npy
pn2018,tr08-0010,tr08-0010,F3-M2,train,262200,/data/gen/tokens/pn2018/tr08-0010__F3-M2.npy
pn2018,tr08-0010,tr08-0010,F4-M1,train,262200,/data/gen/tokens/pn2018/tr08-0010__F4-M1.npy
pn2018,tr08-0010,tr08-0010,C3-M2,train,262200,/data/gen/tokens/pn2018/tr08-0010__C3-M2.npy
pn2018,tr08-0010,tr08-0010,C4-M1,train,262200,/data/gen/tokens/pn2018/tr08-0010__C4-M1.npy
pn2018,tr08-0010,tr08-0010,O1-M2,train,262200,/data/gen/tokens/pn2018/tr08-0010__O1-M2.npy
pn2018,tr08-0010,tr08-0010,O2-M1,train,262200,/data/gen/tokens/pn2018/tr08-0010__O2-M1.npy
pn2018,tr07-0918,tr07-0918,F3-M2,heldout,306300,/data/gen/tokens/pn2018/tr07-0918__F3-M2.npy
pn2018,tr07-0918,tr07-0918,F4-M1,heldout,306300,/data/gen/tokens/pn2018/tr07-0918__F4-M1.npy
pn2018,tr07-0918,tr07-0918,C3-M2,heldout,306300,/data/gen/tokens/pn2018/tr07-0918__C3-M2.npy
pn2018,tr07-0918,tr07-0918,C4-M1,heldout,306300,/data/gen/tokens/pn2018/tr07-0918__C4-M1.npy
pn2018,tr07-0918,tr07-0918,O1-M2,heldout,306300,/data/gen/tokens/pn2018/tr07-0918__O1-M2.npy
pn2018,tr07-0918,tr07-0918,O2-M1,heldout,306300,/data/gen/tokens/pn2018/tr07-0918__O2-M1.npy
pn2018,tr08-0012,tr08-0012,F3-M2,train,302400,/data/gen/tokens/pn2018/tr08-0012__F3-M2.npy
pn2018,tr08-0012,tr08-0012,F4-M1,train,302400,/data/gen/tokens/pn2018/tr08-0012__F4-M1.npy
pn2018,tr08-0012,tr08-0012,C3-M2,train,302400,/data/gen/tokens/pn2018/tr08-0012__C3-M2.npy
pn2018,tr08-0012,tr08-0012,C4-M1,train,302400,/data/gen/tokens/pn2018/tr08-0012__C4-M1.npy
pn2018,tr08-0012,tr08-0012,O1-M2,train,302400,/data/gen/tokens/pn2018/tr08-0012__O1-M2.npy
pn2018,tr08-0012,tr08-0012,O2-M1,train,302400,/data/gen/tokens/pn2018/tr08-0012__O2-M1.npy
pn2018,tr08-0021,tr08-0021,F3-M2,train,311700,/data/gen/tokens/pn2018/tr08-0021__F3-M2.npy
pn2018,tr08-0021,tr08-0021,F4-M1,train,311700,/data/gen/tokens/pn2018/tr08-0021__F4-M1.npy
pn2018,tr08-0021,tr08-0021,C3-M2,train,311700,/data/gen/tokens/pn2018/tr08-0021__C3-M2.npy
pn2018,tr08-0021,tr08-0021,C4-M1,train,311700,/data/gen/tokens/pn2018/tr08-0021__C4-M1.npy
pn2018,tr08-0021,tr08-0021,O1-M2,train,311700,/data/gen/tokens/pn2018/tr08-0021__O1-M2.npy
pn2018,tr08-0021,tr08-0021,O2-M1,train,311700,/data/gen/tokens/pn2018/tr08-0021__O2-M1.npy
pn2018,tr08-0030,tr08-0030,F3-M2,heldout,294300,/data/gen/tokens/pn2018/tr08-0030__F3-M2.npy
pn2018,tr08-0030,tr08-0030,F4-M1,heldout,294300,/data/gen/tokens/pn2018/tr08-0030__F4-M1.npy
pn2018,tr08-0030,tr08-0030,C3-M2,heldout,294300,/data/gen/tokens/pn2018/tr08-0030__C3-M2.npy
pn2018,tr08-0030,tr08-0030,C4-M1,heldout,294300,/data/gen/tokens/pn2018/tr08-0030__C4-M1.npy
pn2018,tr08-0030,tr08-0030,O1-M2,heldout,294300,/data/gen/tokens/pn2018/tr08-0030__O1-M2.npy
pn2018,tr08-0030,tr08-0030,O2-M1,heldout,294300,/data/gen/tokens/pn2018/tr08-0030__O2-M1.npy
pn2018,tr08-0105,tr08-0105,F3-M2,heldout,242700,/data/gen/tokens/pn2018/tr08-0105__F3-M2.npy
pn2018,tr08-0105,tr08-0105,F4-M1,heldout,242700,/data/gen/tokens/pn2018/tr08-0105__F4-M1.npy
pn2018,tr08-0105,tr08-0105,C3-M2,heldout,242700,/data/gen/tokens/pn2018/tr08-0105__C3-M2.npy
pn2018,tr08-0105,tr08-0105,C4-M1,heldout,242700,/data/gen/tokens/pn2018/tr08-0105__C4-M1.npy
pn2018,tr08-0105,tr08-0105,O1-M2,heldout,242700,/data/gen/tokens/pn2018/tr08-0105__O1-M2.npy
pn2018,tr08-0105,tr08-0105,O2-M1,heldout,242700,/data/gen/tokens/pn2018/tr08-0105__O2-M1.npy
pn2018,tr08-0111,tr08-0111,F3-M2,train,255600,/data/gen/tokens/pn2018/tr08-0111__F3-M2.npy
pn2018,tr08-0111,tr08-0111,F4-M1,train,255600,/data/gen/tokens/pn2018/tr08-0111__F4-M1.npy
pn2018,tr08-0111,tr08-0111,C3-M2,train,255600,/data/gen/tokens/pn2018/tr08-0111__C3-M2.npy
pn2018,tr08-0111,tr08-0111,C4-M1,train,255600,/data/gen/tokens/pn2018/tr08-0111__C4-M1.npy
pn2018,tr08-0111,tr08-0111,O1-M2,train,255600,/data/gen/tokens/pn2018/tr08-0111__O1-M2.npy
pn2018,tr08-0111,tr08-0111,O2-M1,train,255600,/data/gen/tokens/pn2018/tr08-0111__O2-M1.npy
pn2018,tr08-0113,tr08-0113,F3-M2,train,279000,/data/gen/tokens/pn2018/tr08-0113__F3-M2.npy
pn2018,tr08-0113,tr08-0113,F4-M1,train,279000,/data/gen/tokens/pn2018/tr08-0113__F4-M1.npy
pn2018,tr08-0113,tr08-0113,C3-M2,train,279000,/data/gen/tokens/pn2018/tr08-0113__C3-M2.npy
pn2018,tr08-0113,tr08-0113,C4-M1,train,279000,/data/gen/tokens/pn2018/tr08-0113__C4-M1.npy
pn2018,tr08-0113,tr08-0113,O1-M2,train,279000,/data/gen/tokens/pn2018/tr08-0113__O1-M2.npy
pn2018,tr08-0113,tr08-0113,O2-M1,train,279000,/data/gen/tokens/pn2018/tr08-0113__O2-M1.npy
pn2018,tr08-0156,tr08-0156,F3-M2,train,268800,/data/gen/tokens/pn2018/tr08-0156__F3-M2.npy
pn2018,tr08-0156,tr08-0156,F4-M1,train,268800,/data/gen/tokens/pn2018/tr08-0156__F4-M1.npy
pn2018,tr08-0156,tr08-0156,C3-M2,train,268800,/data/gen/tokens/pn2018/tr08-0156__C3-M2.npy
pn2018,tr08-0156,tr08-0156,C4-M1,train,268800,/data/gen/tokens/pn2018/tr08-0156__C4-M1.npy
pn2018,tr08-0156,tr08-0156,O1-M2,train,268800,/data/gen/tokens/pn2018/tr08-0156__O1-M2.npy
pn2018,tr08-0156,tr08-0156,O2-M1,train,268800,/data/gen/tokens/pn2018/tr08-0156__O2-M1.npy
pn2018,tr08-0139,tr08-0139,F3-M2,train,285900,/data/gen/tokens/pn2018/tr08-0139__F3-M2.npy
pn2018,tr08-0139,tr08-0139,F4-M1,train,285900,/data/gen/tokens/pn2018/tr08-0139__F4-M1.npy
pn2018,tr08-0139,tr08-0139,C3-M2,train,285900,/data/gen/tokens/pn2018/tr08-0139__C3-M2.npy
pn2018,tr08-0139,tr08-0139,C4-M1,train,285900,/data/gen/tokens/pn2018/tr08-0139__C4-M1.npy
pn2018,tr08-0139,tr08-0139,O1-M2,train,285900,/data/gen/tokens/pn2018/tr08-0139__O1-M2.npy
pn2018,tr08-0139,tr08-0139,O2-M1,train,285900,/data/gen/tokens/pn2018/tr08-0139__O2-M1.npy
pn2018,tr08-0140,tr08-0140,F3-M2,train,272700,/data/gen/tokens/pn2018/tr08-0140__F3-M2.npy
pn2018,tr08-0140,tr08-0140,F4-M1,train,272700,/data/gen/tokens/pn2018/tr08-0140__F4-M1.npy
pn2018,tr08-0140,tr08-0140,C3-M2,train,272700,/data/gen/tokens/pn2018/tr08-0140__C3-M2.npy
pn2018,tr08-0140,tr08-0140,C4-M1,train,272700,/data/gen/tokens/pn2018/tr08-0140__C4-M1.npy
pn2018,tr08-0140,tr08-0140,O1-M2,train,272700,/data/gen/tokens/pn2018/tr08-0140__O1-M2.npy
pn2018,tr08-0140,tr08-0140,O2-M1,train,272700,/data/gen/tokens/pn2018/tr08-0140__O2-M1.npy
pn2018,tr08-0137,tr08-0137,F3-M2,train,293700,/data/gen/tokens/pn2018/tr08-0137__F3-M2.npy
pn2018,tr08-0137,tr08-0137,F4-M1,train,293700,/data/gen/tokens/pn2018/tr08-0137__F4-M1.npy
pn2018,tr08-0137,tr08-0137,C3-M2,train,293700,/data/gen/tokens/pn2018/tr08-0137__C3-M2.npy
pn2018,tr08-0137,tr08-0137,C4-M1,train,293700,/data/gen/tokens/pn2018/tr08-0137__C4-M1.npy
pn2018,tr08-0137,tr08-0137,O1-M2,train,293700,/data/gen/tokens/pn2018/tr08-0137__O1-M2.npy
pn2018,tr08-0137,tr08-0137,O2-M1,train,293700,/data/gen/tokens/pn2018/tr08-0137__O2-M1.npy
pn2018,tr08-0159,tr08-0159,F3-M2,train,248100,/data/gen/tokens/pn2018/tr08-0159__F3-M2.npy
pn2018,tr08-0159,tr08-0159,F4-M1,train,248100,/data/gen/tokens/pn2018/tr08-0159__F4-M1.npy
pn2018,tr08-0159,tr08-0159,C3-M2,train,248100,/data/gen/tokens/pn2018/tr08-0159__C3-M2.npy
pn2018,tr08-0159,tr08-0159,C4-M1,train,248100,/data/gen/tokens/pn2018/tr08-0159__C4-M1.npy
pn2018,tr08-0159,tr08-0159,O1-M2,train,248100,/data/gen/tokens/pn2018/tr08-0159__O1-M2.npy
pn2018,tr08-0159,tr08-0159,O2-M1,train,248100,/data/gen/tokens/pn2018/tr08-0159__O2-M1.npy
pn2018,tr08-0157,tr08-0157,F3-M2,train,275100,/data/gen/tokens/pn2018/tr08-0157__F3-M2.npy
pn2018,tr08-0157,tr08-0157,F4-M1,train,275100,/data/gen/tokens/pn2018/tr08-0157__F4-M1.npy
pn2018,tr08-0157,tr08-0157,C3-M2,train,275100,/data/gen/tokens/pn2018/tr08-0157__C3-M2.npy
pn2018,tr08-0157,tr08-0157,C4-M1,train,275100,/data/gen/tokens/pn2018/tr08-0157__C4-M1.npy
pn2018,tr08-0157,tr08-0157,O1-M2,train,275100,/data/gen/tokens/pn2018/tr08-0157__O1-M2.npy
pn2018,tr08-0157,tr08-0157,O2-M1,train,275100,/data/gen/tokens/pn2018/tr08-0157__O2-M1.npy
pn2018,tr08-0183,tr08-0183,F3-M2,train,288900,/data/gen/tokens/pn2018/tr08-0183__F3-M2.npy
pn2018,tr08-0183,tr08-0183,F4-M1,train,288900,/data/gen/tokens/pn2018/tr08-0183__F4-M1.npy
pn2018,tr08-0183,tr08-0183,C3-M2,train,288900,/data/gen/tokens/pn2018/tr08-0183__C3-M2.npy
pn2018,tr08-0183,tr08-0183,C4-M1,train,288900,/data/gen/tokens/pn2018/tr08-0183__C4-M1.npy
pn2018,tr08-0183,tr08-0183,O1-M2,train,288900,/data/gen/tokens/pn2018/tr08-0183__O1-M2.npy
pn2018,tr08-0183,tr08-0183,O2-M1,train,288900,/data/gen/tokens/pn2018/tr08-0183__O2-M1.npy
pn2018,tr08-0192,tr08-0192,F3-M2,train,270600,/data/gen/tokens/pn2018/tr08-0192__F3-M2.npy
pn2018,tr08-0192,tr08-0192,F4-M1,train,270600,/data/gen/tokens/pn2018/tr08-0192__F4-M1.npy
pn2018,tr08-0192,tr08-0192,C3-M2,train,270600,/data/gen/tokens/pn2018/tr08-0192__C3-M2.npy
pn2018,tr08-0192,tr08-0192,C4-M1,train,270600,/data/gen/tokens/pn2018/tr08-0192__C4-M1.npy
pn2018,tr08-0192,tr08-0192,O1-M2,train,270600,/data/gen/tokens/pn2018/tr08-0192__O1-M2.npy
pn2018,tr08-0192,tr08-0192,O2-M1,train,270600,/data/gen/tokens/pn2018/tr08-0192__O2-M1.npy
pn2018,tr08-0168,tr08-0168,F3-M2,train,293700,/data/gen/tokens/pn2018/tr08-0168__F3-M2.npy
pn2018,tr08-0168,tr08-0168,F4-M1,train,293700,/data/gen/tokens/pn2018/tr08-0168__F4-M1.npy
pn2018,tr08-0168,tr08-0168,C3-M2,train,293700,/data/gen/tokens/pn2018/tr08-0168__C3-M2.npy
pn2018,tr08-0168,tr08-0168,C4-M1,train,293700,/data/gen/tokens/pn2018/tr08-0168__C4-M1.npy
pn2018,tr08-0168,tr08-0168,O1-M2,train,293700,/data/gen/tokens/pn2018/tr08-0168__O1-M2.npy
pn2018,tr08-0168,tr08-0168,O2-M1,train,293700,/data/gen/tokens/pn2018/tr08-0168__O2-M1.npy
pn2018,tr08-0245,tr08-0245,F3-M2,train,282600,/data/gen/tokens/pn2018/tr08-0245__F3-M2.npy
pn2018,tr08-0245,tr08-0245,F4-M1,train,282600,/data/gen/tokens/pn2018/tr08-0245__F4-M1.npy
pn2018,tr08-0245,tr08-0245,C3-M2,train,282600,/data/gen/tokens/pn2018/tr08-0245__C3-M2.npy
pn2018,tr08-0245,tr08-0245,C4-M1,train,282600,/data/gen/tokens/pn2018/tr08-0245__C4-M1.npy
pn2018,tr08-0245,tr08-0245,O1-M2,train,282600,/data/gen/tokens/pn2018/tr08-0245__O1-M2.npy
pn2018,tr08-0245,tr08-0245,O2-M1,train,282600,/data/gen/tokens/pn2018/tr08-0245__O2-M1.npy
pn2018,tr08-0214,tr08-0214,F3-M2,train,316500,/data/gen/tokens/pn2018/tr08-0214__F3-M2.npy
pn2018,tr08-0214,tr08-0214,F4-M1,train,316500,/data/gen/tokens/pn2018/tr08-0214__F4-M1.npy
pn2018,tr08-0214,tr08-0214,C3-M2,train,316500,/data/gen/tokens/pn2018/tr08-0214__C3-M2.npy
pn2018,tr08-0214,tr08-0214,C4-M1,train,316500,/data/gen/tokens/pn2018/tr08-0214__C4-M1.npy
pn2018,tr08-0214,tr08-0214,O1-M2,train,316500,/data/gen/tokens/pn2018/tr08-0214__O1-M2.npy
pn2018,tr08-0214,tr08-0214,O2-M1,train,316500,/data/gen/tokens/pn2018/tr08-0214__O2-M1.npy
pn2018,tr08-0277,tr08-0277,F3-M2,train,269100,/data/gen/tokens/pn2018/tr08-0277__F3-M2.npy
pn2018,tr08-0277,tr08-0277,F4-M1,train,269100,/data/gen/tokens/pn2018/tr08-0277__F4-M1.npy
pn2018,tr08-0277,tr08-0277,C3-M2,train,269100,/data/gen/tokens/pn2018/tr08-0277__C3-M2.npy
pn2018,tr08-0277,tr08-0277,C4-M1,train,269100,/data/gen/tokens/pn2018/tr08-0277__C4-M1.npy
pn2018,tr08-0277,tr08-0277,O1-M2,train,269100,/data/gen/tokens/pn2018/tr08-0277__O1-M2.npy
pn2018,tr08-0277,tr08-0277,O2-M1,train,269100,/data/gen/tokens/pn2018/tr08-0277__O2-M1.npy
pn2018,tr08-0266,tr08-0266,F3-M2,train,282300,/data/gen/tokens/pn2018/tr08-0266__F3-M2.npy
pn2018,tr08-0266,tr08-0266,F4-M1,train,282300,/data/gen/tokens/pn2018/tr08-0266__F4-M1.npy
pn2018,tr08-0266,tr08-0266,C3-M2,train,282300,/data/gen/tokens/pn2018/tr08-0266__C3-M2.npy
pn2018,tr08-0266,tr08-0266,C4-M1,train,282300,/data/gen/tokens/pn2018/tr08-0266__C4-M1.npy
pn2018,tr08-0266,tr08-0266,O1-M2,train,282300,/data/gen/tokens/pn2018/tr08-0266__O1-M2.npy
pn2018,tr08-0266,tr08-0266,O2-M1,train,282300,/data/gen/tokens/pn2018/tr08-0266__O2-M1.npy
pn2018,tr08-0256,tr08-0256,F3-M2,train,287700,/data/gen/tokens/pn2018/tr08-0256__F3-M2.npy
pn2018,tr08-0256,tr08-0256,F4-M1,train,287700,/data/gen/tokens/pn2018/tr08-0256__F4-M1.npy
pn2018,tr08-0256,tr08-0256,C3-M2,train,287700,/data/gen/tokens/pn2018/tr08-0256__C3-M2.npy
pn2018,tr08-0256,tr08-0256,C4-M1,train,287700,/data/gen/tokens/pn2018/tr08-0256__C4-M1.npy
pn2018,tr08-0256,tr08-0256,O1-M2,train,287700,/data/gen/tokens/pn2018/tr08-0256__O1-M2.npy
pn2018,tr08-0256,tr08-0256,O2-M1,train,287700,/data/gen/tokens/pn2018/tr08-0256__O2-M1.npy
pn2018,tr08-0303,tr08-0303,F3-M2,train,238500,/data/gen/tokens/pn2018/tr08-0303__F3-M2.npy
pn2018,tr08-0303,tr08-0303,F4-M1,train,238500,/data/gen/tokens/pn2018/tr08-0303__F4-M1.npy
pn2018,tr08-0303,tr08-0303,C3-M2,train,238500,/data/gen/tokens/pn2018/tr08-0303__C3-M2.npy
pn2018,tr08-0303,tr08-0303,C4-M1,train,238500,/data/gen/tokens/pn2018/tr08-0303__C4-M1.npy
pn2018,tr08-0303,tr08-0303,O1-M2,train,238500,/data/gen/tokens/pn2018/tr08-0303__O1-M2.npy
pn2018,tr08-0303,tr08-0303,O2-M1,train,238500,/data/gen/tokens/pn2018/tr08-0303__O2-M1.npy
pn2018,tr08-0287,tr08-0287,F3-M2,train,262200,/data/gen/tokens/pn2018/tr08-0287__F3-M2.npy
pn2018,tr08-0287,tr08-0287,F4-M1,train,262200,/data/gen/tokens/pn2018/tr08-0287__F4-M1.npy
pn2018,tr08-0287,tr08-0287,C3-M2,train,262200,/data/gen/tokens/pn2018/tr08-0287__C3-M2.npy
pn2018,tr08-0287,tr08-0287,C4-M1,train,262200,/data/gen/tokens/pn2018/tr08-0287__C4-M1.npy
pn2018,tr08-0287,tr08-0287,O1-M2,train,262200,/data/gen/tokens/pn2018/tr08-0287__O1-M2.npy
pn2018,tr08-0287,tr08-0287,O2-M1,train,262200,/data/gen/tokens/pn2018/tr08-0287__O2-M1.npy
pn2018,tr08-0280,tr08-0280,F3-M2,train,276300,/data/gen/tokens/pn2018/tr08-0280__F3-M2.npy
pn2018,tr08-0280,tr08-0280,F4-M1,train,276300,/data/gen/tokens/pn2018/tr08-0280__F4-M1.npy
pn2018,tr08-0280,tr08-0280,C3-M2,train,276300,/data/gen/tokens/pn2018/tr08-0280__C3-M2.npy
pn2018,tr08-0280,tr08-0280,C4-M1,train,276300,/data/gen/tokens/pn2018/tr08-0280__C4-M1.npy
pn2018,tr08-0280,tr08-0280,O1-M2,train,276300,/data/gen/tokens/pn2018/tr08-0280__O1-M2.npy
pn2018,tr08-0280,tr08-0280,O2-M1,train,276300,/data/gen/tokens/pn2018/tr08-0280__O2-M1.npy
pn2018,tr08-0310,tr08-0310,F3-M2,heldout,241200,/data/gen/tokens/pn2018/tr08-0310__F3-M2.npy
pn2018,tr08-0310,tr08-0310,F4-M1,heldout,241200,/data/gen/tokens/pn2018/tr08-0310__F4-M1.npy
pn2018,tr08-0310,tr08-0310,C3-M2,heldout,241200,/data/gen/tokens/pn2018/tr08-0310__C3-M2.npy
pn2018,tr08-0310,tr08-0310,C4-M1,heldout,241200,/data/gen/tokens/pn2018/tr08-0310__C4-M1.npy
pn2018,tr08-0310,tr08-0310,O1-M2,heldout,241200,/data/gen/tokens/pn2018/tr08-0310__O1-M2.npy
pn2018,tr08-0310,tr08-0310,O2-M1,heldout,241200,/data/gen/tokens/pn2018/tr08-0310__O2-M1.npy
pn2018,tr08-0295,tr08-0295,F3-M2,train,268800,/data/gen/tokens/pn2018/tr08-0295__F3-M2.npy
pn2018,tr08-0295,tr08-0295,F4-M1,train,268800,/data/gen/tokens/pn2018/tr08-0295__F4-M1.npy
pn2018,tr08-0295,tr08-0295,C3-M2,train,268800,/data/gen/tokens/pn2018/tr08-0295__C3-M2.npy
pn2018,tr08-0295,tr08-0295,C4-M1,train,268800,/data/gen/tokens/pn2018/tr08-0295__C4-M1.npy
pn2018,tr08-0295,tr08-0295,O1-M2,train,268800,/data/gen/tokens/pn2018/tr08-0295__O1-M2.npy
pn2018,tr08-0295,tr08-0295,O2-M1,train,268800,/data/gen/tokens/pn2018/tr08-0295__O2-M1.npy
pn2018,tr08-0314,tr08-0314,F3-M2,train,257700,/data/gen/tokens/pn2018/tr08-0314__F3-M2.npy
pn2018,tr08-0314,tr08-0314,F4-M1,train,257700,/data/gen/tokens/pn2018/tr08-0314__F4-M1.npy
pn2018,tr08-0314,tr08-0314,C3-M2,train,257700,/data/gen/tokens/pn2018/tr08-0314__C3-M2.npy
pn2018,tr08-0314,tr08-0314,C4-M1,train,257700,/data/gen/tokens/pn2018/tr08-0314__C4-M1.npy
pn2018,tr08-0314,tr08-0314,O1-M2,train,257700,/data/gen/tokens/pn2018/tr08-0314__O1-M2.npy
pn2018,tr08-0314,tr08-0314,O2-M1,train,257700,/data/gen/tokens/pn2018/tr08-0314__O2-M1.npy
pn2018,tr08-0315,tr08-0315,F3-M2,train,289800,/data/gen/tokens/pn2018/tr08-0315__F3-M2.npy
pn2018,tr08-0315,tr08-0315,F4-M1,train,289800,/data/gen/tokens/pn2018/tr08-0315__F4-M1.npy
pn2018,tr08-0315,tr08-0315,C3-M2,train,289800,/data/gen/tokens/pn2018/tr08-0315__C3-M2.npy
pn2018,tr08-0315,tr08-0315,C4-M1,train,289800,/data/gen/tokens/pn2018/tr08-0315__C4-M1.npy
pn2018,tr08-0315,tr08-0315,O1-M2,train,289800,/data/gen/tokens/pn2018/tr08-0315__O1-M2.npy
pn2018,tr08-0315,tr08-0315,O2-M1,train,289800,/data/gen/tokens/pn2018/tr08-0315__O2-M1.npy
pn2018,tr08-0351,tr08-0351,F3-M2,train,288000,/data/gen/tokens/pn2018/tr08-0351__F3-M2.npy
pn2018,tr08-0351,tr08-0351,F4-M1,train,288000,/data/gen/tokens/pn2018/tr08-0351__F4-M1.npy
pn2018,tr08-0351,tr08-0351,C3-M2,train,288000,/data/gen/tokens/pn2018/tr08-0351__C3-M2.npy
pn2018,tr08-0351,tr08-0351,C4-M1,train,288000,/data/gen/tokens/pn2018/tr08-0351__C4-M1.npy
pn2018,tr08-0351,tr08-0351,O1-M2,train,288000,/data/gen/tokens/pn2018/tr08-0351__O1-M2.npy
pn2018,tr08-0351,tr08-0351,O2-M1,train,288000,/data/gen/tokens/pn2018/tr08-0351__O2-M1.npy
pn2018,tr08-0336,tr08-0336,F3-M2,train,283200,/data/gen/tokens/pn2018/tr08-0336__F3-M2.npy
pn2018,tr08-0336,tr08-0336,F4-M1,train,283200,/data/gen/tokens/pn2018/tr08-0336__F4-M1.npy
pn2018,tr08-0336,tr08-0336,C3-M2,train,283200,/data/gen/tokens/pn2018/tr08-0336__C3-M2.npy
pn2018,tr08-0336,tr08-0336,C4-M1,train,283200,/data/gen/tokens/pn2018/tr08-0336__C4-M1.npy
pn2018,tr08-0336,tr08-0336,O1-M2,train,283200,/data/gen/tokens/pn2018/tr08-0336__O1-M2.npy
pn2018,tr08-0336,tr08-0336,O2-M1,train,283200,/data/gen/tokens/pn2018/tr08-0336__O2-M1.npy
pn2018,tr08-0353,tr08-0353,F3-M2,train,289200,/data/gen/tokens/pn2018/tr08-0353__F3-M2.npy
pn2018,tr08-0353,tr08-0353,F4-M1,train,289200,/data/gen/tokens/pn2018/tr08-0353__F4-M1.npy
pn2018,tr08-0353,tr08-0353,C3-M2,train,289200,/data/gen/tokens/pn2018/tr08-0353__C3-M2.npy
pn2018,tr08-0353,tr08-0353,C4-M1,train,289200,/data/gen/tokens/pn2018/tr08-0353__C4-M1.npy
pn2018,tr08-0353,tr08-0353,O1-M2,train,289200,/data/gen/tokens/pn2018/tr08-0353__O1-M2.npy
pn2018,tr08-0353,tr08-0353,O2-M1,train,289200,/data/gen/tokens/pn2018/tr08-0353__O2-M1.npy
pn2018,tr08-0347,tr08-0347,F3-M2,train,285600,/data/gen/tokens/pn2018/tr08-0347__F3-M2.npy
pn2018,tr08-0347,tr08-0347,F4-M1,train,285600,/data/gen/tokens/pn2018/tr08-0347__F4-M1.npy
pn2018,tr08-0347,tr08-0347,C3-M2,train,285600,/data/gen/tokens/pn2018/tr08-0347__C3-M2.npy
pn2018,tr08-0347,tr08-0347,C4-M1,train,285600,/data/gen/tokens/pn2018/tr08-0347__C4-M1.npy
pn2018,tr08-0347,tr08-0347,O1-M2,train,285600,/data/gen/tokens/pn2018/tr08-0347__O1-M2.npy
pn2018,tr08-0347,tr08-0347,O2-M1,train,285600,/data/gen/tokens/pn2018/tr08-0347__O2-M1.npy
pn2018,tr08-0348,tr08-0348,F3-M2,train,292800,/data/gen/tokens/pn2018/tr08-0348__F3-M2.npy
pn2018,tr08-0348,tr08-0348,F4-M1,train,292800,/data/gen/tokens/pn2018/tr08-0348__F4-M1.npy
pn2018,tr08-0348,tr08-0348,C3-M2,train,292800,/data/gen/tokens/pn2018/tr08-0348__C3-M2.npy
pn2018,tr08-0348,tr08-0348,C4-M1,train,292800,/data/gen/tokens/pn2018/tr08-0348__C4-M1.npy
pn2018,tr08-0348,tr08-0348,O1-M2,train,292800,/data/gen/tokens/pn2018/tr08-0348__O1-M2.npy
pn2018,tr08-0348,tr08-0348,O2-M1,train,292800,/data/gen/tokens/pn2018/tr08-0348__O2-M1.npy
pn2018,tr08-0356,tr08-0356,F3-M2,train,248700,/data/gen/tokens/pn2018/tr08-0356__F3-M2.npy
pn2018,tr08-0356,tr08-0356,F4-M1,train,248700,/data/gen/tokens/pn2018/tr08-0356__F4-M1.npy
pn2018,tr08-0356,tr08-0356,C3-M2,train,248700,/data/gen/tokens/pn2018/tr08-0356__C3-M2.npy
pn2018,tr08-0356,tr08-0356,C4-M1,train,248700,/data/gen/tokens/pn2018/tr08-0356__C4-M1.npy
pn2018,tr08-0356,tr08-0356,O1-M2,train,248700,/data/gen/tokens/pn2018/tr08-0356__O1-M2.npy
pn2018,tr08-0356,tr08-0356,O2-M1,train,248700,/data/gen/tokens/pn2018/tr08-0356__O2-M1.npy
pn2018,tr09-0040,tr09-0040,F3-M2,train,254400,/data/gen/tokens/pn2018/tr09-0040__F3-M2.npy
pn2018,tr09-0040,tr09-0040,F4-M1,train,254400,/data/gen/tokens/pn2018/tr09-0040__F4-M1.npy
pn2018,tr09-0040,tr09-0040,C3-M2,train,254400,/data/gen/tokens/pn2018/tr09-0040__C3-M2.npy
pn2018,tr09-0040,tr09-0040,C4-M1,train,254400,/data/gen/tokens/pn2018/tr09-0040__C4-M1.npy
pn2018,tr09-0040,tr09-0040,O1-M2,train,254400,/data/gen/tokens/pn2018/tr09-0040__O1-M2.npy
pn2018,tr09-0040,tr09-0040,O2-M1,train,254400,/data/gen/tokens/pn2018/tr09-0040__O2-M1.npy
pn2018,tr09-0044,tr09-0044,F3-M2,train,342000,/data/gen/tokens/pn2018/tr09-0044__F3-M2.npy
pn2018,tr09-0044,tr09-0044,F4-M1,train,342000,/data/gen/tokens/pn2018/tr09-0044__F4-M1.npy
pn2018,tr09-0044,tr09-0044,C3-M2,train,342000,/data/gen/tokens/pn2018/tr09-0044__C3-M2.npy
pn2018,tr09-0044,tr09-0044,C4-M1,train,342000,/data/gen/tokens/pn2018/tr09-0044__C4-M1.npy
pn2018,tr09-0044,tr09-0044,O1-M2,train,342000,/data/gen/tokens/pn2018/tr09-0044__O1-M2.npy
pn2018,tr09-0044,tr09-0044,O2-M1,train,342000,/data/gen/tokens/pn2018/tr09-0044__O2-M1.npy
pn2018,tr09-0065,tr09-0065,F3-M2,train,246300,/data/gen/tokens/pn2018/tr09-0065__F3-M2.npy
pn2018,tr09-0065,tr09-0065,F4-M1,train,246300,/data/gen/tokens/pn2018/tr09-0065__F4-M1.npy
pn2018,tr09-0065,tr09-0065,C3-M2,train,246300,/data/gen/tokens/pn2018/tr09-0065__C3-M2.npy
pn2018,tr09-0065,tr09-0065,C4-M1,train,246300,/data/gen/tokens/pn2018/tr09-0065__C4-M1.npy
pn2018,tr09-0065,tr09-0065,O1-M2,train,246300,/data/gen/tokens/pn2018/tr09-0065__O1-M2.npy
pn2018,tr09-0065,tr09-0065,O2-M1,train,246300,/data/gen/tokens/pn2018/tr09-0065__O2-M1.npy
pn2018,tr09-0051,tr09-0051,F3-M2,train,263100,/data/gen/tokens/pn2018/tr09-0051__F3-M2.npy
pn2018,tr09-0051,tr09-0051,F4-M1,train,263100,/data/gen/tokens/pn2018/tr09-0051__F4-M1.npy
pn2018,tr09-0051,tr09-0051,C3-M2,train,263100,/data/gen/tokens/pn2018/tr09-0051__C3-M2.npy
pn2018,tr09-0051,tr09-0051,C4-M1,train,263100,/data/gen/tokens/pn2018/tr09-0051__C4-M1.npy
pn2018,tr09-0051,tr09-0051,O1-M2,train,263100,/data/gen/tokens/pn2018/tr09-0051__O1-M2.npy
pn2018,tr09-0051,tr09-0051,O2-M1,train,263100,/data/gen/tokens/pn2018/tr09-0051__O2-M1.npy
pn2018,tr09-0050,tr09-0050,F3-M2,train,277500,/data/gen/tokens/pn2018/tr09-0050__F3-M2.npy
pn2018,tr09-0050,tr09-0050,F4-M1,train,277500,/data/gen/tokens/pn2018/tr09-0050__F4-M1.npy
pn2018,tr09-0050,tr09-0050,C3-M2,train,277500,/data/gen/tokens/pn2018/tr09-0050__C3-M2.npy
pn2018,tr09-0050,tr09-0050,C4-M1,train,277500,/data/gen/tokens/pn2018/tr09-0050__C4-M1.npy
pn2018,tr09-0050,tr09-0050,O1-M2,train,277500,/data/gen/tokens/pn2018/tr09-0050__O1-M2.npy
pn2018,tr09-0050,tr09-0050,O2-M1,train,277500,/data/gen/tokens/pn2018/tr09-0050__O2-M1.npy
pn2018,tr09-0049,tr09-0049,F3-M2,train,289500,/data/gen/tokens/pn2018/tr09-0049__F3-M2.npy
pn2018,tr09-0049,tr09-0049,F4-M1,train,289500,/data/gen/tokens/pn2018/tr09-0049__F4-M1.npy
pn2018,tr09-0049,tr09-0049,C3-M2,train,289500,/data/gen/tokens/pn2018/tr09-0049__C3-M2.npy
pn2018,tr09-0049,tr09-0049,C4-M1,train,289500,/data/gen/tokens/pn2018/tr09-0049__C4-M1.npy
pn2018,tr09-0049,tr09-0049,O1-M2,train,289500,/data/gen/tokens/pn2018/tr09-0049__O1-M2.npy
pn2018,tr09-0049,tr09-0049,O2-M1,train,289500,/data/gen/tokens/pn2018/tr09-0049__O2-M1.npy
pn2018,tr09-0070,tr09-0070,F3-M2,train,243600,/data/gen/tokens/pn2018/tr09-0070__F3-M2.npy
pn2018,tr09-0070,tr09-0070,F4-M1,train,243600,/data/gen/tokens/pn2018/tr09-0070__F4-M1.npy
pn2018,tr09-0070,tr09-0070,C3-M2,train,243600,/data/gen/tokens/pn2018/tr09-0070__C3-M2.npy
pn2018,tr09-0070,tr09-0070,C4-M1,train,243600,/data/gen/tokens/pn2018/tr09-0070__C4-M1.npy
pn2018,tr09-0070,tr09-0070,O1-M2,train,243600,/data/gen/tokens/pn2018/tr09-0070__O1-M2.npy
pn2018,tr09-0070,tr09-0070,O2-M1,train,243600,/data/gen/tokens/pn2018/tr09-0070__O2-M1.npy
pn2018,tr09-0068,tr09-0068,F3-M2,train,269700,/data/gen/tokens/pn2018/tr09-0068__F3-M2.npy
pn2018,tr09-0068,tr09-0068,F4-M1,train,269700,/data/gen/tokens/pn2018/tr09-0068__F4-M1.npy
pn2018,tr09-0068,tr09-0068,C3-M2,train,269700,/data/gen/tokens/pn2018/tr09-0068__C3-M2.npy
pn2018,tr09-0068,tr09-0068,C4-M1,train,269700,/data/gen/tokens/pn2018/tr09-0068__C4-M1.npy
pn2018,tr09-0068,tr09-0068,O1-M2,train,269700,/data/gen/tokens/pn2018/tr09-0068__O1-M2.npy
pn2018,tr09-0068,tr09-0068,O2-M1,train,269700,/data/gen/tokens/pn2018/tr09-0068__O2-M1.npy
pn2018,tr09-0082,tr09-0082,F3-M2,train,248100,/data/gen/tokens/pn2018/tr09-0082__F3-M2.npy
pn2018,tr09-0082,tr09-0082,F4-M1,train,248100,/data/gen/tokens/pn2018/tr09-0082__F4-M1.npy
pn2018,tr09-0082,tr09-0082,C3-M2,train,248100,/data/gen/tokens/pn2018/tr09-0082__C3-M2.npy
pn2018,tr09-0082,tr09-0082,C4-M1,train,248100,/data/gen/tokens/pn2018/tr09-0082__C4-M1.npy
pn2018,tr09-0082,tr09-0082,O1-M2,train,248100,/data/gen/tokens/pn2018/tr09-0082__O1-M2.npy
pn2018,tr09-0082,tr09-0082,O2-M1,train,248100,/data/gen/tokens/pn2018/tr09-0082__O2-M1.npy
pn2018,tr09-0086,tr09-0086,F3-M2,train,255900,/data/gen/tokens/pn2018/tr09-0086__F3-M2.npy
pn2018,tr09-0086,tr09-0086,F4-M1,train,255900,/data/gen/tokens/pn2018/tr09-0086__F4-M1.npy
pn2018,tr09-0086,tr09-0086,C3-M2,train,255900,/data/gen/tokens/pn2018/tr09-0086__C3-M2.npy
pn2018,tr09-0086,tr09-0086,C4-M1,train,255900,/data/gen/tokens/pn2018/tr09-0086__C4-M1.npy
pn2018,tr09-0086,tr09-0086,O1-M2,train,255900,/data/gen/tokens/pn2018/tr09-0086__O1-M2.npy
pn2018,tr09-0086,tr09-0086,O2-M1,train,255900,/data/gen/tokens/pn2018/tr09-0086__O2-M1.npy
pn2018,tr09-0129,tr09-0129,F3-M2,train,251700,/data/gen/tokens/pn2018/tr09-0129__F3-M2.npy
pn2018,tr09-0129,tr09-0129,F4-M1,train,251700,/data/gen/tokens/pn2018/tr09-0129__F4-M1.npy
pn2018,tr09-0129,tr09-0129,C3-M2,train,251700,/data/gen/tokens/pn2018/tr09-0129__C3-M2.npy
pn2018,tr09-0129,tr09-0129,C4-M1,train,251700,/data/gen/tokens/pn2018/tr09-0129__C4-M1.npy
pn2018,tr09-0129,tr09-0129,O1-M2,train,251700,/data/gen/tokens/pn2018/tr09-0129__O1-M2.npy
pn2018,tr09-0129,tr09-0129,O2-M1,train,251700,/data/gen/tokens/pn2018/tr09-0129__O2-M1.npy
pn2018,tr09-0205,tr09-0205,F3-M2,train,253500,/data/gen/tokens/pn2018/tr09-0205__F3-M2.npy
pn2018,tr09-0205,tr09-0205,F4-M1,train,253500,/data/gen/tokens/pn2018/tr09-0205__F4-M1.npy
pn2018,tr09-0205,tr09-0205,C3-M2,train,253500,/data/gen/tokens/pn2018/tr09-0205__C3-M2.npy
pn2018,tr09-0205,tr09-0205,C4-M1,train,253500,/data/gen/tokens/pn2018/tr09-0205__C4-M1.npy
pn2018,tr09-0205,tr09-0205,O1-M2,train,253500,/data/gen/tokens/pn2018/tr09-0205__O1-M2.npy
pn2018,tr09-0205,tr09-0205,O2-M1,train,253500,/data/gen/tokens/pn2018/tr09-0205__O2-M1.npy
pn2018,tr09-0122,tr09-0122,F3-M2,train,288000,/data/gen/tokens/pn2018/tr09-0122__F3-M2.npy
pn2018,tr09-0122,tr09-0122,F4-M1,train,288000,/data/gen/tokens/pn2018/tr09-0122__F4-M1.npy
pn2018,tr09-0122,tr09-0122,C3-M2,train,288000,/data/gen/tokens/pn2018/tr09-0122__C3-M2.npy
pn2018,tr09-0122,tr09-0122,C4-M1,train,288000,/data/gen/tokens/pn2018/tr09-0122__C4-M1.npy
pn2018,tr09-0122,tr09-0122,O1-M2,train,288000,/data/gen/tokens/pn2018/tr09-0122__O1-M2.npy
pn2018,tr09-0122,tr09-0122,O2-M1,train,288000,/data/gen/tokens/pn2018/tr09-0122__O2-M1.npy
pn2018,tr09-0159,tr09-0159,F3-M2,train,307500,/data/gen/tokens/pn2018/tr09-0159__F3-M2.npy
pn2018,tr09-0159,tr09-0159,F4-M1,train,307500,/data/gen/tokens/pn2018/tr09-0159__F4-M1.npy
pn2018,tr09-0159,tr09-0159,C3-M2,train,307500,/data/gen/tokens/pn2018/tr09-0159__C3-M2.npy
pn2018,tr09-0159,tr09-0159,C4-M1,train,307500,/data/gen/tokens/pn2018/tr09-0159__C4-M1.npy
pn2018,tr09-0159,tr09-0159,O1-M2,train,307500,/data/gen/tokens/pn2018/tr09-0159__O1-M2.npy
pn2018,tr09-0159,tr09-0159,O2-M1,train,307500,/data/gen/tokens/pn2018/tr09-0159__O2-M1.npy
pn2018,tr09-0175,tr09-0175,F3-M2,train,301800,/data/gen/tokens/pn2018/tr09-0175__F3-M2.npy
pn2018,tr09-0175,tr09-0175,F4-M1,train,301800,/data/gen/tokens/pn2018/tr09-0175__F4-M1.npy
pn2018,tr09-0175,tr09-0175,C3-M2,train,301800,/data/gen/tokens/pn2018/tr09-0175__C3-M2.npy
pn2018,tr09-0175,tr09-0175,C4-M1,train,301800,/data/gen/tokens/pn2018/tr09-0175__C4-M1.npy
pn2018,tr09-0175,tr09-0175,O1-M2,train,301800,/data/gen/tokens/pn2018/tr09-0175__O1-M2.npy
pn2018,tr09-0175,tr09-0175,O2-M1,train,301800,/data/gen/tokens/pn2018/tr09-0175__O2-M1.npy
pn2018,tr09-0186,tr09-0186,F3-M2,heldout,293100,/data/gen/tokens/pn2018/tr09-0186__F3-M2.npy
pn2018,tr09-0186,tr09-0186,F4-M1,heldout,293100,/data/gen/tokens/pn2018/tr09-0186__F4-M1.npy
pn2018,tr09-0186,tr09-0186,C3-M2,heldout,293100,/data/gen/tokens/pn2018/tr09-0186__C3-M2.npy
pn2018,tr09-0186,tr09-0186,C4-M1,heldout,293100,/data/gen/tokens/pn2018/tr09-0186__C4-M1.npy
pn2018,tr09-0186,tr09-0186,O1-M2,heldout,293100,/data/gen/tokens/pn2018/tr09-0186__O1-M2.npy
pn2018,tr09-0186,tr09-0186,O2-M1,heldout,293100,/data/gen/tokens/pn2018/tr09-0186__O2-M1.npy
pn2018,tr09-0237,tr09-0237,F3-M2,train,287400,/data/gen/tokens/pn2018/tr09-0237__F3-M2.npy
pn2018,tr09-0237,tr09-0237,F4-M1,train,287400,/data/gen/tokens/pn2018/tr09-0237__F4-M1.npy
pn2018,tr09-0237,tr09-0237,C3-M2,train,287400,/data/gen/tokens/pn2018/tr09-0237__C3-M2.npy
pn2018,tr09-0237,tr09-0237,C4-M1,train,287400,/data/gen/tokens/pn2018/tr09-0237__C4-M1.npy
pn2018,tr09-0237,tr09-0237,O1-M2,train,287400,/data/gen/tokens/pn2018/tr09-0237__O1-M2.npy
pn2018,tr09-0237,tr09-0237,O2-M1,train,287400,/data/gen/tokens/pn2018/tr09-0237__O2-M1.npy
pn2018,tr09-0217,tr09-0217,F3-M2,train,287100,/data/gen/tokens/pn2018/tr09-0217__F3-M2.npy
pn2018,tr09-0217,tr09-0217,F4-M1,train,287100,/data/gen/tokens/pn2018/tr09-0217__F4-M1.npy
pn2018,tr09-0217,tr09-0217,C3-M2,train,287100,/data/gen/tokens/pn2018/tr09-0217__C3-M2.npy
pn2018,tr09-0217,tr09-0217,C4-M1,train,287100,/data/gen/tokens/pn2018/tr09-0217__C4-M1.npy
pn2018,tr09-0217,tr09-0217,O1-M2,train,287100,/data/gen/tokens/pn2018/tr09-0217__O1-M2.npy
pn2018,tr09-0217,tr09-0217,O2-M1,train,287100,/data/gen/tokens/pn2018/tr09-0217__O2-M1.npy
pn2018,tr09-0220,tr09-0220,F3-M2,train,300000,/data/gen/tokens/pn2018/tr09-0220__F3-M2.npy
pn2018,tr09-0220,tr09-0220,F4-M1,train,300000,/data/gen/tokens/pn2018/tr09-0220__F4-M1.npy
pn2018,tr09-0220,tr09-0220,C3-M2,train,300000,/data/gen/tokens/pn2018/tr09-0220__C3-M2.npy
pn2018,tr09-0220,tr09-0220,C4-M1,train,300000,/data/gen/tokens/pn2018/tr09-0220__C4-M1.npy
pn2018,tr09-0220,tr09-0220,O1-M2,train,300000,/data/gen/tokens/pn2018/tr09-0220__O1-M2.npy
pn2018,tr09-0220,tr09-0220,O2-M1,train,300000,/data/gen/tokens/pn2018/tr09-0220__O2-M1.npy
pn2018,tr09-0246,tr09-0246,F3-M2,train,230100,/data/gen/tokens/pn2018/tr09-0246__F3-M2.npy
pn2018,tr09-0246,tr09-0246,F4-M1,train,230100,/data/gen/tokens/pn2018/tr09-0246__F4-M1.npy
pn2018,tr09-0246,tr09-0246,C3-M2,train,230100,/data/gen/tokens/pn2018/tr09-0246__C3-M2.npy
pn2018,tr09-0246,tr09-0246,C4-M1,train,230100,/data/gen/tokens/pn2018/tr09-0246__C4-M1.npy
pn2018,tr09-0246,tr09-0246,O1-M2,train,230100,/data/gen/tokens/pn2018/tr09-0246__O1-M2.npy
pn2018,tr09-0246,tr09-0246,O2-M1,train,230100,/data/gen/tokens/pn2018/tr09-0246__O2-M1.npy
pn2018,tr09-0328,tr09-0328,F3-M2,train,249600,/data/gen/tokens/pn2018/tr09-0328__F3-M2.npy
pn2018,tr09-0328,tr09-0328,F4-M1,train,249600,/data/gen/tokens/pn2018/tr09-0328__F4-M1.npy
pn2018,tr09-0328,tr09-0328,C3-M2,train,249600,/data/gen/tokens/pn2018/tr09-0328__C3-M2.npy
pn2018,tr09-0328,tr09-0328,C4-M1,train,249600,/data/gen/tokens/pn2018/tr09-0328__C4-M1.npy
pn2018,tr09-0328,tr09-0328,O1-M2,train,249600,/data/gen/tokens/pn2018/tr09-0328__O1-M2.npy
pn2018,tr09-0328,tr09-0328,O2-M1,train,249600,/data/gen/tokens/pn2018/tr09-0328__O2-M1.npy
pn2018,tr09-0296,tr09-0296,F3-M2,heldout,297000,/data/gen/tokens/pn2018/tr09-0296__F3-M2.npy
pn2018,tr09-0296,tr09-0296,F4-M1,heldout,297000,/data/gen/tokens/pn2018/tr09-0296__F4-M1.npy
pn2018,tr09-0296,tr09-0296,C3-M2,heldout,297000,/data/gen/tokens/pn2018/tr09-0296__C3-M2.npy
pn2018,tr09-0296,tr09-0296,C4-M1,heldout,297000,/data/gen/tokens/pn2018/tr09-0296__C4-M1.npy
pn2018,tr09-0296,tr09-0296,O1-M2,heldout,297000,/data/gen/tokens/pn2018/tr09-0296__O1-M2.npy
pn2018,tr09-0296,tr09-0296,O2-M1,heldout,297000,/data/gen/tokens/pn2018/tr09-0296__O2-M1.npy
pn2018,tr09-0331,tr09-0331,F3-M2,train,275400,/data/gen/tokens/pn2018/tr09-0331__F3-M2.npy
pn2018,tr09-0331,tr09-0331,F4-M1,train,275400,/data/gen/tokens/pn2018/tr09-0331__F4-M1.npy
pn2018,tr09-0331,tr09-0331,C3-M2,train,275400,/data/gen/tokens/pn2018/tr09-0331__C3-M2.npy
pn2018,tr09-0331,tr09-0331,C4-M1,train,275400,/data/gen/tokens/pn2018/tr09-0331__C4-M1.npy
pn2018,tr09-0331,tr09-0331,O1-M2,train,275400,/data/gen/tokens/pn2018/tr09-0331__O1-M2.npy
pn2018,tr09-0331,tr09-0331,O2-M1,train,275400,/data/gen/tokens/pn2018/tr09-0331__O2-M1.npy
pn2018,tr09-0334,tr09-0334,F3-M2,train,265800,/data/gen/tokens/pn2018/tr09-0334__F3-M2.npy
pn2018,tr09-0334,tr09-0334,F4-M1,train,265800,/data/gen/tokens/pn2018/tr09-0334__F4-M1.npy
pn2018,tr09-0334,tr09-0334,C3-M2,train,265800,/data/gen/tokens/pn2018/tr09-0334__C3-M2.npy
pn2018,tr09-0334,tr09-0334,C4-M1,train,265800,/data/gen/tokens/pn2018/tr09-0334__C4-M1.npy
pn2018,tr09-0334,tr09-0334,O1-M2,train,265800,/data/gen/tokens/pn2018/tr09-0334__O1-M2.npy
pn2018,tr09-0334,tr09-0334,O2-M1,train,265800,/data/gen/tokens/pn2018/tr09-0334__O2-M1.npy
pn2018,tr09-0340,tr09-0340,F3-M2,train,260700,/data/gen/tokens/pn2018/tr09-0340__F3-M2.npy
pn2018,tr09-0340,tr09-0340,F4-M1,train,260700,/data/gen/tokens/pn2018/tr09-0340__F4-M1.npy
pn2018,tr09-0340,tr09-0340,C3-M2,train,260700,/data/gen/tokens/pn2018/tr09-0340__C3-M2.npy
pn2018,tr09-0340,tr09-0340,C4-M1,train,260700,/data/gen/tokens/pn2018/tr09-0340__C4-M1.npy
pn2018,tr09-0340,tr09-0340,O1-M2,train,260700,/data/gen/tokens/pn2018/tr09-0340__O1-M2.npy
pn2018,tr09-0340,tr09-0340,O2-M1,train,260700,/data/gen/tokens/pn2018/tr09-0340__O2-M1.npy
pn2018,tr09-0436,tr09-0436,F3-M2,train,272700,/data/gen/tokens/pn2018/tr09-0436__F3-M2.npy
pn2018,tr09-0436,tr09-0436,F4-M1,train,272700,/data/gen/tokens/pn2018/tr09-0436__F4-M1.npy
pn2018,tr09-0436,tr09-0436,C3-M2,train,272700,/data/gen/tokens/pn2018/tr09-0436__C3-M2.npy
pn2018,tr09-0436,tr09-0436,C4-M1,train,272700,/data/gen/tokens/pn2018/tr09-0436__C4-M1.npy
pn2018,tr09-0436,tr09-0436,O1-M2,train,272700,/data/gen/tokens/pn2018/tr09-0436__O1-M2.npy
pn2018,tr09-0436,tr09-0436,O2-M1,train,272700,/data/gen/tokens/pn2018/tr09-0436__O2-M1.npy
pn2018,tr09-0423,tr09-0423,F3-M2,train,305700,/data/gen/tokens/pn2018/tr09-0423__F3-M2.npy
pn2018,tr09-0423,tr09-0423,F4-M1,train,305700,/data/gen/tokens/pn2018/tr09-0423__F4-M1.npy
pn2018,tr09-0423,tr09-0423,C3-M2,train,305700,/data/gen/tokens/pn2018/tr09-0423__C3-M2.npy
pn2018,tr09-0423,tr09-0423,C4-M1,train,305700,/data/gen/tokens/pn2018/tr09-0423__C4-M1.npy
pn2018,tr09-0423,tr09-0423,O1-M2,train,305700,/data/gen/tokens/pn2018/tr09-0423__O1-M2.npy
pn2018,tr09-0423,tr09-0423,O2-M1,train,305700,/data/gen/tokens/pn2018/tr09-0423__O2-M1.npy
pn2018,tr09-0469,tr09-0469,F3-M2,train,280200,/data/gen/tokens/pn2018/tr09-0469__F3-M2.npy
pn2018,tr09-0469,tr09-0469,F4-M1,train,280200,/data/gen/tokens/pn2018/tr09-0469__F4-M1.npy
pn2018,tr09-0469,tr09-0469,C3-M2,train,280200,/data/gen/tokens/pn2018/tr09-0469__C3-M2.npy
pn2018,tr09-0469,tr09-0469,C4-M1,train,280200,/data/gen/tokens/pn2018/tr09-0469__C4-M1.npy
pn2018,tr09-0469,tr09-0469,O1-M2,train,280200,/data/gen/tokens/pn2018/tr09-0469__O1-M2.npy
pn2018,tr09-0469,tr09-0469,O2-M1,train,280200,/data/gen/tokens/pn2018/tr09-0469__O2-M1.npy
pn2018,tr09-0453,tr09-0453,F3-M2,train,294000,/data/gen/tokens/pn2018/tr09-0453__F3-M2.npy
pn2018,tr09-0453,tr09-0453,F4-M1,train,294000,/data/gen/tokens/pn2018/tr09-0453__F4-M1.npy
pn2018,tr09-0453,tr09-0453,C3-M2,train,294000,/data/gen/tokens/pn2018/tr09-0453__C3-M2.npy
pn2018,tr09-0453,tr09-0453,C4-M1,train,294000,/data/gen/tokens/pn2018/tr09-0453__C4-M1.npy
pn2018,tr09-0453,tr09-0453,O1-M2,train,294000,/data/gen/tokens/pn2018/tr09-0453__O1-M2.npy
pn2018,tr09-0453,tr09-0453,O2-M1,train,294000,/data/gen/tokens/pn2018/tr09-0453__O2-M1.npy
pn2018,tr09-0473,tr09-0473,F3-M2,train,251100,/data/gen/tokens/pn2018/tr09-0473__F3-M2.npy
pn2018,tr09-0473,tr09-0473,F4-M1,train,251100,/data/gen/tokens/pn2018/tr09-0473__F4-M1.npy
pn2018,tr09-0473,tr09-0473,C3-M2,train,251100,/data/gen/tokens/pn2018/tr09-0473__C3-M2.npy
pn2018,tr09-0473,tr09-0473,C4-M1,train,251100,/data/gen/tokens/pn2018/tr09-0473__C4-M1.npy
pn2018,tr09-0473,tr09-0473,O1-M2,train,251100,/data/gen/tokens/pn2018/tr09-0473__O1-M2.npy
pn2018,tr09-0473,tr09-0473,O2-M1,train,251100,/data/gen/tokens/pn2018/tr09-0473__O2-M1.npy
pn2018,tr09-0471,tr09-0471,F3-M2,train,272100,/data/gen/tokens/pn2018/tr09-0471__F3-M2.npy
pn2018,tr09-0471,tr09-0471,F4-M1,train,272100,/data/gen/tokens/pn2018/tr09-0471__F4-M1.npy
pn2018,tr09-0471,tr09-0471,C3-M2,train,272100,/data/gen/tokens/pn2018/tr09-0471__C3-M2.npy
pn2018,tr09-0471,tr09-0471,C4-M1,train,272100,/data/gen/tokens/pn2018/tr09-0471__C4-M1.npy
pn2018,tr09-0471,tr09-0471,O1-M2,train,272100,/data/gen/tokens/pn2018/tr09-0471__O1-M2.npy
pn2018,tr09-0471,tr09-0471,O2-M1,train,272100,/data/gen/tokens/pn2018/tr09-0471__O2-M1.npy
pn2018,tr09-0478,tr09-0478,F3-M2,train,235800,/data/gen/tokens/pn2018/tr09-0478__F3-M2.npy
pn2018,tr09-0478,tr09-0478,F4-M1,train,235800,/data/gen/tokens/pn2018/tr09-0478__F4-M1.npy
pn2018,tr09-0478,tr09-0478,C3-M2,train,235800,/data/gen/tokens/pn2018/tr09-0478__C3-M2.npy
pn2018,tr09-0478,tr09-0478,C4-M1,train,235800,/data/gen/tokens/pn2018/tr09-0478__C4-M1.npy
pn2018,tr09-0478,tr09-0478,O1-M2,train,235800,/data/gen/tokens/pn2018/tr09-0478__O1-M2.npy
pn2018,tr09-0478,tr09-0478,O2-M1,train,235800,/data/gen/tokens/pn2018/tr09-0478__O2-M1.npy
pn2018,tr09-0489,tr09-0489,F3-M2,train,245100,/data/gen/tokens/pn2018/tr09-0489__F3-M2.npy
pn2018,tr09-0489,tr09-0489,F4-M1,train,245100,/data/gen/tokens/pn2018/tr09-0489__F4-M1.npy
pn2018,tr09-0489,tr09-0489,C3-M2,train,245100,/data/gen/tokens/pn2018/tr09-0489__C3-M2.npy
pn2018,tr09-0489,tr09-0489,C4-M1,train,245100,/data/gen/tokens/pn2018/tr09-0489__C4-M1.npy
pn2018,tr09-0489,tr09-0489,O1-M2,train,245100,/data/gen/tokens/pn2018/tr09-0489__O1-M2.npy
pn2018,tr09-0489,tr09-0489,O2-M1,train,245100,/data/gen/tokens/pn2018/tr09-0489__O2-M1.npy
pn2018,tr09-0511,tr09-0511,F3-M2,train,282900,/data/gen/tokens/pn2018/tr09-0511__F3-M2.npy
pn2018,tr09-0511,tr09-0511,F4-M1,train,282900,/data/gen/tokens/pn2018/tr09-0511__F4-M1.npy
pn2018,tr09-0511,tr09-0511,C3-M2,train,282900,/data/gen/tokens/pn2018/tr09-0511__C3-M2.npy
pn2018,tr09-0511,tr09-0511,C4-M1,train,282900,/data/gen/tokens/pn2018/tr09-0511__C4-M1.npy
pn2018,tr09-0511,tr09-0511,O1-M2,train,282900,/data/gen/tokens/pn2018/tr09-0511__O1-M2.npy
pn2018,tr09-0511,tr09-0511,O2-M1,train,282900,/data/gen/tokens/pn2018/tr09-0511__O2-M1.npy
pn2018,tr09-0507,tr09-0507,F3-M2,train,261000,/data/gen/tokens/pn2018/tr09-0507__F3-M2.npy
pn2018,tr09-0507,tr09-0507,F4-M1,train,261000,/data/gen/tokens/pn2018/tr09-0507__F4-M1.npy
pn2018,tr09-0507,tr09-0507,C3-M2,train,261000,/data/gen/tokens/pn2018/tr09-0507__C3-M2.npy
pn2018,tr09-0507,tr09-0507,C4-M1,train,261000,/data/gen/tokens/pn2018/tr09-0507__C4-M1.npy
pn2018,tr09-0507,tr09-0507,O1-M2,train,261000,/data/gen/tokens/pn2018/tr09-0507__O1-M2.npy
pn2018,tr09-0507,tr09-0507,O2-M1,train,261000,/data/gen/tokens/pn2018/tr09-0507__O2-M1.npy
pn2018,tr09-0527,tr09-0527,F3-M2,heldout,242100,/data/gen/tokens/pn2018/tr09-0527__F3-M2.npy
pn2018,tr09-0527,tr09-0527,F4-M1,heldout,242100,/data/gen/tokens/pn2018/tr09-0527__F4-M1.npy
pn2018,tr09-0527,tr09-0527,C3-M2,heldout,242100,/data/gen/tokens/pn2018/tr09-0527__C3-M2.npy
pn2018,tr09-0527,tr09-0527,C4-M1,heldout,242100,/data/gen/tokens/pn2018/tr09-0527__C4-M1.npy
pn2018,tr09-0527,tr09-0527,O1-M2,heldout,242100,/data/gen/tokens/pn2018/tr09-0527__O1-M2.npy
pn2018,tr09-0527,tr09-0527,O2-M1,heldout,242100,/data/gen/tokens/pn2018/tr09-0527__O2-M1.npy
pn2018,tr09-0520,tr09-0520,F3-M2,heldout,278700,/data/gen/tokens/pn2018/tr09-0520__F3-M2.npy
pn2018,tr09-0520,tr09-0520,F4-M1,heldout,278700,/data/gen/tokens/pn2018/tr09-0520__F4-M1.npy
pn2018,tr09-0520,tr09-0520,C3-M2,heldout,278700,/data/gen/tokens/pn2018/tr09-0520__C3-M2.npy
pn2018,tr09-0520,tr09-0520,C4-M1,heldout,278700,/data/gen/tokens/pn2018/tr09-0520__C4-M1.npy
pn2018,tr09-0520,tr09-0520,O1-M2,heldout,278700,/data/gen/tokens/pn2018/tr09-0520__O1-M2.npy
pn2018,tr09-0520,tr09-0520,O2-M1,heldout,278700,/data/gen/tokens/pn2018/tr09-0520__O2-M1.npy
pn2018,tr09-0533,tr09-0533,F3-M2,train,289800,/data/gen/tokens/pn2018/tr09-0533__F3-M2.npy
pn2018,tr09-0533,tr09-0533,F4-M1,train,289800,/data/gen/tokens/pn2018/tr09-0533__F4-M1.npy
pn2018,tr09-0533,tr09-0533,C3-M2,train,289800,/data/gen/tokens/pn2018/tr09-0533__C3-M2.npy
pn2018,tr09-0533,tr09-0533,C4-M1,train,289800,/data/gen/tokens/pn2018/tr09-0533__C4-M1.npy
pn2018,tr09-0533,tr09-0533,O1-M2,train,289800,/data/gen/tokens/pn2018/tr09-0533__O1-M2.npy
pn2018,tr09-0533,tr09-0533,O2-M1,train,289800,/data/gen/tokens/pn2018/tr09-0533__O2-M1.npy
pn2018,tr09-0541,tr09-0541,F3-M2,train,264300,/data/gen/tokens/pn2018/tr09-0541__F3-M2.npy
pn2018,tr09-0541,tr09-0541,F4-M1,train,264300,/data/gen/tokens/pn2018/tr09-0541__F4-M1.npy
pn2018,tr09-0541,tr09-0541,C3-M2,train,264300,/data/gen/tokens/pn2018/tr09-0541__C3-M2.npy
pn2018,tr09-0541,tr09-0541,C4-M1,train,264300,/data/gen/tokens/pn2018/tr09-0541__C4-M1.npy
pn2018,tr09-0541,tr09-0541,O1-M2,train,264300,/data/gen/tokens/pn2018/tr09-0541__O1-M2.npy
pn2018,tr09-0541,tr09-0541,O2-M1,train,264300,/data/gen/tokens/pn2018/tr09-0541__O2-M1.npy
pn2018,tr09-0558,tr09-0558,F3-M2,train,266700,/data/gen/tokens/pn2018/tr09-0558__F3-M2.npy
pn2018,tr09-0558,tr09-0558,F4-M1,train,266700,/data/gen/tokens/pn2018/tr09-0558__F4-M1.npy
pn2018,tr09-0558,tr09-0558,C3-M2,train,266700,/data/gen/tokens/pn2018/tr09-0558__C3-M2.npy
pn2018,tr09-0558,tr09-0558,C4-M1,train,266700,/data/gen/tokens/pn2018/tr09-0558__C4-M1.npy
pn2018,tr09-0558,tr09-0558,O1-M2,train,266700,/data/gen/tokens/pn2018/tr09-0558__O1-M2.npy
pn2018,tr09-0558,tr09-0558,O2-M1,train,266700,/data/gen/tokens/pn2018/tr09-0558__O2-M1.npy
pn2018,tr09-0567,tr09-0567,F3-M2,train,267300,/data/gen/tokens/pn2018/tr09-0567__F3-M2.npy
pn2018,tr09-0567,tr09-0567,F4-M1,train,267300,/data/gen/tokens/pn2018/tr09-0567__F4-M1.npy
pn2018,tr09-0567,tr09-0567,C3-M2,train,267300,/data/gen/tokens/pn2018/tr09-0567__C3-M2.npy
pn2018,tr09-0567,tr09-0567,C4-M1,train,267300,/data/gen/tokens/pn2018/tr09-0567__C4-M1.npy
pn2018,tr09-0567,tr09-0567,O1-M2,train,267300,/data/gen/tokens/pn2018/tr09-0567__O1-M2.npy
pn2018,tr09-0567,tr09-0567,O2-M1,train,267300,/data/gen/tokens/pn2018/tr09-0567__O2-M1.npy
pn2018,tr09-0553,tr09-0553,F3-M2,train,261900,/data/gen/tokens/pn2018/tr09-0553__F3-M2.npy
pn2018,tr09-0553,tr09-0553,F4-M1,train,261900,/data/gen/tokens/pn2018/tr09-0553__F4-M1.npy
pn2018,tr09-0553,tr09-0553,C3-M2,train,261900,/data/gen/tokens/pn2018/tr09-0553__C3-M2.npy
pn2018,tr09-0553,tr09-0553,C4-M1,train,261900,/data/gen/tokens/pn2018/tr09-0553__C4-M1.npy
pn2018,tr09-0553,tr09-0553,O1-M2,train,261900,/data/gen/tokens/pn2018/tr09-0553__O1-M2.npy
pn2018,tr09-0553,tr09-0553,O2-M1,train,261900,/data/gen/tokens/pn2018/tr09-0553__O2-M1.npy
pn2018,tr09-0568,tr09-0568,F3-M2,train,247200,/data/gen/tokens/pn2018/tr09-0568__F3-M2.npy
pn2018,tr09-0568,tr09-0568,F4-M1,train,247200,/data/gen/tokens/pn2018/tr09-0568__F4-M1.npy
pn2018,tr09-0568,tr09-0568,C3-M2,train,247200,/data/gen/tokens/pn2018/tr09-0568__C3-M2.npy
pn2018,tr09-0568,tr09-0568,C4-M1,train,247200,/data/gen/tokens/pn2018/tr09-0568__C4-M1.npy
pn2018,tr09-0568,tr09-0568,O1-M2,train,247200,/data/gen/tokens/pn2018/tr09-0568__O1-M2.npy
pn2018,tr09-0568,tr09-0568,O2-M1,train,247200,/data/gen/tokens/pn2018/tr09-0568__O2-M1.npy
pn2018,tr09-0600,tr09-0600,F3-M2,train,238800,/data/gen/tokens/pn2018/tr09-0600__F3-M2.npy
pn2018,tr09-0600,tr09-0600,F4-M1,train,238800,/data/gen/tokens/pn2018/tr09-0600__F4-M1.npy
pn2018,tr09-0600,tr09-0600,C3-M2,train,238800,/data/gen/tokens/pn2018/tr09-0600__C3-M2.npy
pn2018,tr09-0600,tr09-0600,C4-M1,train,238800,/data/gen/tokens/pn2018/tr09-0600__C4-M1.npy
pn2018,tr09-0600,tr09-0600,O1-M2,train,238800,/data/gen/tokens/pn2018/tr09-0600__O1-M2.npy
pn2018,tr09-0600,tr09-0600,O2-M1,train,238800,/data/gen/tokens/pn2018/tr09-0600__O2-M1.npy
pn2018,tr09-0580,tr09-0580,F3-M2,train,269400,/data/gen/tokens/pn2018/tr09-0580__F3-M2.npy
pn2018,tr09-0580,tr09-0580,F4-M1,train,269400,/data/gen/tokens/pn2018/tr09-0580__F4-M1.npy
pn2018,tr09-0580,tr09-0580,C3-M2,train,269400,/data/gen/tokens/pn2018/tr09-0580__C3-M2.npy
pn2018,tr09-0580,tr09-0580,C4-M1,train,269400,/data/gen/tokens/pn2018/tr09-0580__C4-M1.npy
pn2018,tr09-0580,tr09-0580,O1-M2,train,269400,/data/gen/tokens/pn2018/tr09-0580__O1-M2.npy
pn2018,tr09-0580,tr09-0580,O2-M1,train,269400,/data/gen/tokens/pn2018/tr09-0580__O2-M1.npy
pn2018,tr09-0593,tr09-0593,F3-M2,heldout,292800,/data/gen/tokens/pn2018/tr09-0593__F3-M2.npy
pn2018,tr09-0593,tr09-0593,F4-M1,heldout,292800,/data/gen/tokens/pn2018/tr09-0593__F4-M1.npy
pn2018,tr09-0593,tr09-0593,C3-M2,heldout,292800,/data/gen/tokens/pn2018/tr09-0593__C3-M2.npy
pn2018,tr09-0593,tr09-0593,C4-M1,heldout,292800,/data/gen/tokens/pn2018/tr09-0593__C4-M1.npy
pn2018,tr09-0593,tr09-0593,O1-M2,heldout,292800,/data/gen/tokens/pn2018/tr09-0593__O1-M2.npy
pn2018,tr09-0593,tr09-0593,O2-M1,heldout,292800,/data/gen/tokens/pn2018/tr09-0593__O2-M1.npy
pn2018,tr09-0636,tr09-0636,F3-M2,train,304200,/data/gen/tokens/pn2018/tr09-0636__F3-M2.npy
pn2018,tr09-0636,tr09-0636,F4-M1,train,304200,/data/gen/tokens/pn2018/tr09-0636__F4-M1.npy
pn2018,tr09-0636,tr09-0636,C3-M2,train,304200,/data/gen/tokens/pn2018/tr09-0636__C3-M2.npy
pn2018,tr09-0636,tr09-0636,C4-M1,train,304200,/data/gen/tokens/pn2018/tr09-0636__C4-M1.npy
pn2018,tr09-0636,tr09-0636,O1-M2,train,304200,/data/gen/tokens/pn2018/tr09-0636__O1-M2.npy
pn2018,tr09-0636,tr09-0636,O2-M1,train,304200,/data/gen/tokens/pn2018/tr09-0636__O2-M1.npy
pn2018,tr09-0575,tr09-0575,F3-M2,train,322500,/data/gen/tokens/pn2018/tr09-0575__F3-M2.npy
pn2018,tr09-0575,tr09-0575,F4-M1,train,322500,/data/gen/tokens/pn2018/tr09-0575__F4-M1.npy
pn2018,tr09-0575,tr09-0575,C3-M2,train,322500,/data/gen/tokens/pn2018/tr09-0575__C3-M2.npy
pn2018,tr09-0575,tr09-0575,C4-M1,train,322500,/data/gen/tokens/pn2018/tr09-0575__C4-M1.npy
pn2018,tr09-0575,tr09-0575,O1-M2,train,322500,/data/gen/tokens/pn2018/tr09-0575__O1-M2.npy
pn2018,tr09-0575,tr09-0575,O2-M1,train,322500,/data/gen/tokens/pn2018/tr09-0575__O2-M1.npy
pn2018,tr09-0647,tr09-0647,F3-M2,train,292200,/data/gen/tokens/pn2018/tr09-0647__F3-M2.npy
pn2018,tr09-0647,tr09-0647,F4-M1,train,292200,/data/gen/tokens/pn2018/tr09-0647__F4-M1.npy
pn2018,tr09-0647,tr09-0647,C3-M2,train,292200,/data/gen/tokens/pn2018/tr09-0647__C3-M2.npy
pn2018,tr09-0647,tr09-0647,C4-M1,train,292200,/data/gen/tokens/pn2018/tr09-0647__C4-M1.npy
pn2018,tr09-0647,tr09-0647,O1-M2,train,292200,/data/gen/tokens/pn2018/tr09-0647__O1-M2.npy
pn2018,tr09-0647,tr09-0647,O2-M1,train,292200,/data/gen/tokens/pn2018/tr09-0647__O2-M1.npy
pn2018,tr10-0006,tr10-0006,F3-M2,train,291600,/data/gen/tokens/pn2018/tr10-0006__F3-M2.npy
pn2018,tr10-0006,tr10-0006,F4-M1,train,291600,/data/gen/tokens/pn2018/tr10-0006__F4-M1.npy
pn2018,tr10-0006,tr10-0006,C3-M2,train,291600,/data/gen/tokens/pn2018/tr10-0006__C3-M2.npy
pn2018,tr10-0006,tr10-0006,C4-M1,train,291600,/data/gen/tokens/pn2018/tr10-0006__C4-M1.npy
pn2018,tr10-0006,tr10-0006,O1-M2,train,291600,/data/gen/tokens/pn2018/tr10-0006__O1-M2.npy
pn2018,tr10-0006,tr10-0006,O2-M1,train,291600,/data/gen/tokens/pn2018/tr10-0006__O2-M1.npy
pn2018,tr10-0036,tr10-0036,F3-M2,train,301200,/data/gen/tokens/pn2018/tr10-0036__F3-M2.npy
pn2018,tr10-0036,tr10-0036,F4-M1,train,301200,/data/gen/tokens/pn2018/tr10-0036__F4-M1.npy
pn2018,tr10-0036,tr10-0036,C3-M2,train,301200,/data/gen/tokens/pn2018/tr10-0036__C3-M2.npy
pn2018,tr10-0036,tr10-0036,C4-M1,train,301200,/data/gen/tokens/pn2018/tr10-0036__C4-M1.npy
pn2018,tr10-0036,tr10-0036,O1-M2,train,301200,/data/gen/tokens/pn2018/tr10-0036__O1-M2.npy
pn2018,tr10-0036,tr10-0036,O2-M1,train,301200,/data/gen/tokens/pn2018/tr10-0036__O2-M1.npy
pn2018,tr10-0044,tr10-0044,F3-M2,train,258900,/data/gen/tokens/pn2018/tr10-0044__F3-M2.npy
pn2018,tr10-0044,tr10-0044,F4-M1,train,258900,/data/gen/tokens/pn2018/tr10-0044__F4-M1.npy
pn2018,tr10-0044,tr10-0044,C3-M2,train,258900,/data/gen/tokens/pn2018/tr10-0044__C3-M2.npy
pn2018,tr10-0044,tr10-0044,C4-M1,train,258900,/data/gen/tokens/pn2018/tr10-0044__C4-M1.npy
pn2018,tr10-0044,tr10-0044,O1-M2,train,258900,/data/gen/tokens/pn2018/tr10-0044__O1-M2.npy
pn2018,tr10-0044,tr10-0044,O2-M1,train,258900,/data/gen/tokens/pn2018/tr10-0044__O2-M1.npy
pn2018,tr10-0047,tr10-0047,F3-M2,train,300300,/data/gen/tokens/pn2018/tr10-0047__F3-M2.npy
pn2018,tr10-0047,tr10-0047,F4-M1,train,300300,/data/gen/tokens/pn2018/tr10-0047__F4-M1.npy
pn2018,tr10-0047,tr10-0047,C3-M2,train,300300,/data/gen/tokens/pn2018/tr10-0047__C3-M2.npy
pn2018,tr10-0047,tr10-0047,C4-M1,train,300300,/data/gen/tokens/pn2018/tr10-0047__C4-M1.npy
pn2018,tr10-0047,tr10-0047,O1-M2,train,300300,/data/gen/tokens/pn2018/tr10-0047__O1-M2.npy
pn2018,tr10-0047,tr10-0047,O2-M1,train,300300,/data/gen/tokens/pn2018/tr10-0047__O2-M1.npy
pn2018,tr10-0077,tr10-0077,F3-M2,train,294000,/data/gen/tokens/pn2018/tr10-0077__F3-M2.npy
pn2018,tr10-0077,tr10-0077,F4-M1,train,294000,/data/gen/tokens/pn2018/tr10-0077__F4-M1.npy
pn2018,tr10-0077,tr10-0077,C3-M2,train,294000,/data/gen/tokens/pn2018/tr10-0077__C3-M2.npy
pn2018,tr10-0077,tr10-0077,C4-M1,train,294000,/data/gen/tokens/pn2018/tr10-0077__C4-M1.npy
pn2018,tr10-0077,tr10-0077,O1-M2,train,294000,/data/gen/tokens/pn2018/tr10-0077__O1-M2.npy
pn2018,tr10-0077,tr10-0077,O2-M1,train,294000,/data/gen/tokens/pn2018/tr10-0077__O2-M1.npy
pn2018,tr10-0059,tr10-0059,F3-M2,train,297600,/data/gen/tokens/pn2018/tr10-0059__F3-M2.npy
pn2018,tr10-0059,tr10-0059,F4-M1,train,297600,/data/gen/tokens/pn2018/tr10-0059__F4-M1.npy
pn2018,tr10-0059,tr10-0059,C3-M2,train,297600,/data/gen/tokens/pn2018/tr10-0059__C3-M2.npy
pn2018,tr10-0059,tr10-0059,C4-M1,train,297600,/data/gen/tokens/pn2018/tr10-0059__C4-M1.npy
pn2018,tr10-0059,tr10-0059,O1-M2,train,297600,/data/gen/tokens/pn2018/tr10-0059__O1-M2.npy
pn2018,tr10-0059,tr10-0059,O2-M1,train,297600,/data/gen/tokens/pn2018/tr10-0059__O2-M1.npy
pn2018,tr10-0084,tr10-0084,F3-M2,train,282000,/data/gen/tokens/pn2018/tr10-0084__F3-M2.npy
pn2018,tr10-0084,tr10-0084,F4-M1,train,282000,/data/gen/tokens/pn2018/tr10-0084__F4-M1.npy
pn2018,tr10-0084,tr10-0084,C3-M2,train,282000,/data/gen/tokens/pn2018/tr10-0084__C3-M2.npy
pn2018,tr10-0084,tr10-0084,C4-M1,train,282000,/data/gen/tokens/pn2018/tr10-0084__C4-M1.npy
pn2018,tr10-0084,tr10-0084,O1-M2,train,282000,/data/gen/tokens/pn2018/tr10-0084__O1-M2.npy
pn2018,tr10-0084,tr10-0084,O2-M1,train,282000,/data/gen/tokens/pn2018/tr10-0084__O2-M1.npy
pn2018,tr10-0108,tr10-0108,F3-M2,train,254400,/data/gen/tokens/pn2018/tr10-0108__F3-M2.npy
pn2018,tr10-0108,tr10-0108,F4-M1,train,254400,/data/gen/tokens/pn2018/tr10-0108__F4-M1.npy
pn2018,tr10-0108,tr10-0108,C3-M2,train,254400,/data/gen/tokens/pn2018/tr10-0108__C3-M2.npy
pn2018,tr10-0108,tr10-0108,C4-M1,train,254400,/data/gen/tokens/pn2018/tr10-0108__C4-M1.npy
pn2018,tr10-0108,tr10-0108,O1-M2,train,254400,/data/gen/tokens/pn2018/tr10-0108__O1-M2.npy
pn2018,tr10-0108,tr10-0108,O2-M1,train,254400,/data/gen/tokens/pn2018/tr10-0108__O2-M1.npy
pn2018,tr10-0094,tr10-0094,F3-M2,train,258900,/data/gen/tokens/pn2018/tr10-0094__F3-M2.npy
pn2018,tr10-0094,tr10-0094,F4-M1,train,258900,/data/gen/tokens/pn2018/tr10-0094__F4-M1.npy
pn2018,tr10-0094,tr10-0094,C3-M2,train,258900,/data/gen/tokens/pn2018/tr10-0094__C3-M2.npy
pn2018,tr10-0094,tr10-0094,C4-M1,train,258900,/data/gen/tokens/pn2018/tr10-0094__C4-M1.npy
pn2018,tr10-0094,tr10-0094,O1-M2,train,258900,/data/gen/tokens/pn2018/tr10-0094__O1-M2.npy
pn2018,tr10-0094,tr10-0094,O2-M1,train,258900,/data/gen/tokens/pn2018/tr10-0094__O2-M1.npy
pn2018,tr10-0114,tr10-0114,F3-M2,train,255300,/data/gen/tokens/pn2018/tr10-0114__F3-M2.npy
pn2018,tr10-0114,tr10-0114,F4-M1,train,255300,/data/gen/tokens/pn2018/tr10-0114__F4-M1.npy
pn2018,tr10-0114,tr10-0114,C3-M2,train,255300,/data/gen/tokens/pn2018/tr10-0114__C3-M2.npy
pn2018,tr10-0114,tr10-0114,C4-M1,train,255300,/data/gen/tokens/pn2018/tr10-0114__C4-M1.npy
pn2018,tr10-0114,tr10-0114,O1-M2,train,255300,/data/gen/tokens/pn2018/tr10-0114__O1-M2.npy
pn2018,tr10-0114,tr10-0114,O2-M1,train,255300,/data/gen/tokens/pn2018/tr10-0114__O2-M1.npy
pn2018,tr10-0141,tr10-0141,F3-M2,heldout,285000,/data/gen/tokens/pn2018/tr10-0141__F3-M2.npy
pn2018,tr10-0141,tr10-0141,F4-M1,heldout,285000,/data/gen/tokens/pn2018/tr10-0141__F4-M1.npy
pn2018,tr10-0141,tr10-0141,C3-M2,heldout,285000,/data/gen/tokens/pn2018/tr10-0141__C3-M2.npy
pn2018,tr10-0141,tr10-0141,C4-M1,heldout,285000,/data/gen/tokens/pn2018/tr10-0141__C4-M1.npy
pn2018,tr10-0141,tr10-0141,O1-M2,heldout,285000,/data/gen/tokens/pn2018/tr10-0141__O1-M2.npy
pn2018,tr10-0141,tr10-0141,O2-M1,heldout,285000,/data/gen/tokens/pn2018/tr10-0141__O2-M1.npy
pn2018,tr10-0169,tr10-0169,F3-M2,train,296100,/data/gen/tokens/pn2018/tr10-0169__F3-M2.npy
pn2018,tr10-0169,tr10-0169,F4-M1,train,296100,/data/gen/tokens/pn2018/tr10-0169__F4-M1.npy
pn2018,tr10-0169,tr10-0169,C3-M2,train,296100,/data/gen/tokens/pn2018/tr10-0169__C3-M2.npy
pn2018,tr10-0169,tr10-0169,C4-M1,train,296100,/data/gen/tokens/pn2018/tr10-0169__C4-M1.npy
pn2018,tr10-0169,tr10-0169,O1-M2,train,296100,/data/gen/tokens/pn2018/tr10-0169__O1-M2.npy
pn2018,tr10-0169,tr10-0169,O2-M1,train,296100,/data/gen/tokens/pn2018/tr10-0169__O2-M1.npy
pn2018,tr10-0191,tr10-0191,F3-M2,train,268800,/data/gen/tokens/pn2018/tr10-0191__F3-M2.npy
pn2018,tr10-0191,tr10-0191,F4-M1,train,268800,/data/gen/tokens/pn2018/tr10-0191__F4-M1.npy
pn2018,tr10-0191,tr10-0191,C3-M2,train,268800,/data/gen/tokens/pn2018/tr10-0191__C3-M2.npy
pn2018,tr10-0191,tr10-0191,C4-M1,train,268800,/data/gen/tokens/pn2018/tr10-0191__C4-M1.npy
pn2018,tr10-0191,tr10-0191,O1-M2,train,268800,/data/gen/tokens/pn2018/tr10-0191__O1-M2.npy
pn2018,tr10-0191,tr10-0191,O2-M1,train,268800,/data/gen/tokens/pn2018/tr10-0191__O2-M1.npy
pn2018,tr10-0251,tr10-0251,F3-M2,train,290700,/data/gen/tokens/pn2018/tr10-0251__F3-M2.npy
pn2018,tr10-0251,tr10-0251,F4-M1,train,290700,/data/gen/tokens/pn2018/tr10-0251__F4-M1.npy
pn2018,tr10-0251,tr10-0251,C3-M2,train,290700,/data/gen/tokens/pn2018/tr10-0251__C3-M2.npy
pn2018,tr10-0251,tr10-0251,C4-M1,train,290700,/data/gen/tokens/pn2018/tr10-0251__C4-M1.npy
pn2018,tr10-0251,tr10-0251,O1-M2,train,290700,/data/gen/tokens/pn2018/tr10-0251__O1-M2.npy
pn2018,tr10-0251,tr10-0251,O2-M1,train,290700,/data/gen/tokens/pn2018/tr10-0251__O2-M1.npy
pn2018,tr10-0263,tr10-0263,F3-M2,train,280500,/data/gen/tokens/pn2018/tr10-0263__F3-M2.npy
pn2018,tr10-0263,tr10-0263,F4-M1,train,280500,/data/gen/tokens/pn2018/tr10-0263__F4-M1.npy
pn2018,tr10-0263,tr10-0263,C3-M2,train,280500,/data/gen/tokens/pn2018/tr10-0263__C3-M2.npy
pn2018,tr10-0263,tr10-0263,C4-M1,train,280500,/data/gen/tokens/pn2018/tr10-0263__C4-M1.npy
pn2018,tr10-0263,tr10-0263,O1-M2,train,280500,/data/gen/tokens/pn2018/tr10-0263__O1-M2.npy
pn2018,tr10-0263,tr10-0263,O2-M1,train,280500,/data/gen/tokens/pn2018/tr10-0263__O2-M1.npy
pn2018,tr10-0247,tr10-0247,F3-M2,train,288000,/data/gen/tokens/pn2018/tr10-0247__F3-M2.npy
pn2018,tr10-0247,tr10-0247,F4-M1,train,288000,/data/gen/tokens/pn2018/tr10-0247__F4-M1.npy
pn2018,tr10-0247,tr10-0247,C3-M2,train,288000,/data/gen/tokens/pn2018/tr10-0247__C3-M2.npy
pn2018,tr10-0247,tr10-0247,C4-M1,train,288000,/data/gen/tokens/pn2018/tr10-0247__C4-M1.npy
pn2018,tr10-0247,tr10-0247,O1-M2,train,288000,/data/gen/tokens/pn2018/tr10-0247__O1-M2.npy
pn2018,tr10-0247,tr10-0247,O2-M1,train,288000,/data/gen/tokens/pn2018/tr10-0247__O2-M1.npy
pn2018,tr10-0306,tr10-0306,F3-M2,train,307200,/data/gen/tokens/pn2018/tr10-0306__F3-M2.npy
pn2018,tr10-0306,tr10-0306,F4-M1,train,307200,/data/gen/tokens/pn2018/tr10-0306__F4-M1.npy
pn2018,tr10-0306,tr10-0306,C3-M2,train,307200,/data/gen/tokens/pn2018/tr10-0306__C3-M2.npy
pn2018,tr10-0306,tr10-0306,C4-M1,train,307200,/data/gen/tokens/pn2018/tr10-0306__C4-M1.npy
pn2018,tr10-0306,tr10-0306,O1-M2,train,307200,/data/gen/tokens/pn2018/tr10-0306__O1-M2.npy
pn2018,tr10-0306,tr10-0306,O2-M1,train,307200,/data/gen/tokens/pn2018/tr10-0306__O2-M1.npy
pn2018,tr10-0368,tr10-0368,F3-M2,train,250800,/data/gen/tokens/pn2018/tr10-0368__F3-M2.npy
pn2018,tr10-0368,tr10-0368,F4-M1,train,250800,/data/gen/tokens/pn2018/tr10-0368__F4-M1.npy
pn2018,tr10-0368,tr10-0368,C3-M2,train,250800,/data/gen/tokens/pn2018/tr10-0368__C3-M2.npy
pn2018,tr10-0368,tr10-0368,C4-M1,train,250800,/data/gen/tokens/pn2018/tr10-0368__C4-M1.npy
pn2018,tr10-0368,tr10-0368,O1-M2,train,250800,/data/gen/tokens/pn2018/tr10-0368__O1-M2.npy
pn2018,tr10-0368,tr10-0368,O2-M1,train,250800,/data/gen/tokens/pn2018/tr10-0368__O2-M1.npy
pn2018,tr10-0350,tr10-0350,F3-M2,train,294300,/data/gen/tokens/pn2018/tr10-0350__F3-M2.npy
pn2018,tr10-0350,tr10-0350,F4-M1,train,294300,/data/gen/tokens/pn2018/tr10-0350__F4-M1.npy
pn2018,tr10-0350,tr10-0350,C3-M2,train,294300,/data/gen/tokens/pn2018/tr10-0350__C3-M2.npy
pn2018,tr10-0350,tr10-0350,C4-M1,train,294300,/data/gen/tokens/pn2018/tr10-0350__C4-M1.npy
pn2018,tr10-0350,tr10-0350,O1-M2,train,294300,/data/gen/tokens/pn2018/tr10-0350__O1-M2.npy
pn2018,tr10-0350,tr10-0350,O2-M1,train,294300,/data/gen/tokens/pn2018/tr10-0350__O2-M1.npy
pn2018,tr10-0336,tr10-0336,F3-M2,train,276600,/data/gen/tokens/pn2018/tr10-0336__F3-M2.npy
pn2018,tr10-0336,tr10-0336,F4-M1,train,276600,/data/gen/tokens/pn2018/tr10-0336__F4-M1.npy
pn2018,tr10-0336,tr10-0336,C3-M2,train,276600,/data/gen/tokens/pn2018/tr10-0336__C3-M2.npy
pn2018,tr10-0336,tr10-0336,C4-M1,train,276600,/data/gen/tokens/pn2018/tr10-0336__C4-M1.npy
pn2018,tr10-0336,tr10-0336,O1-M2,train,276600,/data/gen/tokens/pn2018/tr10-0336__O1-M2.npy
pn2018,tr10-0336,tr10-0336,O2-M1,train,276600,/data/gen/tokens/pn2018/tr10-0336__O2-M1.npy
pn2018,tr10-0363,tr10-0363,F3-M2,train,273900,/data/gen/tokens/pn2018/tr10-0363__F3-M2.npy
pn2018,tr10-0363,tr10-0363,F4-M1,train,273900,/data/gen/tokens/pn2018/tr10-0363__F4-M1.npy
pn2018,tr10-0363,tr10-0363,C3-M2,train,273900,/data/gen/tokens/pn2018/tr10-0363__C3-M2.npy
pn2018,tr10-0363,tr10-0363,C4-M1,train,273900,/data/gen/tokens/pn2018/tr10-0363__C4-M1.npy
pn2018,tr10-0363,tr10-0363,O1-M2,train,273900,/data/gen/tokens/pn2018/tr10-0363__O1-M2.npy
pn2018,tr10-0363,tr10-0363,O2-M1,train,273900,/data/gen/tokens/pn2018/tr10-0363__O2-M1.npy
pn2018,tr10-0413,tr10-0413,F3-M2,train,244800,/data/gen/tokens/pn2018/tr10-0413__F3-M2.npy
pn2018,tr10-0413,tr10-0413,F4-M1,train,244800,/data/gen/tokens/pn2018/tr10-0413__F4-M1.npy
pn2018,tr10-0413,tr10-0413,C3-M2,train,244800,/data/gen/tokens/pn2018/tr10-0413__C3-M2.npy
pn2018,tr10-0413,tr10-0413,C4-M1,train,244800,/data/gen/tokens/pn2018/tr10-0413__C4-M1.npy
pn2018,tr10-0413,tr10-0413,O1-M2,train,244800,/data/gen/tokens/pn2018/tr10-0413__O1-M2.npy
pn2018,tr10-0413,tr10-0413,O2-M1,train,244800,/data/gen/tokens/pn2018/tr10-0413__O2-M1.npy
pn2018,tr10-0392,tr10-0392,F3-M2,train,282600,/data/gen/tokens/pn2018/tr10-0392__F3-M2.npy
pn2018,tr10-0392,tr10-0392,F4-M1,train,282600,/data/gen/tokens/pn2018/tr10-0392__F4-M1.npy
pn2018,tr10-0392,tr10-0392,C3-M2,train,282600,/data/gen/tokens/pn2018/tr10-0392__C3-M2.npy
pn2018,tr10-0392,tr10-0392,C4-M1,train,282600,/data/gen/tokens/pn2018/tr10-0392__C4-M1.npy
pn2018,tr10-0392,tr10-0392,O1-M2,train,282600,/data/gen/tokens/pn2018/tr10-0392__O1-M2.npy
pn2018,tr10-0392,tr10-0392,O2-M1,train,282600,/data/gen/tokens/pn2018/tr10-0392__O2-M1.npy
pn2018,tr10-0442,tr10-0442,F3-M2,train,253200,/data/gen/tokens/pn2018/tr10-0442__F3-M2.npy
pn2018,tr10-0442,tr10-0442,F4-M1,train,253200,/data/gen/tokens/pn2018/tr10-0442__F4-M1.npy
pn2018,tr10-0442,tr10-0442,C3-M2,train,253200,/data/gen/tokens/pn2018/tr10-0442__C3-M2.npy
pn2018,tr10-0442,tr10-0442,C4-M1,train,253200,/data/gen/tokens/pn2018/tr10-0442__C4-M1.npy
pn2018,tr10-0442,tr10-0442,O1-M2,train,253200,/data/gen/tokens/pn2018/tr10-0442__O1-M2.npy
pn2018,tr10-0442,tr10-0442,O2-M1,train,253200,/data/gen/tokens/pn2018/tr10-0442__O2-M1.npy
pn2018,tr10-0423,tr10-0423,F3-M2,train,294000,/data/gen/tokens/pn2018/tr10-0423__F3-M2.npy
pn2018,tr10-0423,tr10-0423,F4-M1,train,294000,/data/gen/tokens/pn2018/tr10-0423__F4-M1.npy
pn2018,tr10-0423,tr10-0423,C3-M2,train,294000,/data/gen/tokens/pn2018/tr10-0423__C3-M2.npy
pn2018,tr10-0423,tr10-0423,C4-M1,train,294000,/data/gen/tokens/pn2018/tr10-0423__C4-M1.npy
pn2018,tr10-0423,tr10-0423,O1-M2,train,294000,/data/gen/tokens/pn2018/tr10-0423__O1-M2.npy
pn2018,tr10-0423,tr10-0423,O2-M1,train,294000,/data/gen/tokens/pn2018/tr10-0423__O2-M1.npy
pn2018,tr10-0447,tr10-0447,F3-M2,train,276900,/data/gen/tokens/pn2018/tr10-0447__F3-M2.npy
pn2018,tr10-0447,tr10-0447,F4-M1,train,276900,/data/gen/tokens/pn2018/tr10-0447__F4-M1.npy
pn2018,tr10-0447,tr10-0447,C3-M2,train,276900,/data/gen/tokens/pn2018/tr10-0447__C3-M2.npy
pn2018,tr10-0447,tr10-0447,C4-M1,train,276900,/data/gen/tokens/pn2018/tr10-0447__C4-M1.npy
pn2018,tr10-0447,tr10-0447,O1-M2,train,276900,/data/gen/tokens/pn2018/tr10-0447__O1-M2.npy
pn2018,tr10-0447,tr10-0447,O2-M1,train,276900,/data/gen/tokens/pn2018/tr10-0447__O2-M1.npy
pn2018,tr10-0477,tr10-0477,F3-M2,train,257100,/data/gen/tokens/pn2018/tr10-0477__F3-M2.npy
pn2018,tr10-0477,tr10-0477,F4-M1,train,257100,/data/gen/tokens/pn2018/tr10-0477__F4-M1.npy
pn2018,tr10-0477,tr10-0477,C3-M2,train,257100,/data/gen/tokens/pn2018/tr10-0477__C3-M2.npy
pn2018,tr10-0477,tr10-0477,C4-M1,train,257100,/data/gen/tokens/pn2018/tr10-0477__C4-M1.npy
pn2018,tr10-0477,tr10-0477,O1-M2,train,257100,/data/gen/tokens/pn2018/tr10-0477__O1-M2.npy
pn2018,tr10-0477,tr10-0477,O2-M1,train,257100,/data/gen/tokens/pn2018/tr10-0477__O2-M1.npy
pn2018,tr10-0509,tr10-0509,F3-M2,train,281400,/data/gen/tokens/pn2018/tr10-0509__F3-M2.npy
pn2018,tr10-0509,tr10-0509,F4-M1,train,281400,/data/gen/tokens/pn2018/tr10-0509__F4-M1.npy
pn2018,tr10-0509,tr10-0509,C3-M2,train,281400,/data/gen/tokens/pn2018/tr10-0509__C3-M2.npy
pn2018,tr10-0509,tr10-0509,C4-M1,train,281400,/data/gen/tokens/pn2018/tr10-0509__C4-M1.npy
pn2018,tr10-0509,tr10-0509,O1-M2,train,281400,/data/gen/tokens/pn2018/tr10-0509__O1-M2.npy
pn2018,tr10-0509,tr10-0509,O2-M1,train,281400,/data/gen/tokens/pn2018/tr10-0509__O2-M1.npy
pn2018,tr10-0511,tr10-0511,F3-M2,train,273000,/data/gen/tokens/pn2018/tr10-0511__F3-M2.npy
pn2018,tr10-0511,tr10-0511,F4-M1,train,273000,/data/gen/tokens/pn2018/tr10-0511__F4-M1.npy
pn2018,tr10-0511,tr10-0511,C3-M2,train,273000,/data/gen/tokens/pn2018/tr10-0511__C3-M2.npy
pn2018,tr10-0511,tr10-0511,C4-M1,train,273000,/data/gen/tokens/pn2018/tr10-0511__C4-M1.npy
pn2018,tr10-0511,tr10-0511,O1-M2,train,273000,/data/gen/tokens/pn2018/tr10-0511__O1-M2.npy
pn2018,tr10-0511,tr10-0511,O2-M1,train,273000,/data/gen/tokens/pn2018/tr10-0511__O2-M1.npy
pn2018,tr10-0536,tr10-0536,F3-M2,train,306600,/data/gen/tokens/pn2018/tr10-0536__F3-M2.npy
pn2018,tr10-0536,tr10-0536,F4-M1,train,306600,/data/gen/tokens/pn2018/tr10-0536__F4-M1.npy
pn2018,tr10-0536,tr10-0536,C3-M2,train,306600,/data/gen/tokens/pn2018/tr10-0536__C3-M2.npy
pn2018,tr10-0536,tr10-0536,C4-M1,train,306600,/data/gen/tokens/pn2018/tr10-0536__C4-M1.npy
pn2018,tr10-0536,tr10-0536,O1-M2,train,306600,/data/gen/tokens/pn2018/tr10-0536__O1-M2.npy
pn2018,tr10-0536,tr10-0536,O2-M1,train,306600,/data/gen/tokens/pn2018/tr10-0536__O2-M1.npy
pn2018,tr10-0512,tr10-0512,F3-M2,train,279300,/data/gen/tokens/pn2018/tr10-0512__F3-M2.npy
pn2018,tr10-0512,tr10-0512,F4-M1,train,279300,/data/gen/tokens/pn2018/tr10-0512__F4-M1.npy
pn2018,tr10-0512,tr10-0512,C3-M2,train,279300,/data/gen/tokens/pn2018/tr10-0512__C3-M2.npy
pn2018,tr10-0512,tr10-0512,C4-M1,train,279300,/data/gen/tokens/pn2018/tr10-0512__C4-M1.npy
pn2018,tr10-0512,tr10-0512,O1-M2,train,279300,/data/gen/tokens/pn2018/tr10-0512__O1-M2.npy
pn2018,tr10-0512,tr10-0512,O2-M1,train,279300,/data/gen/tokens/pn2018/tr10-0512__O2-M1.npy
pn2018,tr10-0554,tr10-0554,F3-M2,train,302700,/data/gen/tokens/pn2018/tr10-0554__F3-M2.npy
pn2018,tr10-0554,tr10-0554,F4-M1,train,302700,/data/gen/tokens/pn2018/tr10-0554__F4-M1.npy
pn2018,tr10-0554,tr10-0554,C3-M2,train,302700,/data/gen/tokens/pn2018/tr10-0554__C3-M2.npy
pn2018,tr10-0554,tr10-0554,C4-M1,train,302700,/data/gen/tokens/pn2018/tr10-0554__C4-M1.npy
pn2018,tr10-0554,tr10-0554,O1-M2,train,302700,/data/gen/tokens/pn2018/tr10-0554__O1-M2.npy
pn2018,tr10-0554,tr10-0554,O2-M1,train,302700,/data/gen/tokens/pn2018/tr10-0554__O2-M1.npy
pn2018,tr10-0591,tr10-0591,F3-M2,train,265800,/data/gen/tokens/pn2018/tr10-0591__F3-M2.npy
pn2018,tr10-0591,tr10-0591,F4-M1,train,265800,/data/gen/tokens/pn2018/tr10-0591__F4-M1.npy
pn2018,tr10-0591,tr10-0591,C3-M2,train,265800,/data/gen/tokens/pn2018/tr10-0591__C3-M2.npy
pn2018,tr10-0591,tr10-0591,C4-M1,train,265800,/data/gen/tokens/pn2018/tr10-0591__C4-M1.npy
pn2018,tr10-0591,tr10-0591,O1-M2,train,265800,/data/gen/tokens/pn2018/tr10-0591__O1-M2.npy
pn2018,tr10-0591,tr10-0591,O2-M1,train,265800,/data/gen/tokens/pn2018/tr10-0591__O2-M1.npy
pn2018,tr10-0592,tr10-0592,F3-M2,train,291300,/data/gen/tokens/pn2018/tr10-0592__F3-M2.npy
pn2018,tr10-0592,tr10-0592,F4-M1,train,291300,/data/gen/tokens/pn2018/tr10-0592__F4-M1.npy
pn2018,tr10-0592,tr10-0592,C3-M2,train,291300,/data/gen/tokens/pn2018/tr10-0592__C3-M2.npy
pn2018,tr10-0592,tr10-0592,C4-M1,train,291300,/data/gen/tokens/pn2018/tr10-0592__C4-M1.npy
pn2018,tr10-0592,tr10-0592,O1-M2,train,291300,/data/gen/tokens/pn2018/tr10-0592__O1-M2.npy
pn2018,tr10-0592,tr10-0592,O2-M1,train,291300,/data/gen/tokens/pn2018/tr10-0592__O2-M1.npy
pn2018,tr10-0598,tr10-0598,F3-M2,train,244200,/data/gen/tokens/pn2018/tr10-0598__F3-M2.npy
pn2018,tr10-0598,tr10-0598,F4-M1,train,244200,/data/gen/tokens/pn2018/tr10-0598__F4-M1.npy
pn2018,tr10-0598,tr10-0598,C3-M2,train,244200,/data/gen/tokens/pn2018/tr10-0598__C3-M2.npy
pn2018,tr10-0598,tr10-0598,C4-M1,train,244200,/data/gen/tokens/pn2018/tr10-0598__C4-M1.npy
pn2018,tr10-0598,tr10-0598,O1-M2,train,244200,/data/gen/tokens/pn2018/tr10-0598__O1-M2.npy
pn2018,tr10-0598,tr10-0598,O2-M1,train,244200,/data/gen/tokens/pn2018/tr10-0598__O2-M1.npy
pn2018,tr10-0621,tr10-0621,F3-M2,train,255000,/data/gen/tokens/pn2018/tr10-0621__F3-M2.npy
pn2018,tr10-0621,tr10-0621,F4-M1,train,255000,/data/gen/tokens/pn2018/tr10-0621__F4-M1.npy
pn2018,tr10-0621,tr10-0621,C3-M2,train,255000,/data/gen/tokens/pn2018/tr10-0621__C3-M2.npy
pn2018,tr10-0621,tr10-0621,C4-M1,train,255000,/data/gen/tokens/pn2018/tr10-0621__C4-M1.npy
pn2018,tr10-0621,tr10-0621,O1-M2,train,255000,/data/gen/tokens/pn2018/tr10-0621__O1-M2.npy
pn2018,tr10-0621,tr10-0621,O2-M1,train,255000,/data/gen/tokens/pn2018/tr10-0621__O2-M1.npy
pn2018,tr10-0626,tr10-0626,F3-M2,train,268800,/data/gen/tokens/pn2018/tr10-0626__F3-M2.npy
pn2018,tr10-0626,tr10-0626,F4-M1,train,268800,/data/gen/tokens/pn2018/tr10-0626__F4-M1.npy
pn2018,tr10-0626,tr10-0626,C3-M2,train,268800,/data/gen/tokens/pn2018/tr10-0626__C3-M2.npy
pn2018,tr10-0626,tr10-0626,C4-M1,train,268800,/data/gen/tokens/pn2018/tr10-0626__C4-M1.npy
pn2018,tr10-0626,tr10-0626,O1-M2,train,268800,/data/gen/tokens/pn2018/tr10-0626__O1-M2.npy
pn2018,tr10-0626,tr10-0626,O2-M1,train,268800,/data/gen/tokens/pn2018/tr10-0626__O2-M1.npy
pn2018,tr10-0628,tr10-0628,F3-M2,train,291300,/data/gen/tokens/pn2018/tr10-0628__F3-M2.npy
pn2018,tr10-0628,tr10-0628,F4-M1,train,291300,/data/gen/tokens/pn2018/tr10-0628__F4-M1.npy
pn2018,tr10-0628,tr10-0628,C3-M2,train,291300,/data/gen/tokens/pn2018/tr10-0628__C3-M2.npy
pn2018,tr10-0628,tr10-0628,C4-M1,train,291300,/data/gen/tokens/pn2018/tr10-0628__C4-M1.npy
pn2018,tr10-0628,tr10-0628,O1-M2,train,291300,/data/gen/tokens/pn2018/tr10-0628__O1-M2.npy
pn2018,tr10-0628,tr10-0628,O2-M1,train,291300,/data/gen/tokens/pn2018/tr10-0628__O2-M1.npy
pn2018,tr10-0707,tr10-0707,F3-M2,train,238500,/data/gen/tokens/pn2018/tr10-0707__F3-M2.npy
pn2018,tr10-0707,tr10-0707,F4-M1,train,238500,/data/gen/tokens/pn2018/tr10-0707__F4-M1.npy
pn2018,tr10-0707,tr10-0707,C3-M2,train,238500,/data/gen/tokens/pn2018/tr10-0707__C3-M2.npy
pn2018,tr10-0707,tr10-0707,C4-M1,train,238500,/data/gen/tokens/pn2018/tr10-0707__C4-M1.npy
pn2018,tr10-0707,tr10-0707,O1-M2,train,238500,/data/gen/tokens/pn2018/tr10-0707__O1-M2.npy
pn2018,tr10-0707,tr10-0707,O2-M1,train,238500,/data/gen/tokens/pn2018/tr10-0707__O2-M1.npy
pn2018,tr10-0635,tr10-0635,F3-M2,train,271200,/data/gen/tokens/pn2018/tr10-0635__F3-M2.npy
pn2018,tr10-0635,tr10-0635,F4-M1,train,271200,/data/gen/tokens/pn2018/tr10-0635__F4-M1.npy
pn2018,tr10-0635,tr10-0635,C3-M2,train,271200,/data/gen/tokens/pn2018/tr10-0635__C3-M2.npy
pn2018,tr10-0635,tr10-0635,C4-M1,train,271200,/data/gen/tokens/pn2018/tr10-0635__C4-M1.npy
pn2018,tr10-0635,tr10-0635,O1-M2,train,271200,/data/gen/tokens/pn2018/tr10-0635__O1-M2.npy
pn2018,tr10-0635,tr10-0635,O2-M1,train,271200,/data/gen/tokens/pn2018/tr10-0635__O2-M1.npy
pn2018,tr10-0704,tr10-0704,F3-M2,train,265500,/data/gen/tokens/pn2018/tr10-0704__F3-M2.npy
pn2018,tr10-0704,tr10-0704,F4-M1,train,265500,/data/gen/tokens/pn2018/tr10-0704__F4-M1.npy
pn2018,tr10-0704,tr10-0704,C3-M2,train,265500,/data/gen/tokens/pn2018/tr10-0704__C3-M2.npy
pn2018,tr10-0704,tr10-0704,C4-M1,train,265500,/data/gen/tokens/pn2018/tr10-0704__C4-M1.npy
pn2018,tr10-0704,tr10-0704,O1-M2,train,265500,/data/gen/tokens/pn2018/tr10-0704__O1-M2.npy
pn2018,tr10-0704,tr10-0704,O2-M1,train,265500,/data/gen/tokens/pn2018/tr10-0704__O2-M1.npy
pn2018,tr10-0740,tr10-0740,F3-M2,train,284700,/data/gen/tokens/pn2018/tr10-0740__F3-M2.npy
pn2018,tr10-0740,tr10-0740,F4-M1,train,284700,/data/gen/tokens/pn2018/tr10-0740__F4-M1.npy
pn2018,tr10-0740,tr10-0740,C3-M2,train,284700,/data/gen/tokens/pn2018/tr10-0740__C3-M2.npy
pn2018,tr10-0740,tr10-0740,C4-M1,train,284700,/data/gen/tokens/pn2018/tr10-0740__C4-M1.npy
pn2018,tr10-0740,tr10-0740,O1-M2,train,284700,/data/gen/tokens/pn2018/tr10-0740__O1-M2.npy
pn2018,tr10-0740,tr10-0740,O2-M1,train,284700,/data/gen/tokens/pn2018/tr10-0740__O2-M1.npy
pn2018,tr10-0728,tr10-0728,F3-M2,train,327900,/data/gen/tokens/pn2018/tr10-0728__F3-M2.npy
pn2018,tr10-0728,tr10-0728,F4-M1,train,327900,/data/gen/tokens/pn2018/tr10-0728__F4-M1.npy
pn2018,tr10-0728,tr10-0728,C3-M2,train,327900,/data/gen/tokens/pn2018/tr10-0728__C3-M2.npy
pn2018,tr10-0728,tr10-0728,C4-M1,train,327900,/data/gen/tokens/pn2018/tr10-0728__C4-M1.npy
pn2018,tr10-0728,tr10-0728,O1-M2,train,327900,/data/gen/tokens/pn2018/tr10-0728__O1-M2.npy
pn2018,tr10-0728,tr10-0728,O2-M1,train,327900,/data/gen/tokens/pn2018/tr10-0728__O2-M1.npy
pn2018,tr10-0731,tr10-0731,F3-M2,heldout,284400,/data/gen/tokens/pn2018/tr10-0731__F3-M2.npy
pn2018,tr10-0731,tr10-0731,F4-M1,heldout,284400,/data/gen/tokens/pn2018/tr10-0731__F4-M1.npy
pn2018,tr10-0731,tr10-0731,C3-M2,heldout,284400,/data/gen/tokens/pn2018/tr10-0731__C3-M2.npy
pn2018,tr10-0731,tr10-0731,C4-M1,heldout,284400,/data/gen/tokens/pn2018/tr10-0731__C4-M1.npy
pn2018,tr10-0731,tr10-0731,O1-M2,heldout,284400,/data/gen/tokens/pn2018/tr10-0731__O1-M2.npy
pn2018,tr10-0731,tr10-0731,O2-M1,heldout,284400,/data/gen/tokens/pn2018/tr10-0731__O2-M1.npy
pn2018,tr10-0752,tr10-0752,F3-M2,train,257400,/data/gen/tokens/pn2018/tr10-0752__F3-M2.npy
pn2018,tr10-0752,tr10-0752,F4-M1,train,257400,/data/gen/tokens/pn2018/tr10-0752__F4-M1.npy
pn2018,tr10-0752,tr10-0752,C3-M2,train,257400,/data/gen/tokens/pn2018/tr10-0752__C3-M2.npy
pn2018,tr10-0752,tr10-0752,C4-M1,train,257400,/data/gen/tokens/pn2018/tr10-0752__C4-M1.npy
pn2018,tr10-0752,tr10-0752,O1-M2,train,257400,/data/gen/tokens/pn2018/tr10-0752__O1-M2.npy
pn2018,tr10-0752,tr10-0752,O2-M1,train,257400,/data/gen/tokens/pn2018/tr10-0752__O2-M1.npy
pn2018,tr10-0762,tr10-0762,F3-M2,train,238500,/data/gen/tokens/pn2018/tr10-0762__F3-M2.npy
pn2018,tr10-0762,tr10-0762,F4-M1,train,238500,/data/gen/tokens/pn2018/tr10-0762__F4-M1.npy
pn2018,tr10-0762,tr10-0762,C3-M2,train,238500,/data/gen/tokens/pn2018/tr10-0762__C3-M2.npy
pn2018,tr10-0762,tr10-0762,C4-M1,train,238500,/data/gen/tokens/pn2018/tr10-0762__C4-M1.npy
pn2018,tr10-0762,tr10-0762,O1-M2,train,238500,/data/gen/tokens/pn2018/tr10-0762__O1-M2.npy
pn2018,tr10-0762,tr10-0762,O2-M1,train,238500,/data/gen/tokens/pn2018/tr10-0762__O2-M1.npy
pn2018,tr10-0768,tr10-0768,F3-M2,train,241800,/data/gen/tokens/pn2018/tr10-0768__F3-M2.npy
pn2018,tr10-0768,tr10-0768,F4-M1,train,241800,/data/gen/tokens/pn2018/tr10-0768__F4-M1.npy
pn2018,tr10-0768,tr10-0768,C3-M2,train,241800,/data/gen/tokens/pn2018/tr10-0768__C3-M2.npy
pn2018,tr10-0768,tr10-0768,C4-M1,train,241800,/data/gen/tokens/pn2018/tr10-0768__C4-M1.npy
pn2018,tr10-0768,tr10-0768,O1-M2,train,241800,/data/gen/tokens/pn2018/tr10-0768__O1-M2.npy
pn2018,tr10-0768,tr10-0768,O2-M1,train,241800,/data/gen/tokens/pn2018/tr10-0768__O2-M1.npy
pn2018,tr10-0771,tr10-0771,F3-M2,train,291900,/data/gen/tokens/pn2018/tr10-0771__F3-M2.npy
pn2018,tr10-0771,tr10-0771,F4-M1,train,291900,/data/gen/tokens/pn2018/tr10-0771__F4-M1.npy
pn2018,tr10-0771,tr10-0771,C3-M2,train,291900,/data/gen/tokens/pn2018/tr10-0771__C3-M2.npy
pn2018,tr10-0771,tr10-0771,C4-M1,train,291900,/data/gen/tokens/pn2018/tr10-0771__C4-M1.npy
pn2018,tr10-0771,tr10-0771,O1-M2,train,291900,/data/gen/tokens/pn2018/tr10-0771__O1-M2.npy
pn2018,tr10-0771,tr10-0771,O2-M1,train,291900,/data/gen/tokens/pn2018/tr10-0771__O2-M1.npy
pn2018,tr10-0808,tr10-0808,F3-M2,train,311700,/data/gen/tokens/pn2018/tr10-0808__F3-M2.npy
pn2018,tr10-0808,tr10-0808,F4-M1,train,311700,/data/gen/tokens/pn2018/tr10-0808__F4-M1.npy
pn2018,tr10-0808,tr10-0808,C3-M2,train,311700,/data/gen/tokens/pn2018/tr10-0808__C3-M2.npy
pn2018,tr10-0808,tr10-0808,C4-M1,train,311700,/data/gen/tokens/pn2018/tr10-0808__C4-M1.npy
pn2018,tr10-0808,tr10-0808,O1-M2,train,311700,/data/gen/tokens/pn2018/tr10-0808__O1-M2.npy
pn2018,tr10-0808,tr10-0808,O2-M1,train,311700,/data/gen/tokens/pn2018/tr10-0808__O2-M1.npy
pn2018,tr10-0832,tr10-0832,F3-M2,train,302400,/data/gen/tokens/pn2018/tr10-0832__F3-M2.npy
pn2018,tr10-0832,tr10-0832,F4-M1,train,302400,/data/gen/tokens/pn2018/tr10-0832__F4-M1.npy
pn2018,tr10-0832,tr10-0832,C3-M2,train,302400,/data/gen/tokens/pn2018/tr10-0832__C3-M2.npy
pn2018,tr10-0832,tr10-0832,C4-M1,train,302400,/data/gen/tokens/pn2018/tr10-0832__C4-M1.npy
pn2018,tr10-0832,tr10-0832,O1-M2,train,302400,/data/gen/tokens/pn2018/tr10-0832__O1-M2.npy
pn2018,tr10-0832,tr10-0832,O2-M1,train,302400,/data/gen/tokens/pn2018/tr10-0832__O2-M1.npy
pn2018,tr10-0864,tr10-0864,F3-M2,train,263100,/data/gen/tokens/pn2018/tr10-0864__F3-M2.npy
pn2018,tr10-0864,tr10-0864,F4-M1,train,263100,/data/gen/tokens/pn2018/tr10-0864__F4-M1.npy
pn2018,tr10-0864,tr10-0864,C3-M2,train,263100,/data/gen/tokens/pn2018/tr10-0864__C3-M2.npy
pn2018,tr10-0864,tr10-0864,C4-M1,train,263100,/data/gen/tokens/pn2018/tr10-0864__C4-M1.npy
pn2018,tr10-0864,tr10-0864,O1-M2,train,263100,/data/gen/tokens/pn2018/tr10-0864__O1-M2.npy
pn2018,tr10-0864,tr10-0864,O2-M1,train,263100,/data/gen/tokens/pn2018/tr10-0864__O2-M1.npy
pn2018,tr10-0853,tr10-0853,F3-M2,train,308400,/data/gen/tokens/pn2018/tr10-0853__F3-M2.npy
pn2018,tr10-0853,tr10-0853,F4-M1,train,308400,/data/gen/tokens/pn2018/tr10-0853__F4-M1.npy
pn2018,tr10-0853,tr10-0853,C3-M2,train,308400,/data/gen/tokens/pn2018/tr10-0853__C3-M2.npy
pn2018,tr10-0853,tr10-0853,C4-M1,train,308400,/data/gen/tokens/pn2018/tr10-0853__C4-M1.npy
pn2018,tr10-0853,tr10-0853,O1-M2,train,308400,/data/gen/tokens/pn2018/tr10-0853__O1-M2.npy
pn2018,tr10-0853,tr10-0853,O2-M1,train,308400,/data/gen/tokens/pn2018/tr10-0853__O2-M1.npy
pn2018,tr10-0869,tr10-0869,F3-M2,heldout,297900,/data/gen/tokens/pn2018/tr10-0869__F3-M2.npy
pn2018,tr10-0869,tr10-0869,F4-M1,heldout,297900,/data/gen/tokens/pn2018/tr10-0869__F4-M1.npy
pn2018,tr10-0869,tr10-0869,C3-M2,heldout,297900,/data/gen/tokens/pn2018/tr10-0869__C3-M2.npy
pn2018,tr10-0869,tr10-0869,C4-M1,heldout,297900,/data/gen/tokens/pn2018/tr10-0869__C4-M1.npy
pn2018,tr10-0869,tr10-0869,O1-M2,heldout,297900,/data/gen/tokens/pn2018/tr10-0869__O1-M2.npy
pn2018,tr10-0869,tr10-0869,O2-M1,heldout,297900,/data/gen/tokens/pn2018/tr10-0869__O2-M1.npy
pn2018,tr11-0016,tr11-0016,F3-M2,train,283500,/data/gen/tokens/pn2018/tr11-0016__F3-M2.npy
pn2018,tr11-0016,tr11-0016,F4-M1,train,283500,/data/gen/tokens/pn2018/tr11-0016__F4-M1.npy
pn2018,tr11-0016,tr11-0016,C3-M2,train,283500,/data/gen/tokens/pn2018/tr11-0016__C3-M2.npy
pn2018,tr11-0016,tr11-0016,C4-M1,train,283500,/data/gen/tokens/pn2018/tr11-0016__C4-M1.npy
pn2018,tr11-0016,tr11-0016,O1-M2,train,283500,/data/gen/tokens/pn2018/tr11-0016__O1-M2.npy
pn2018,tr11-0016,tr11-0016,O2-M1,train,283500,/data/gen/tokens/pn2018/tr11-0016__O2-M1.npy
pn2018,tr10-0872,tr10-0872,F3-M2,train,295200,/data/gen/tokens/pn2018/tr10-0872__F3-M2.npy
pn2018,tr10-0872,tr10-0872,F4-M1,train,295200,/data/gen/tokens/pn2018/tr10-0872__F4-M1.npy
pn2018,tr10-0872,tr10-0872,C3-M2,train,295200,/data/gen/tokens/pn2018/tr10-0872__C3-M2.npy
pn2018,tr10-0872,tr10-0872,C4-M1,train,295200,/data/gen/tokens/pn2018/tr10-0872__C4-M1.npy
pn2018,tr10-0872,tr10-0872,O1-M2,train,295200,/data/gen/tokens/pn2018/tr10-0872__O1-M2.npy
pn2018,tr10-0872,tr10-0872,O2-M1,train,295200,/data/gen/tokens/pn2018/tr10-0872__O2-M1.npy
pn2018,tr11-0006,tr11-0006,F3-M2,train,274200,/data/gen/tokens/pn2018/tr11-0006__F3-M2.npy
pn2018,tr11-0006,tr11-0006,F4-M1,train,274200,/data/gen/tokens/pn2018/tr11-0006__F4-M1.npy
pn2018,tr11-0006,tr11-0006,C3-M2,train,274200,/data/gen/tokens/pn2018/tr11-0006__C3-M2.npy
pn2018,tr11-0006,tr11-0006,C4-M1,train,274200,/data/gen/tokens/pn2018/tr11-0006__C4-M1.npy
pn2018,tr11-0006,tr11-0006,O1-M2,train,274200,/data/gen/tokens/pn2018/tr11-0006__O1-M2.npy
pn2018,tr11-0006,tr11-0006,O2-M1,train,274200,/data/gen/tokens/pn2018/tr11-0006__O2-M1.npy
pn2018,tr11-0024,tr11-0024,F3-M2,train,299700,/data/gen/tokens/pn2018/tr11-0024__F3-M2.npy
pn2018,tr11-0024,tr11-0024,F4-M1,train,299700,/data/gen/tokens/pn2018/tr11-0024__F4-M1.npy
pn2018,tr11-0024,tr11-0024,C3-M2,train,299700,/data/gen/tokens/pn2018/tr11-0024__C3-M2.npy
pn2018,tr11-0024,tr11-0024,C4-M1,train,299700,/data/gen/tokens/pn2018/tr11-0024__C4-M1.npy
pn2018,tr11-0024,tr11-0024,O1-M2,train,299700,/data/gen/tokens/pn2018/tr11-0024__O1-M2.npy
pn2018,tr11-0024,tr11-0024,O2-M1,train,299700,/data/gen/tokens/pn2018/tr11-0024__O2-M1.npy
pn2018,tr11-0025,tr11-0025,F3-M2,train,253500,/data/gen/tokens/pn2018/tr11-0025__F3-M2.npy
pn2018,tr11-0025,tr11-0025,F4-M1,train,253500,/data/gen/tokens/pn2018/tr11-0025__F4-M1.npy
pn2018,tr11-0025,tr11-0025,C3-M2,train,253500,/data/gen/tokens/pn2018/tr11-0025__C3-M2.npy
pn2018,tr11-0025,tr11-0025,C4-M1,train,253500,/data/gen/tokens/pn2018/tr11-0025__C4-M1.npy
pn2018,tr11-0025,tr11-0025,O1-M2,train,253500,/data/gen/tokens/pn2018/tr11-0025__O1-M2.npy
pn2018,tr11-0025,tr11-0025,O2-M1,train,253500,/data/gen/tokens/pn2018/tr11-0025__O2-M1.npy
pn2018,tr11-0029,tr11-0029,F3-M2,train,291600,/data/gen/tokens/pn2018/tr11-0029__F3-M2.npy
pn2018,tr11-0029,tr11-0029,F4-M1,train,291600,/data/gen/tokens/pn2018/tr11-0029__F4-M1.npy
pn2018,tr11-0029,tr11-0029,C3-M2,train,291600,/data/gen/tokens/pn2018/tr11-0029__C3-M2.npy
pn2018,tr11-0029,tr11-0029,C4-M1,train,291600,/data/gen/tokens/pn2018/tr11-0029__C4-M1.npy
pn2018,tr11-0029,tr11-0029,O1-M2,train,291600,/data/gen/tokens/pn2018/tr11-0029__O1-M2.npy
pn2018,tr11-0029,tr11-0029,O2-M1,train,291600,/data/gen/tokens/pn2018/tr11-0029__O2-M1.npy
pn2018,tr11-0050,tr11-0050,F3-M2,train,280800,/data/gen/tokens/pn2018/tr11-0050__F3-M2.npy
pn2018,tr11-0050,tr11-0050,F4-M1,train,280800,/data/gen/tokens/pn2018/tr11-0050__F4-M1.npy
pn2018,tr11-0050,tr11-0050,C3-M2,train,280800,/data/gen/tokens/pn2018/tr11-0050__C3-M2.npy
pn2018,tr11-0050,tr11-0050,C4-M1,train,280800,/data/gen/tokens/pn2018/tr11-0050__C4-M1.npy
pn2018,tr11-0050,tr11-0050,O1-M2,train,280800,/data/gen/tokens/pn2018/tr11-0050__O1-M2.npy
pn2018,tr11-0050,tr11-0050,O2-M1,train,280800,/data/gen/tokens/pn2018/tr11-0050__O2-M1.npy
pn2018,tr11-0042,tr11-0042,F3-M2,train,292800,/data/gen/tokens/pn2018/tr11-0042__F3-M2.npy
pn2018,tr11-0042,tr11-0042,F4-M1,train,292800,/data/gen/tokens/pn2018/tr11-0042__F4-M1.npy
pn2018,tr11-0042,tr11-0042,C3-M2,train,292800,/data/gen/tokens/pn2018/tr11-0042__C3-M2.npy
pn2018,tr11-0042,tr11-0042,C4-M1,train,292800,/data/gen/tokens/pn2018/tr11-0042__C4-M1.npy
pn2018,tr11-0042,tr11-0042,O1-M2,train,292800,/data/gen/tokens/pn2018/tr11-0042__O1-M2.npy
pn2018,tr11-0042,tr11-0042,O2-M1,train,292800,/data/gen/tokens/pn2018/tr11-0042__O2-M1.npy
pn2018,tr11-0072,tr11-0072,F3-M2,train,240900,/data/gen/tokens/pn2018/tr11-0072__F3-M2.npy
pn2018,tr11-0072,tr11-0072,F4-M1,train,240900,/data/gen/tokens/pn2018/tr11-0072__F4-M1.npy
pn2018,tr11-0072,tr11-0072,C3-M2,train,240900,/data/gen/tokens/pn2018/tr11-0072__C3-M2.npy
pn2018,tr11-0072,tr11-0072,C4-M1,train,240900,/data/gen/tokens/pn2018/tr11-0072__C4-M1.npy
pn2018,tr11-0072,tr11-0072,O1-M2,train,240900,/data/gen/tokens/pn2018/tr11-0072__O1-M2.npy
pn2018,tr11-0072,tr11-0072,O2-M1,train,240900,/data/gen/tokens/pn2018/tr11-0072__O2-M1.npy
pn2018,tr11-0059,tr11-0059,F3-M2,train,277500,/data/gen/tokens/pn2018/tr11-0059__F3-M2.npy
pn2018,tr11-0059,tr11-0059,F4-M1,train,277500,/data/gen/tokens/pn2018/tr11-0059__F4-M1.npy
pn2018,tr11-0059,tr11-0059,C3-M2,train,277500,/data/gen/tokens/pn2018/tr11-0059__C3-M2.npy
pn2018,tr11-0059,tr11-0059,C4-M1,train,277500,/data/gen/tokens/pn2018/tr11-0059__C4-M1.npy
pn2018,tr11-0059,tr11-0059,O1-M2,train,277500,/data/gen/tokens/pn2018/tr11-0059__O1-M2.npy
pn2018,tr11-0059,tr11-0059,O2-M1,train,277500,/data/gen/tokens/pn2018/tr11-0059__O2-M1.npy
pn2018,tr11-0064,tr11-0064,F3-M2,train,329400,/data/gen/tokens/pn2018/tr11-0064__F3-M2.npy
pn2018,tr11-0064,tr11-0064,F4-M1,train,329400,/data/gen/tokens/pn2018/tr11-0064__F4-M1.npy
pn2018,tr11-0064,tr11-0064,C3-M2,train,329400,/data/gen/tokens/pn2018/tr11-0064__C3-M2.npy
pn2018,tr11-0064,tr11-0064,C4-M1,train,329400,/data/gen/tokens/pn2018/tr11-0064__C4-M1.npy
pn2018,tr11-0064,tr11-0064,O1-M2,train,329400,/data/gen/tokens/pn2018/tr11-0064__O1-M2.npy
pn2018,tr11-0064,tr11-0064,O2-M1,train,329400,/data/gen/tokens/pn2018/tr11-0064__O2-M1.npy
pn2018,tr11-0101,tr11-0101,F3-M2,heldout,288000,/data/gen/tokens/pn2018/tr11-0101__F3-M2.npy
pn2018,tr11-0101,tr11-0101,F4-M1,heldout,288000,/data/gen/tokens/pn2018/tr11-0101__F4-M1.npy
pn2018,tr11-0101,tr11-0101,C3-M2,heldout,288000,/data/gen/tokens/pn2018/tr11-0101__C3-M2.npy
pn2018,tr11-0101,tr11-0101,C4-M1,heldout,288000,/data/gen/tokens/pn2018/tr11-0101__C4-M1.npy
pn2018,tr11-0101,tr11-0101,O1-M2,heldout,288000,/data/gen/tokens/pn2018/tr11-0101__O1-M2.npy
pn2018,tr11-0101,tr11-0101,O2-M1,heldout,288000,/data/gen/tokens/pn2018/tr11-0101__O2-M1.npy
pn2018,tr11-0080,tr11-0080,F3-M2,train,247200,/data/gen/tokens/pn2018/tr11-0080__F3-M2.npy
pn2018,tr11-0080,tr11-0080,F4-M1,train,247200,/data/gen/tokens/pn2018/tr11-0080__F4-M1.npy
pn2018,tr11-0080,tr11-0080,C3-M2,train,247200,/data/gen/tokens/pn2018/tr11-0080__C3-M2.npy
pn2018,tr11-0080,tr11-0080,C4-M1,train,247200,/data/gen/tokens/pn2018/tr11-0080__C4-M1.npy
pn2018,tr11-0080,tr11-0080,O1-M2,train,247200,/data/gen/tokens/pn2018/tr11-0080__O1-M2.npy
pn2018,tr11-0080,tr11-0080,O2-M1,train,247200,/data/gen/tokens/pn2018/tr11-0080__O2-M1.npy
pn2018,tr11-0074,tr11-0074,F3-M2,train,302400,/data/gen/tokens/pn2018/tr11-0074__F3-M2.npy
pn2018,tr11-0074,tr11-0074,F4-M1,train,302400,/data/gen/tokens/pn2018/tr11-0074__F4-M1.npy
pn2018,tr11-0074,tr11-0074,C3-M2,train,302400,/data/gen/tokens/pn2018/tr11-0074__C3-M2.npy
pn2018,tr11-0074,tr11-0074,C4-M1,train,302400,/data/gen/tokens/pn2018/tr11-0074__C4-M1.npy
pn2018,tr11-0074,tr11-0074,O1-M2,train,302400,/data/gen/tokens/pn2018/tr11-0074__O1-M2.npy
pn2018,tr11-0074,tr11-0074,O2-M1,train,302400,/data/gen/tokens/pn2018/tr11-0074__O2-M1.npy
pn2018,tr11-0120,tr11-0120,F3-M2,train,296400,/data/gen/tokens/pn2018/tr11-0120__F3-M2.npy
pn2018,tr11-0120,tr11-0120,F4-M1,train,296400,/data/gen/tokens/pn2018/tr11-0120__F4-M1.npy
pn2018,tr11-0120,tr11-0120,C3-M2,train,296400,/data/gen/tokens/pn2018/tr11-0120__C3-M2.npy
pn2018,tr11-0120,tr11-0120,C4-M1,train,296400,/data/gen/tokens/pn2018/tr11-0120__C4-M1.npy
pn2018,tr11-0120,tr11-0120,O1-M2,train,296400,/data/gen/tokens/pn2018/tr11-0120__O1-M2.npy
pn2018,tr11-0120,tr11-0120,O2-M1,train,296400,/data/gen/tokens/pn2018/tr11-0120__O2-M1.npy
pn2018,tr11-0125,tr11-0125,F3-M2,train,286800,/data/gen/tokens/pn2018/tr11-0125__F3-M2.npy
pn2018,tr11-0125,tr11-0125,F4-M1,train,286800,/data/gen/tokens/pn2018/tr11-0125__F4-M1.npy
pn2018,tr11-0125,tr11-0125,C3-M2,train,286800,/data/gen/tokens/pn2018/tr11-0125__C3-M2.npy
pn2018,tr11-0125,tr11-0125,C4-M1,train,286800,/data/gen/tokens/pn2018/tr11-0125__C4-M1.npy
pn2018,tr11-0125,tr11-0125,O1-M2,train,286800,/data/gen/tokens/pn2018/tr11-0125__O1-M2.npy
pn2018,tr11-0125,tr11-0125,O2-M1,train,286800,/data/gen/tokens/pn2018/tr11-0125__O2-M1.npy
pn2018,tr11-0324,tr11-0324,F3-M2,train,190500,/data/gen/tokens/pn2018/tr11-0324__F3-M2.npy
pn2018,tr11-0324,tr11-0324,F4-M1,train,190500,/data/gen/tokens/pn2018/tr11-0324__F4-M1.npy
pn2018,tr11-0324,tr11-0324,C3-M2,train,190500,/data/gen/tokens/pn2018/tr11-0324__C3-M2.npy
pn2018,tr11-0324,tr11-0324,C4-M1,train,190500,/data/gen/tokens/pn2018/tr11-0324__C4-M1.npy
pn2018,tr11-0324,tr11-0324,O1-M2,train,190500,/data/gen/tokens/pn2018/tr11-0324__O1-M2.npy
pn2018,tr11-0324,tr11-0324,O2-M1,train,190500,/data/gen/tokens/pn2018/tr11-0324__O2-M1.npy
pn2018,tr11-0200,tr11-0200,F3-M2,train,255900,/data/gen/tokens/pn2018/tr11-0200__F3-M2.npy
pn2018,tr11-0200,tr11-0200,F4-M1,train,255900,/data/gen/tokens/pn2018/tr11-0200__F4-M1.npy
pn2018,tr11-0200,tr11-0200,C3-M2,train,255900,/data/gen/tokens/pn2018/tr11-0200__C3-M2.npy
pn2018,tr11-0200,tr11-0200,C4-M1,train,255900,/data/gen/tokens/pn2018/tr11-0200__C4-M1.npy
pn2018,tr11-0200,tr11-0200,O1-M2,train,255900,/data/gen/tokens/pn2018/tr11-0200__O1-M2.npy
pn2018,tr11-0200,tr11-0200,O2-M1,train,255900,/data/gen/tokens/pn2018/tr11-0200__O2-M1.npy
pn2018,tr11-0326,tr11-0326,F3-M2,train,311700,/data/gen/tokens/pn2018/tr11-0326__F3-M2.npy
pn2018,tr11-0326,tr11-0326,F4-M1,train,311700,/data/gen/tokens/pn2018/tr11-0326__F4-M1.npy
pn2018,tr11-0326,tr11-0326,C3-M2,train,311700,/data/gen/tokens/pn2018/tr11-0326__C3-M2.npy
pn2018,tr11-0326,tr11-0326,C4-M1,train,311700,/data/gen/tokens/pn2018/tr11-0326__C4-M1.npy
pn2018,tr11-0326,tr11-0326,O1-M2,train,311700,/data/gen/tokens/pn2018/tr11-0326__O1-M2.npy
pn2018,tr11-0326,tr11-0326,O2-M1,train,311700,/data/gen/tokens/pn2018/tr11-0326__O2-M1.npy
pn2018,tr11-0334,tr11-0334,F3-M2,train,257100,/data/gen/tokens/pn2018/tr11-0334__F3-M2.npy
pn2018,tr11-0334,tr11-0334,F4-M1,train,257100,/data/gen/tokens/pn2018/tr11-0334__F4-M1.npy
pn2018,tr11-0334,tr11-0334,C3-M2,train,257100,/data/gen/tokens/pn2018/tr11-0334__C3-M2.npy
pn2018,tr11-0334,tr11-0334,C4-M1,train,257100,/data/gen/tokens/pn2018/tr11-0334__C4-M1.npy
pn2018,tr11-0334,tr11-0334,O1-M2,train,257100,/data/gen/tokens/pn2018/tr11-0334__O1-M2.npy
pn2018,tr11-0334,tr11-0334,O2-M1,train,257100,/data/gen/tokens/pn2018/tr11-0334__O2-M1.npy
pn2018,tr11-0335,tr11-0335,F3-M2,train,271200,/data/gen/tokens/pn2018/tr11-0335__F3-M2.npy
pn2018,tr11-0335,tr11-0335,F4-M1,train,271200,/data/gen/tokens/pn2018/tr11-0335__F4-M1.npy
pn2018,tr11-0335,tr11-0335,C3-M2,train,271200,/data/gen/tokens/pn2018/tr11-0335__C3-M2.npy
pn2018,tr11-0335,tr11-0335,C4-M1,train,271200,/data/gen/tokens/pn2018/tr11-0335__C4-M1.npy
pn2018,tr11-0335,tr11-0335,O1-M2,train,271200,/data/gen/tokens/pn2018/tr11-0335__O1-M2.npy
pn2018,tr11-0335,tr11-0335,O2-M1,train,271200,/data/gen/tokens/pn2018/tr11-0335__O2-M1.npy
pn2018,tr11-0339,tr11-0339,F3-M2,train,237900,/data/gen/tokens/pn2018/tr11-0339__F3-M2.npy
pn2018,tr11-0339,tr11-0339,F4-M1,train,237900,/data/gen/tokens/pn2018/tr11-0339__F4-M1.npy
pn2018,tr11-0339,tr11-0339,C3-M2,train,237900,/data/gen/tokens/pn2018/tr11-0339__C3-M2.npy
pn2018,tr11-0339,tr11-0339,C4-M1,train,237900,/data/gen/tokens/pn2018/tr11-0339__C4-M1.npy
pn2018,tr11-0339,tr11-0339,O1-M2,train,237900,/data/gen/tokens/pn2018/tr11-0339__O1-M2.npy
pn2018,tr11-0339,tr11-0339,O2-M1,train,237900,/data/gen/tokens/pn2018/tr11-0339__O2-M1.npy
pn2018,tr11-0338,tr11-0338,F3-M2,train,264300,/data/gen/tokens/pn2018/tr11-0338__F3-M2.npy
pn2018,tr11-0338,tr11-0338,F4-M1,train,264300,/data/gen/tokens/pn2018/tr11-0338__F4-M1.npy
pn2018,tr11-0338,tr11-0338,C3-M2,train,264300,/data/gen/tokens/pn2018/tr11-0338__C3-M2.npy
pn2018,tr11-0338,tr11-0338,C4-M1,train,264300,/data/gen/tokens/pn2018/tr11-0338__C4-M1.npy
pn2018,tr11-0338,tr11-0338,O1-M2,train,264300,/data/gen/tokens/pn2018/tr11-0338__O1-M2.npy
pn2018,tr11-0338,tr11-0338,O2-M1,train,264300,/data/gen/tokens/pn2018/tr11-0338__O2-M1.npy
pn2018,tr11-0350,tr11-0350,F3-M2,train,234600,/data/gen/tokens/pn2018/tr11-0350__F3-M2.npy
pn2018,tr11-0350,tr11-0350,F4-M1,train,234600,/data/gen/tokens/pn2018/tr11-0350__F4-M1.npy
pn2018,tr11-0350,tr11-0350,C3-M2,train,234600,/data/gen/tokens/pn2018/tr11-0350__C3-M2.npy
pn2018,tr11-0350,tr11-0350,C4-M1,train,234600,/data/gen/tokens/pn2018/tr11-0350__C4-M1.npy
pn2018,tr11-0350,tr11-0350,O1-M2,train,234600,/data/gen/tokens/pn2018/tr11-0350__O1-M2.npy
pn2018,tr11-0350,tr11-0350,O2-M1,train,234600,/data/gen/tokens/pn2018/tr11-0350__O2-M1.npy
pn2018,tr11-0347,tr11-0347,F3-M2,train,287700,/data/gen/tokens/pn2018/tr11-0347__F3-M2.npy
pn2018,tr11-0347,tr11-0347,F4-M1,train,287700,/data/gen/tokens/pn2018/tr11-0347__F4-M1.npy
pn2018,tr11-0347,tr11-0347,C3-M2,train,287700,/data/gen/tokens/pn2018/tr11-0347__C3-M2.npy
pn2018,tr11-0347,tr11-0347,C4-M1,train,287700,/data/gen/tokens/pn2018/tr11-0347__C4-M1.npy
pn2018,tr11-0347,tr11-0347,O1-M2,train,287700,/data/gen/tokens/pn2018/tr11-0347__O1-M2.npy
pn2018,tr11-0347,tr11-0347,O2-M1,train,287700,/data/gen/tokens/pn2018/tr11-0347__O2-M1.npy
pn2018,tr11-0354,tr11-0354,F3-M2,train,276000,/data/gen/tokens/pn2018/tr11-0354__F3-M2.npy
pn2018,tr11-0354,tr11-0354,F4-M1,train,276000,/data/gen/tokens/pn2018/tr11-0354__F4-M1.npy
pn2018,tr11-0354,tr11-0354,C3-M2,train,276000,/data/gen/tokens/pn2018/tr11-0354__C3-M2.npy
pn2018,tr11-0354,tr11-0354,C4-M1,train,276000,/data/gen/tokens/pn2018/tr11-0354__C4-M1.npy
pn2018,tr11-0354,tr11-0354,O1-M2,train,276000,/data/gen/tokens/pn2018/tr11-0354__O1-M2.npy
pn2018,tr11-0354,tr11-0354,O2-M1,train,276000,/data/gen/tokens/pn2018/tr11-0354__O2-M1.npy
pn2018,tr11-0403,tr11-0403,F3-M2,train,256200,/data/gen/tokens/pn2018/tr11-0403__F3-M2.npy
pn2018,tr11-0403,tr11-0403,F4-M1,train,256200,/data/gen/tokens/pn2018/tr11-0403__F4-M1.npy
pn2018,tr11-0403,tr11-0403,C3-M2,train,256200,/data/gen/tokens/pn2018/tr11-0403__C3-M2.npy
pn2018,tr11-0403,tr11-0403,C4-M1,train,256200,/data/gen/tokens/pn2018/tr11-0403__C4-M1.npy
pn2018,tr11-0403,tr11-0403,O1-M2,train,256200,/data/gen/tokens/pn2018/tr11-0403__O1-M2.npy
pn2018,tr11-0403,tr11-0403,O2-M1,train,256200,/data/gen/tokens/pn2018/tr11-0403__O2-M1.npy
pn2018,tr11-0377,tr11-0377,F3-M2,train,341100,/data/gen/tokens/pn2018/tr11-0377__F3-M2.npy
pn2018,tr11-0377,tr11-0377,F4-M1,train,341100,/data/gen/tokens/pn2018/tr11-0377__F4-M1.npy
pn2018,tr11-0377,tr11-0377,C3-M2,train,341100,/data/gen/tokens/pn2018/tr11-0377__C3-M2.npy
pn2018,tr11-0377,tr11-0377,C4-M1,train,341100,/data/gen/tokens/pn2018/tr11-0377__C4-M1.npy
pn2018,tr11-0377,tr11-0377,O1-M2,train,341100,/data/gen/tokens/pn2018/tr11-0377__O1-M2.npy
pn2018,tr11-0377,tr11-0377,O2-M1,train,341100,/data/gen/tokens/pn2018/tr11-0377__O2-M1.npy
pn2018,tr11-0432,tr11-0432,F3-M2,train,239400,/data/gen/tokens/pn2018/tr11-0432__F3-M2.npy
pn2018,tr11-0432,tr11-0432,F4-M1,train,239400,/data/gen/tokens/pn2018/tr11-0432__F4-M1.npy
pn2018,tr11-0432,tr11-0432,C3-M2,train,239400,/data/gen/tokens/pn2018/tr11-0432__C3-M2.npy
pn2018,tr11-0432,tr11-0432,C4-M1,train,239400,/data/gen/tokens/pn2018/tr11-0432__C4-M1.npy
pn2018,tr11-0432,tr11-0432,O1-M2,train,239400,/data/gen/tokens/pn2018/tr11-0432__O1-M2.npy
pn2018,tr11-0432,tr11-0432,O2-M1,train,239400,/data/gen/tokens/pn2018/tr11-0432__O2-M1.npy
pn2018,tr11-0417,tr11-0417,F3-M2,heldout,266400,/data/gen/tokens/pn2018/tr11-0417__F3-M2.npy
pn2018,tr11-0417,tr11-0417,F4-M1,heldout,266400,/data/gen/tokens/pn2018/tr11-0417__F4-M1.npy
pn2018,tr11-0417,tr11-0417,C3-M2,heldout,266400,/data/gen/tokens/pn2018/tr11-0417__C3-M2.npy
pn2018,tr11-0417,tr11-0417,C4-M1,heldout,266400,/data/gen/tokens/pn2018/tr11-0417__C4-M1.npy
pn2018,tr11-0417,tr11-0417,O1-M2,heldout,266400,/data/gen/tokens/pn2018/tr11-0417__O1-M2.npy
pn2018,tr11-0417,tr11-0417,O2-M1,heldout,266400,/data/gen/tokens/pn2018/tr11-0417__O2-M1.npy
pn2018,tr11-0457,tr11-0457,F3-M2,train,305400,/data/gen/tokens/pn2018/tr11-0457__F3-M2.npy
pn2018,tr11-0457,tr11-0457,F4-M1,train,305400,/data/gen/tokens/pn2018/tr11-0457__F4-M1.npy
pn2018,tr11-0457,tr11-0457,C3-M2,train,305400,/data/gen/tokens/pn2018/tr11-0457__C3-M2.npy
pn2018,tr11-0457,tr11-0457,C4-M1,train,305400,/data/gen/tokens/pn2018/tr11-0457__C4-M1.npy
pn2018,tr11-0457,tr11-0457,O1-M2,train,305400,/data/gen/tokens/pn2018/tr11-0457__O1-M2.npy
pn2018,tr11-0457,tr11-0457,O2-M1,train,305400,/data/gen/tokens/pn2018/tr11-0457__O2-M1.npy
pn2018,tr11-0436,tr11-0436,F3-M2,train,287700,/data/gen/tokens/pn2018/tr11-0436__F3-M2.npy
pn2018,tr11-0436,tr11-0436,F4-M1,train,287700,/data/gen/tokens/pn2018/tr11-0436__F4-M1.npy
pn2018,tr11-0436,tr11-0436,C3-M2,train,287700,/data/gen/tokens/pn2018/tr11-0436__C3-M2.npy
pn2018,tr11-0436,tr11-0436,C4-M1,train,287700,/data/gen/tokens/pn2018/tr11-0436__C4-M1.npy
pn2018,tr11-0436,tr11-0436,O1-M2,train,287700,/data/gen/tokens/pn2018/tr11-0436__O1-M2.npy
pn2018,tr11-0436,tr11-0436,O2-M1,train,287700,/data/gen/tokens/pn2018/tr11-0436__O2-M1.npy
pn2018,tr11-0452,tr11-0452,F3-M2,train,291300,/data/gen/tokens/pn2018/tr11-0452__F3-M2.npy
pn2018,tr11-0452,tr11-0452,F4-M1,train,291300,/data/gen/tokens/pn2018/tr11-0452__F4-M1.npy
pn2018,tr11-0452,tr11-0452,C3-M2,train,291300,/data/gen/tokens/pn2018/tr11-0452__C3-M2.npy
pn2018,tr11-0452,tr11-0452,C4-M1,train,291300,/data/gen/tokens/pn2018/tr11-0452__C4-M1.npy
pn2018,tr11-0452,tr11-0452,O1-M2,train,291300,/data/gen/tokens/pn2018/tr11-0452__O1-M2.npy
pn2018,tr11-0452,tr11-0452,O2-M1,train,291300,/data/gen/tokens/pn2018/tr11-0452__O2-M1.npy
pn2018,tr11-0459,tr11-0459,F3-M2,train,258300,/data/gen/tokens/pn2018/tr11-0459__F3-M2.npy
pn2018,tr11-0459,tr11-0459,F4-M1,train,258300,/data/gen/tokens/pn2018/tr11-0459__F4-M1.npy
pn2018,tr11-0459,tr11-0459,C3-M2,train,258300,/data/gen/tokens/pn2018/tr11-0459__C3-M2.npy
pn2018,tr11-0459,tr11-0459,C4-M1,train,258300,/data/gen/tokens/pn2018/tr11-0459__C4-M1.npy
pn2018,tr11-0459,tr11-0459,O1-M2,train,258300,/data/gen/tokens/pn2018/tr11-0459__O1-M2.npy
pn2018,tr11-0459,tr11-0459,O2-M1,train,258300,/data/gen/tokens/pn2018/tr11-0459__O2-M1.npy
pn2018,tr11-0471,tr11-0471,F3-M2,train,261600,/data/gen/tokens/pn2018/tr11-0471__F3-M2.npy
pn2018,tr11-0471,tr11-0471,F4-M1,train,261600,/data/gen/tokens/pn2018/tr11-0471__F4-M1.npy
pn2018,tr11-0471,tr11-0471,C3-M2,train,261600,/data/gen/tokens/pn2018/tr11-0471__C3-M2.npy
pn2018,tr11-0471,tr11-0471,C4-M1,train,261600,/data/gen/tokens/pn2018/tr11-0471__C4-M1.npy
pn2018,tr11-0471,tr11-0471,O1-M2,train,261600,/data/gen/tokens/pn2018/tr11-0471__O1-M2.npy
pn2018,tr11-0471,tr11-0471,O2-M1,train,261600,/data/gen/tokens/pn2018/tr11-0471__O2-M1.npy
pn2018,tr11-0479,tr11-0479,F3-M2,train,274500,/data/gen/tokens/pn2018/tr11-0479__F3-M2.npy
pn2018,tr11-0479,tr11-0479,F4-M1,train,274500,/data/gen/tokens/pn2018/tr11-0479__F4-M1.npy
pn2018,tr11-0479,tr11-0479,C3-M2,train,274500,/data/gen/tokens/pn2018/tr11-0479__C3-M2.npy
pn2018,tr11-0479,tr11-0479,C4-M1,train,274500,/data/gen/tokens/pn2018/tr11-0479__C4-M1.npy
pn2018,tr11-0479,tr11-0479,O1-M2,train,274500,/data/gen/tokens/pn2018/tr11-0479__O1-M2.npy
pn2018,tr11-0479,tr11-0479,O2-M1,train,274500,/data/gen/tokens/pn2018/tr11-0479__O2-M1.npy
pn2018,tr11-0481,tr11-0481,F3-M2,train,259800,/data/gen/tokens/pn2018/tr11-0481__F3-M2.npy
pn2018,tr11-0481,tr11-0481,F4-M1,train,259800,/data/gen/tokens/pn2018/tr11-0481__F4-M1.npy
pn2018,tr11-0481,tr11-0481,C3-M2,train,259800,/data/gen/tokens/pn2018/tr11-0481__C3-M2.npy
pn2018,tr11-0481,tr11-0481,C4-M1,train,259800,/data/gen/tokens/pn2018/tr11-0481__C4-M1.npy
pn2018,tr11-0481,tr11-0481,O1-M2,train,259800,/data/gen/tokens/pn2018/tr11-0481__O1-M2.npy
pn2018,tr11-0481,tr11-0481,O2-M1,train,259800,/data/gen/tokens/pn2018/tr11-0481__O2-M1.npy
pn2018,tr11-0503,tr11-0503,F3-M2,train,299700,/data/gen/tokens/pn2018/tr11-0503__F3-M2.npy
pn2018,tr11-0503,tr11-0503,F4-M1,train,299700,/data/gen/tokens/pn2018/tr11-0503__F4-M1.npy
pn2018,tr11-0503,tr11-0503,C3-M2,train,299700,/data/gen/tokens/pn2018/tr11-0503__C3-M2.npy
pn2018,tr11-0503,tr11-0503,C4-M1,train,299700,/data/gen/tokens/pn2018/tr11-0503__C4-M1.npy
pn2018,tr11-0503,tr11-0503,O1-M2,train,299700,/data/gen/tokens/pn2018/tr11-0503__O1-M2.npy
pn2018,tr11-0503,tr11-0503,O2-M1,train,299700,/data/gen/tokens/pn2018/tr11-0503__O2-M1.npy
pn2018,tr11-0509,tr11-0509,F3-M2,train,258300,/data/gen/tokens/pn2018/tr11-0509__F3-M2.npy
pn2018,tr11-0509,tr11-0509,F4-M1,train,258300,/data/gen/tokens/pn2018/tr11-0509__F4-M1.npy
pn2018,tr11-0509,tr11-0509,C3-M2,train,258300,/data/gen/tokens/pn2018/tr11-0509__C3-M2.npy
pn2018,tr11-0509,tr11-0509,C4-M1,train,258300,/data/gen/tokens/pn2018/tr11-0509__C4-M1.npy
pn2018,tr11-0509,tr11-0509,O1-M2,train,258300,/data/gen/tokens/pn2018/tr11-0509__O1-M2.npy
pn2018,tr11-0509,tr11-0509,O2-M1,train,258300,/data/gen/tokens/pn2018/tr11-0509__O2-M1.npy
pn2018,tr11-0510,tr11-0510,F3-M2,train,297300,/data/gen/tokens/pn2018/tr11-0510__F3-M2.npy
pn2018,tr11-0510,tr11-0510,F4-M1,train,297300,/data/gen/tokens/pn2018/tr11-0510__F4-M1.npy
pn2018,tr11-0510,tr11-0510,C3-M2,train,297300,/data/gen/tokens/pn2018/tr11-0510__C3-M2.npy
pn2018,tr11-0510,tr11-0510,C4-M1,train,297300,/data/gen/tokens/pn2018/tr11-0510__C4-M1.npy
pn2018,tr11-0510,tr11-0510,O1-M2,train,297300,/data/gen/tokens/pn2018/tr11-0510__O1-M2.npy
pn2018,tr11-0510,tr11-0510,O2-M1,train,297300,/data/gen/tokens/pn2018/tr11-0510__O2-M1.npy
pn2018,tr11-0573,tr11-0573,F3-M2,train,267900,/data/gen/tokens/pn2018/tr11-0573__F3-M2.npy
pn2018,tr11-0573,tr11-0573,F4-M1,train,267900,/data/gen/tokens/pn2018/tr11-0573__F4-M1.npy
pn2018,tr11-0573,tr11-0573,C3-M2,train,267900,/data/gen/tokens/pn2018/tr11-0573__C3-M2.npy
pn2018,tr11-0573,tr11-0573,C4-M1,train,267900,/data/gen/tokens/pn2018/tr11-0573__C4-M1.npy
pn2018,tr11-0573,tr11-0573,O1-M2,train,267900,/data/gen/tokens/pn2018/tr11-0573__O1-M2.npy
pn2018,tr11-0573,tr11-0573,O2-M1,train,267900,/data/gen/tokens/pn2018/tr11-0573__O2-M1.npy
pn2018,tr11-0537,tr11-0537,F3-M2,train,257400,/data/gen/tokens/pn2018/tr11-0537__F3-M2.npy
pn2018,tr11-0537,tr11-0537,F4-M1,train,257400,/data/gen/tokens/pn2018/tr11-0537__F4-M1.npy
pn2018,tr11-0537,tr11-0537,C3-M2,train,257400,/data/gen/tokens/pn2018/tr11-0537__C3-M2.npy
pn2018,tr11-0537,tr11-0537,C4-M1,train,257400,/data/gen/tokens/pn2018/tr11-0537__C4-M1.npy
pn2018,tr11-0537,tr11-0537,O1-M2,train,257400,/data/gen/tokens/pn2018/tr11-0537__O1-M2.npy
pn2018,tr11-0537,tr11-0537,O2-M1,train,257400,/data/gen/tokens/pn2018/tr11-0537__O2-M1.npy
pn2018,tr11-0516,tr11-0516,F3-M2,train,310500,/data/gen/tokens/pn2018/tr11-0516__F3-M2.npy
pn2018,tr11-0516,tr11-0516,F4-M1,train,310500,/data/gen/tokens/pn2018/tr11-0516__F4-M1.npy
pn2018,tr11-0516,tr11-0516,C3-M2,train,310500,/data/gen/tokens/pn2018/tr11-0516__C3-M2.npy
pn2018,tr11-0516,tr11-0516,C4-M1,train,310500,/data/gen/tokens/pn2018/tr11-0516__C4-M1.npy
pn2018,tr11-0516,tr11-0516,O1-M2,train,310500,/data/gen/tokens/pn2018/tr11-0516__O1-M2.npy
pn2018,tr11-0516,tr11-0516,O2-M1,train,310500,/data/gen/tokens/pn2018/tr11-0516__O2-M1.npy
pn2018,tr11-0563,tr11-0563,F3-M2,train,298500,/data/gen/tokens/pn2018/tr11-0563__F3-M2.npy
pn2018,tr11-0563,tr11-0563,F4-M1,train,298500,/data/gen/tokens/pn2018/tr11-0563__F4-M1.npy
pn2018,tr11-0563,tr11-0563,C3-M2,train,298500,/data/gen/tokens/pn2018/tr11-0563__C3-M2.npy
pn2018,tr11-0563,tr11-0563,C4-M1,train,298500,/data/gen/tokens/pn2018/tr11-0563__C4-M1.npy
pn2018,tr11-0563,tr11-0563,O1-M2,train,298500,/data/gen/tokens/pn2018/tr11-0563__O1-M2.npy
pn2018,tr11-0563,tr11-0563,O2-M1,train,298500,/data/gen/tokens/pn2018/tr11-0563__O2-M1.npy
pn2018,tr11-0565,tr11-0565,F3-M2,train,304500,/data/gen/tokens/pn2018/tr11-0565__F3-M2.npy
pn2018,tr11-0565,tr11-0565,F4-M1,train,304500,/data/gen/tokens/pn2018/tr11-0565__F4-M1.npy
pn2018,tr11-0565,tr11-0565,C3-M2,train,304500,/data/gen/tokens/pn2018/tr11-0565__C3-M2.npy
pn2018,tr11-0565,tr11-0565,C4-M1,train,304500,/data/gen/tokens/pn2018/tr11-0565__C4-M1.npy
pn2018,tr11-0565,tr11-0565,O1-M2,train,304500,/data/gen/tokens/pn2018/tr11-0565__O1-M2.npy
pn2018,tr11-0565,tr11-0565,O2-M1,train,304500,/data/gen/tokens/pn2018/tr11-0565__O2-M1.npy
pn2018,tr11-0584,tr11-0584,F3-M2,train,263700,/data/gen/tokens/pn2018/tr11-0584__F3-M2.npy
pn2018,tr11-0584,tr11-0584,F4-M1,train,263700,/data/gen/tokens/pn2018/tr11-0584__F4-M1.npy
pn2018,tr11-0584,tr11-0584,C3-M2,train,263700,/data/gen/tokens/pn2018/tr11-0584__C3-M2.npy
pn2018,tr11-0584,tr11-0584,C4-M1,train,263700,/data/gen/tokens/pn2018/tr11-0584__C4-M1.npy
pn2018,tr11-0584,tr11-0584,O1-M2,train,263700,/data/gen/tokens/pn2018/tr11-0584__O1-M2.npy
pn2018,tr11-0584,tr11-0584,O2-M1,train,263700,/data/gen/tokens/pn2018/tr11-0584__O2-M1.npy
pn2018,tr11-0577,tr11-0577,F3-M2,train,287700,/data/gen/tokens/pn2018/tr11-0577__F3-M2.npy
pn2018,tr11-0577,tr11-0577,F4-M1,train,287700,/data/gen/tokens/pn2018/tr11-0577__F4-M1.npy
pn2018,tr11-0577,tr11-0577,C3-M2,train,287700,/data/gen/tokens/pn2018/tr11-0577__C3-M2.npy
pn2018,tr11-0577,tr11-0577,C4-M1,train,287700,/data/gen/tokens/pn2018/tr11-0577__C4-M1.npy
pn2018,tr11-0577,tr11-0577,O1-M2,train,287700,/data/gen/tokens/pn2018/tr11-0577__O1-M2.npy
pn2018,tr11-0577,tr11-0577,O2-M1,train,287700,/data/gen/tokens/pn2018/tr11-0577__O2-M1.npy
pn2018,tr11-0587,tr11-0587,F3-M2,train,298500,/data/gen/tokens/pn2018/tr11-0587__F3-M2.npy
pn2018,tr11-0587,tr11-0587,F4-M1,train,298500,/data/gen/tokens/pn2018/tr11-0587__F4-M1.npy
pn2018,tr11-0587,tr11-0587,C3-M2,train,298500,/data/gen/tokens/pn2018/tr11-0587__C3-M2.npy
pn2018,tr11-0587,tr11-0587,C4-M1,train,298500,/data/gen/tokens/pn2018/tr11-0587__C4-M1.npy
pn2018,tr11-0587,tr11-0587,O1-M2,train,298500,/data/gen/tokens/pn2018/tr11-0587__O1-M2.npy
pn2018,tr11-0587,tr11-0587,O2-M1,train,298500,/data/gen/tokens/pn2018/tr11-0587__O2-M1.npy
pn2018,tr11-0590,tr11-0590,F3-M2,train,256500,/data/gen/tokens/pn2018/tr11-0590__F3-M2.npy
pn2018,tr11-0590,tr11-0590,F4-M1,train,256500,/data/gen/tokens/pn2018/tr11-0590__F4-M1.npy
pn2018,tr11-0590,tr11-0590,C3-M2,train,256500,/data/gen/tokens/pn2018/tr11-0590__C3-M2.npy
pn2018,tr11-0590,tr11-0590,C4-M1,train,256500,/data/gen/tokens/pn2018/tr11-0590__C4-M1.npy
pn2018,tr11-0590,tr11-0590,O1-M2,train,256500,/data/gen/tokens/pn2018/tr11-0590__O1-M2.npy
pn2018,tr11-0590,tr11-0590,O2-M1,train,256500,/data/gen/tokens/pn2018/tr11-0590__O2-M1.npy
pn2018,tr11-0592,tr11-0592,F3-M2,train,282600,/data/gen/tokens/pn2018/tr11-0592__F3-M2.npy
pn2018,tr11-0592,tr11-0592,F4-M1,train,282600,/data/gen/tokens/pn2018/tr11-0592__F4-M1.npy
pn2018,tr11-0592,tr11-0592,C3-M2,train,282600,/data/gen/tokens/pn2018/tr11-0592__C3-M2.npy
pn2018,tr11-0592,tr11-0592,C4-M1,train,282600,/data/gen/tokens/pn2018/tr11-0592__C4-M1.npy
pn2018,tr11-0592,tr11-0592,O1-M2,train,282600,/data/gen/tokens/pn2018/tr11-0592__O1-M2.npy
pn2018,tr11-0592,tr11-0592,O2-M1,train,282600,/data/gen/tokens/pn2018/tr11-0592__O2-M1.npy
pn2018,tr11-0640,tr11-0640,F3-M2,heldout,307200,/data/gen/tokens/pn2018/tr11-0640__F3-M2.npy
pn2018,tr11-0640,tr11-0640,F4-M1,heldout,307200,/data/gen/tokens/pn2018/tr11-0640__F4-M1.npy
pn2018,tr11-0640,tr11-0640,C3-M2,heldout,307200,/data/gen/tokens/pn2018/tr11-0640__C3-M2.npy
pn2018,tr11-0640,tr11-0640,C4-M1,heldout,307200,/data/gen/tokens/pn2018/tr11-0640__C4-M1.npy
pn2018,tr11-0640,tr11-0640,O1-M2,heldout,307200,/data/gen/tokens/pn2018/tr11-0640__O1-M2.npy
pn2018,tr11-0640,tr11-0640,O2-M1,heldout,307200,/data/gen/tokens/pn2018/tr11-0640__O2-M1.npy
pn2018,tr11-0644,tr11-0644,F3-M2,train,267000,/data/gen/tokens/pn2018/tr11-0644__F3-M2.npy
pn2018,tr11-0644,tr11-0644,F4-M1,train,267000,/data/gen/tokens/pn2018/tr11-0644__F4-M1.npy
pn2018,tr11-0644,tr11-0644,C3-M2,train,267000,/data/gen/tokens/pn2018/tr11-0644__C3-M2.npy
pn2018,tr11-0644,tr11-0644,C4-M1,train,267000,/data/gen/tokens/pn2018/tr11-0644__C4-M1.npy
pn2018,tr11-0644,tr11-0644,O1-M2,train,267000,/data/gen/tokens/pn2018/tr11-0644__O1-M2.npy
pn2018,tr11-0644,tr11-0644,O2-M1,train,267000,/data/gen/tokens/pn2018/tr11-0644__O2-M1.npy
pn2018,tr11-0612,tr11-0612,F3-M2,train,303900,/data/gen/tokens/pn2018/tr11-0612__F3-M2.npy
pn2018,tr11-0612,tr11-0612,F4-M1,train,303900,/data/gen/tokens/pn2018/tr11-0612__F4-M1.npy
pn2018,tr11-0612,tr11-0612,C3-M2,train,303900,/data/gen/tokens/pn2018/tr11-0612__C3-M2.npy
pn2018,tr11-0612,tr11-0612,C4-M1,train,303900,/data/gen/tokens/pn2018/tr11-0612__C4-M1.npy
pn2018,tr11-0612,tr11-0612,O1-M2,train,303900,/data/gen/tokens/pn2018/tr11-0612__O1-M2.npy
pn2018,tr11-0612,tr11-0612,O2-M1,train,303900,/data/gen/tokens/pn2018/tr11-0612__O2-M1.npy
pn2018,tr11-0659,tr11-0659,F3-M2,heldout,282000,/data/gen/tokens/pn2018/tr11-0659__F3-M2.npy
pn2018,tr11-0659,tr11-0659,F4-M1,heldout,282000,/data/gen/tokens/pn2018/tr11-0659__F4-M1.npy
pn2018,tr11-0659,tr11-0659,C3-M2,heldout,282000,/data/gen/tokens/pn2018/tr11-0659__C3-M2.npy
pn2018,tr11-0659,tr11-0659,C4-M1,heldout,282000,/data/gen/tokens/pn2018/tr11-0659__C4-M1.npy
pn2018,tr11-0659,tr11-0659,O1-M2,heldout,282000,/data/gen/tokens/pn2018/tr11-0659__O1-M2.npy
pn2018,tr11-0659,tr11-0659,O2-M1,heldout,282000,/data/gen/tokens/pn2018/tr11-0659__O2-M1.npy
pn2018,tr11-0655,tr11-0655,F3-M2,train,283200,/data/gen/tokens/pn2018/tr11-0655__F3-M2.npy
pn2018,tr11-0655,tr11-0655,F4-M1,train,283200,/data/gen/tokens/pn2018/tr11-0655__F4-M1.npy
pn2018,tr11-0655,tr11-0655,C3-M2,train,283200,/data/gen/tokens/pn2018/tr11-0655__C3-M2.npy
pn2018,tr11-0655,tr11-0655,C4-M1,train,283200,/data/gen/tokens/pn2018/tr11-0655__C4-M1.npy
pn2018,tr11-0655,tr11-0655,O1-M2,train,283200,/data/gen/tokens/pn2018/tr11-0655__O1-M2.npy
pn2018,tr11-0655,tr11-0655,O2-M1,train,283200,/data/gen/tokens/pn2018/tr11-0655__O2-M1.npy
pn2018,tr11-0676,tr11-0676,F3-M2,train,277800,/data/gen/tokens/pn2018/tr11-0676__F3-M2.npy
pn2018,tr11-0676,tr11-0676,F4-M1,train,277800,/data/gen/tokens/pn2018/tr11-0676__F4-M1.npy
pn2018,tr11-0676,tr11-0676,C3-M2,train,277800,/data/gen/tokens/pn2018/tr11-0676__C3-M2.npy
pn2018,tr11-0676,tr11-0676,C4-M1,train,277800,/data/gen/tokens/pn2018/tr11-0676__C4-M1.npy
pn2018,tr11-0676,tr11-0676,O1-M2,train,277800,/data/gen/tokens/pn2018/tr11-0676__O1-M2.npy
pn2018,tr11-0676,tr11-0676,O2-M1,train,277800,/data/gen/tokens/pn2018/tr11-0676__O2-M1.npy
pn2018,tr11-0708,tr11-0708,F3-M2,train,260100,/data/gen/tokens/pn2018/tr11-0708__F3-M2.npy
pn2018,tr11-0708,tr11-0708,F4-M1,train,260100,/data/gen/tokens/pn2018/tr11-0708__F4-M1.npy
pn2018,tr11-0708,tr11-0708,C3-M2,train,260100,/data/gen/tokens/pn2018/tr11-0708__C3-M2.npy
pn2018,tr11-0708,tr11-0708,C4-M1,train,260100,/data/gen/tokens/pn2018/tr11-0708__C4-M1.npy
pn2018,tr11-0708,tr11-0708,O1-M2,train,260100,/data/gen/tokens/pn2018/tr11-0708__O1-M2.npy
pn2018,tr11-0708,tr11-0708,O2-M1,train,260100,/data/gen/tokens/pn2018/tr11-0708__O2-M1.npy
pn2018,tr11-0786,tr11-0786,F3-M2,train,280800,/data/gen/tokens/pn2018/tr11-0786__F3-M2.npy
pn2018,tr11-0786,tr11-0786,F4-M1,train,280800,/data/gen/tokens/pn2018/tr11-0786__F4-M1.npy
pn2018,tr11-0786,tr11-0786,C3-M2,train,280800,/data/gen/tokens/pn2018/tr11-0786__C3-M2.npy
pn2018,tr11-0786,tr11-0786,C4-M1,train,280800,/data/gen/tokens/pn2018/tr11-0786__C4-M1.npy
pn2018,tr11-0786,tr11-0786,O1-M2,train,280800,/data/gen/tokens/pn2018/tr11-0786__O1-M2.npy
pn2018,tr11-0786,tr11-0786,O2-M1,train,280800,/data/gen/tokens/pn2018/tr11-0786__O2-M1.npy
pn2018,tr11-0736,tr11-0736,F3-M2,heldout,265800,/data/gen/tokens/pn2018/tr11-0736__F3-M2.npy
pn2018,tr11-0736,tr11-0736,F4-M1,heldout,265800,/data/gen/tokens/pn2018/tr11-0736__F4-M1.npy
pn2018,tr11-0736,tr11-0736,C3-M2,heldout,265800,/data/gen/tokens/pn2018/tr11-0736__C3-M2.npy
pn2018,tr11-0736,tr11-0736,C4-M1,heldout,265800,/data/gen/tokens/pn2018/tr11-0736__C4-M1.npy
pn2018,tr11-0736,tr11-0736,O1-M2,heldout,265800,/data/gen/tokens/pn2018/tr11-0736__O1-M2.npy
pn2018,tr11-0736,tr11-0736,O2-M1,heldout,265800,/data/gen/tokens/pn2018/tr11-0736__O2-M1.npy
pn2018,tr11-0792,tr11-0792,F3-M2,train,256800,/data/gen/tokens/pn2018/tr11-0792__F3-M2.npy
pn2018,tr11-0792,tr11-0792,F4-M1,train,256800,/data/gen/tokens/pn2018/tr11-0792__F4-M1.npy
pn2018,tr11-0792,tr11-0792,C3-M2,train,256800,/data/gen/tokens/pn2018/tr11-0792__C3-M2.npy
pn2018,tr11-0792,tr11-0792,C4-M1,train,256800,/data/gen/tokens/pn2018/tr11-0792__C4-M1.npy
pn2018,tr11-0792,tr11-0792,O1-M2,train,256800,/data/gen/tokens/pn2018/tr11-0792__O1-M2.npy
pn2018,tr11-0792,tr11-0792,O2-M1,train,256800,/data/gen/tokens/pn2018/tr11-0792__O2-M1.npy
pn2018,tr11-0734,tr11-0734,F3-M2,train,300300,/data/gen/tokens/pn2018/tr11-0734__F3-M2.npy
pn2018,tr11-0734,tr11-0734,F4-M1,train,300300,/data/gen/tokens/pn2018/tr11-0734__F4-M1.npy
pn2018,tr11-0734,tr11-0734,C3-M2,train,300300,/data/gen/tokens/pn2018/tr11-0734__C3-M2.npy
pn2018,tr11-0734,tr11-0734,C4-M1,train,300300,/data/gen/tokens/pn2018/tr11-0734__C4-M1.npy
pn2018,tr11-0734,tr11-0734,O1-M2,train,300300,/data/gen/tokens/pn2018/tr11-0734__O1-M2.npy
pn2018,tr11-0734,tr11-0734,O2-M1,train,300300,/data/gen/tokens/pn2018/tr11-0734__O2-M1.npy
pn2018,tr11-0767,tr11-0767,F3-M2,train,266400,/data/gen/tokens/pn2018/tr11-0767__F3-M2.npy
pn2018,tr11-0767,tr11-0767,F4-M1,train,266400,/data/gen/tokens/pn2018/tr11-0767__F4-M1.npy
pn2018,tr11-0767,tr11-0767,C3-M2,train,266400,/data/gen/tokens/pn2018/tr11-0767__C3-M2.npy
pn2018,tr11-0767,tr11-0767,C4-M1,train,266400,/data/gen/tokens/pn2018/tr11-0767__C4-M1.npy
pn2018,tr11-0767,tr11-0767,O1-M2,train,266400,/data/gen/tokens/pn2018/tr11-0767__O1-M2.npy
pn2018,tr11-0767,tr11-0767,O2-M1,train,266400,/data/gen/tokens/pn2018/tr11-0767__O2-M1.npy
pn2018,tr12-0003,tr12-0003,F3-M2,heldout,246600,/data/gen/tokens/pn2018/tr12-0003__F3-M2.npy
pn2018,tr12-0003,tr12-0003,F4-M1,heldout,246600,/data/gen/tokens/pn2018/tr12-0003__F4-M1.npy
pn2018,tr12-0003,tr12-0003,C3-M2,heldout,246600,/data/gen/tokens/pn2018/tr12-0003__C3-M2.npy
pn2018,tr12-0003,tr12-0003,C4-M1,heldout,246600,/data/gen/tokens/pn2018/tr12-0003__C4-M1.npy
pn2018,tr12-0003,tr12-0003,O1-M2,heldout,246600,/data/gen/tokens/pn2018/tr12-0003__O1-M2.npy
pn2018,tr12-0003,tr12-0003,O2-M1,heldout,246600,/data/gen/tokens/pn2018/tr12-0003__O2-M1.npy
pn2018,tr12-0009,tr12-0009,F3-M2,train,292800,/data/gen/tokens/pn2018/tr12-0009__F3-M2.npy
pn2018,tr12-0009,tr12-0009,F4-M1,train,292800,/data/gen/tokens/pn2018/tr12-0009__F4-M1.npy
pn2018,tr12-0009,tr12-0009,C3-M2,train,292800,/data/gen/tokens/pn2018/tr12-0009__C3-M2.npy
pn2018,tr12-0009,tr12-0009,C4-M1,train,292800,/data/gen/tokens/pn2018/tr12-0009__C4-M1.npy
pn2018,tr12-0009,tr12-0009,O1-M2,train,292800,/data/gen/tokens/pn2018/tr12-0009__O1-M2.npy
pn2018,tr12-0009,tr12-0009,O2-M1,train,292800,/data/gen/tokens/pn2018/tr12-0009__O2-M1.npy
pn2018,tr12-0015,tr12-0015,F3-M2,train,302100,/data/gen/tokens/pn2018/tr12-0015__F3-M2.npy
pn2018,tr12-0015,tr12-0015,F4-M1,train,302100,/data/gen/tokens/pn2018/tr12-0015__F4-M1.npy
pn2018,tr12-0015,tr12-0015,C3-M2,train,302100,/data/gen/tokens/pn2018/tr12-0015__C3-M2.npy
pn2018,tr12-0015,tr12-0015,C4-M1,train,302100,/data/gen/tokens/pn2018/tr12-0015__C4-M1.npy
pn2018,tr12-0015,tr12-0015,O1-M2,train,302100,/data/gen/tokens/pn2018/tr12-0015__O1-M2.npy
pn2018,tr12-0015,tr12-0015,O2-M1,train,302100,/data/gen/tokens/pn2018/tr12-0015__O2-M1.npy
pn2018,tr12-0058,tr12-0058,F3-M2,train,230100,/data/gen/tokens/pn2018/tr12-0058__F3-M2.npy
pn2018,tr12-0058,tr12-0058,F4-M1,train,230100,/data/gen/tokens/pn2018/tr12-0058__F4-M1.npy
pn2018,tr12-0058,tr12-0058,C3-M2,train,230100,/data/gen/tokens/pn2018/tr12-0058__C3-M2.npy
pn2018,tr12-0058,tr12-0058,C4-M1,train,230100,/data/gen/tokens/pn2018/tr12-0058__C4-M1.npy
pn2018,tr12-0058,tr12-0058,O1-M2,train,230100,/data/gen/tokens/pn2018/tr12-0058__O1-M2.npy
pn2018,tr12-0058,tr12-0058,O2-M1,train,230100,/data/gen/tokens/pn2018/tr12-0058__O2-M1.npy
pn2018,tr12-0051,tr12-0051,F3-M2,train,270300,/data/gen/tokens/pn2018/tr12-0051__F3-M2.npy
pn2018,tr12-0051,tr12-0051,F4-M1,train,270300,/data/gen/tokens/pn2018/tr12-0051__F4-M1.npy
pn2018,tr12-0051,tr12-0051,C3-M2,train,270300,/data/gen/tokens/pn2018/tr12-0051__C3-M2.npy
pn2018,tr12-0051,tr12-0051,C4-M1,train,270300,/data/gen/tokens/pn2018/tr12-0051__C4-M1.npy
pn2018,tr12-0051,tr12-0051,O1-M2,train,270300,/data/gen/tokens/pn2018/tr12-0051__O1-M2.npy
pn2018,tr12-0051,tr12-0051,O2-M1,train,270300,/data/gen/tokens/pn2018/tr12-0051__O2-M1.npy
pn2018,tr12-0061,tr12-0061,F3-M2,train,236700,/data/gen/tokens/pn2018/tr12-0061__F3-M2.npy
pn2018,tr12-0061,tr12-0061,F4-M1,train,236700,/data/gen/tokens/pn2018/tr12-0061__F4-M1.npy
pn2018,tr12-0061,tr12-0061,C3-M2,train,236700,/data/gen/tokens/pn2018/tr12-0061__C3-M2.npy
pn2018,tr12-0061,tr12-0061,C4-M1,train,236700,/data/gen/tokens/pn2018/tr12-0061__C4-M1.npy
pn2018,tr12-0061,tr12-0061,O1-M2,train,236700,/data/gen/tokens/pn2018/tr12-0061__O1-M2.npy
pn2018,tr12-0061,tr12-0061,O2-M1,train,236700,/data/gen/tokens/pn2018/tr12-0061__O2-M1.npy
pn2018,tr12-0064,tr12-0064,F3-M2,train,293400,/data/gen/tokens/pn2018/tr12-0064__F3-M2.npy
pn2018,tr12-0064,tr12-0064,F4-M1,train,293400,/data/gen/tokens/pn2018/tr12-0064__F4-M1.npy
pn2018,tr12-0064,tr12-0064,C3-M2,train,293400,/data/gen/tokens/pn2018/tr12-0064__C3-M2.npy
pn2018,tr12-0064,tr12-0064,C4-M1,train,293400,/data/gen/tokens/pn2018/tr12-0064__C4-M1.npy
pn2018,tr12-0064,tr12-0064,O1-M2,train,293400,/data/gen/tokens/pn2018/tr12-0064__O1-M2.npy
pn2018,tr12-0064,tr12-0064,O2-M1,train,293400,/data/gen/tokens/pn2018/tr12-0064__O2-M1.npy
pn2018,tr12-0106,tr12-0106,F3-M2,train,268200,/data/gen/tokens/pn2018/tr12-0106__F3-M2.npy
pn2018,tr12-0106,tr12-0106,F4-M1,train,268200,/data/gen/tokens/pn2018/tr12-0106__F4-M1.npy
pn2018,tr12-0106,tr12-0106,C3-M2,train,268200,/data/gen/tokens/pn2018/tr12-0106__C3-M2.npy
pn2018,tr12-0106,tr12-0106,C4-M1,train,268200,/data/gen/tokens/pn2018/tr12-0106__C4-M1.npy
pn2018,tr12-0106,tr12-0106,O1-M2,train,268200,/data/gen/tokens/pn2018/tr12-0106__O1-M2.npy
pn2018,tr12-0106,tr12-0106,O2-M1,train,268200,/data/gen/tokens/pn2018/tr12-0106__O2-M1.npy
pn2018,tr12-0095,tr12-0095,F3-M2,train,261000,/data/gen/tokens/pn2018/tr12-0095__F3-M2.npy
pn2018,tr12-0095,tr12-0095,F4-M1,train,261000,/data/gen/tokens/pn2018/tr12-0095__F4-M1.npy
pn2018,tr12-0095,tr12-0095,C3-M2,train,261000,/data/gen/tokens/pn2018/tr12-0095__C3-M2.npy
pn2018,tr12-0095,tr12-0095,C4-M1,train,261000,/data/gen/tokens/pn2018/tr12-0095__C4-M1.npy
pn2018,tr12-0095,tr12-0095,O1-M2,train,261000,/data/gen/tokens/pn2018/tr12-0095__O1-M2.npy
pn2018,tr12-0095,tr12-0095,O2-M1,train,261000,/data/gen/tokens/pn2018/tr12-0095__O2-M1.npy
pn2018,tr12-0097,tr12-0097,F3-M2,train,257100,/data/gen/tokens/pn2018/tr12-0097__F3-M2.npy
pn2018,tr12-0097,tr12-0097,F4-M1,train,257100,/data/gen/tokens/pn2018/tr12-0097__F4-M1.npy
pn2018,tr12-0097,tr12-0097,C3-M2,train,257100,/data/gen/tokens/pn2018/tr12-0097__C3-M2.npy
pn2018,tr12-0097,tr12-0097,C4-M1,train,257100,/data/gen/tokens/pn2018/tr12-0097__C4-M1.npy
pn2018,tr12-0097,tr12-0097,O1-M2,train,257100,/data/gen/tokens/pn2018/tr12-0097__O1-M2.npy
pn2018,tr12-0097,tr12-0097,O2-M1,train,257100,/data/gen/tokens/pn2018/tr12-0097__O2-M1.npy
pn2018,tr12-0108,tr12-0108,F3-M2,train,256500,/data/gen/tokens/pn2018/tr12-0108__F3-M2.npy
pn2018,tr12-0108,tr12-0108,F4-M1,train,256500,/data/gen/tokens/pn2018/tr12-0108__F4-M1.npy
pn2018,tr12-0108,tr12-0108,C3-M2,train,256500,/data/gen/tokens/pn2018/tr12-0108__C3-M2.npy
pn2018,tr12-0108,tr12-0108,C4-M1,train,256500,/data/gen/tokens/pn2018/tr12-0108__C4-M1.npy
pn2018,tr12-0108,tr12-0108,O1-M2,train,256500,/data/gen/tokens/pn2018/tr12-0108__O1-M2.npy
pn2018,tr12-0108,tr12-0108,O2-M1,train,256500,/data/gen/tokens/pn2018/tr12-0108__O2-M1.npy
pn2018,tr12-0115,tr12-0115,F3-M2,train,239400,/data/gen/tokens/pn2018/tr12-0115__F3-M2.npy
pn2018,tr12-0115,tr12-0115,F4-M1,train,239400,/data/gen/tokens/pn2018/tr12-0115__F4-M1.npy
pn2018,tr12-0115,tr12-0115,C3-M2,train,239400,/data/gen/tokens/pn2018/tr12-0115__C3-M2.npy
pn2018,tr12-0115,tr12-0115,C4-M1,train,239400,/data/gen/tokens/pn2018/tr12-0115__C4-M1.npy
pn2018,tr12-0115,tr12-0115,O1-M2,train,239400,/data/gen/tokens/pn2018/tr12-0115__O1-M2.npy
pn2018,tr12-0115,tr12-0115,O2-M1,train,239400,/data/gen/tokens/pn2018/tr12-0115__O2-M1.npy
pn2018,tr12-0120,tr12-0120,F3-M2,train,280800,/data/gen/tokens/pn2018/tr12-0120__F3-M2.npy
pn2018,tr12-0120,tr12-0120,F4-M1,train,280800,/data/gen/tokens/pn2018/tr12-0120__F4-M1.npy
pn2018,tr12-0120,tr12-0120,C3-M2,train,280800,/data/gen/tokens/pn2018/tr12-0120__C3-M2.npy
pn2018,tr12-0120,tr12-0120,C4-M1,train,280800,/data/gen/tokens/pn2018/tr12-0120__C4-M1.npy
pn2018,tr12-0120,tr12-0120,O1-M2,train,280800,/data/gen/tokens/pn2018/tr12-0120__O1-M2.npy
pn2018,tr12-0120,tr12-0120,O2-M1,train,280800,/data/gen/tokens/pn2018/tr12-0120__O2-M1.npy
pn2018,tr12-0121,tr12-0121,F3-M2,train,253500,/data/gen/tokens/pn2018/tr12-0121__F3-M2.npy
pn2018,tr12-0121,tr12-0121,F4-M1,train,253500,/data/gen/tokens/pn2018/tr12-0121__F4-M1.npy
pn2018,tr12-0121,tr12-0121,C3-M2,train,253500,/data/gen/tokens/pn2018/tr12-0121__C3-M2.npy
pn2018,tr12-0121,tr12-0121,C4-M1,train,253500,/data/gen/tokens/pn2018/tr12-0121__C4-M1.npy
pn2018,tr12-0121,tr12-0121,O1-M2,train,253500,/data/gen/tokens/pn2018/tr12-0121__O1-M2.npy
pn2018,tr12-0121,tr12-0121,O2-M1,train,253500,/data/gen/tokens/pn2018/tr12-0121__O2-M1.npy
pn2018,tr12-0122,tr12-0122,F3-M2,train,282000,/data/gen/tokens/pn2018/tr12-0122__F3-M2.npy
pn2018,tr12-0122,tr12-0122,F4-M1,train,282000,/data/gen/tokens/pn2018/tr12-0122__F4-M1.npy
pn2018,tr12-0122,tr12-0122,C3-M2,train,282000,/data/gen/tokens/pn2018/tr12-0122__C3-M2.npy
pn2018,tr12-0122,tr12-0122,C4-M1,train,282000,/data/gen/tokens/pn2018/tr12-0122__C4-M1.npy
pn2018,tr12-0122,tr12-0122,O1-M2,train,282000,/data/gen/tokens/pn2018/tr12-0122__O1-M2.npy
pn2018,tr12-0122,tr12-0122,O2-M1,train,282000,/data/gen/tokens/pn2018/tr12-0122__O2-M1.npy
pn2018,tr12-0169,tr12-0169,F3-M2,train,264900,/data/gen/tokens/pn2018/tr12-0169__F3-M2.npy
pn2018,tr12-0169,tr12-0169,F4-M1,train,264900,/data/gen/tokens/pn2018/tr12-0169__F4-M1.npy
pn2018,tr12-0169,tr12-0169,C3-M2,train,264900,/data/gen/tokens/pn2018/tr12-0169__C3-M2.npy
pn2018,tr12-0169,tr12-0169,C4-M1,train,264900,/data/gen/tokens/pn2018/tr12-0169__C4-M1.npy
pn2018,tr12-0169,tr12-0169,O1-M2,train,264900,/data/gen/tokens/pn2018/tr12-0169__O1-M2.npy
pn2018,tr12-0169,tr12-0169,O2-M1,train,264900,/data/gen/tokens/pn2018/tr12-0169__O2-M1.npy
pn2018,tr12-0135,tr12-0135,F3-M2,train,294300,/data/gen/tokens/pn2018/tr12-0135__F3-M2.npy
pn2018,tr12-0135,tr12-0135,F4-M1,train,294300,/data/gen/tokens/pn2018/tr12-0135__F4-M1.npy
pn2018,tr12-0135,tr12-0135,C3-M2,train,294300,/data/gen/tokens/pn2018/tr12-0135__C3-M2.npy
pn2018,tr12-0135,tr12-0135,C4-M1,train,294300,/data/gen/tokens/pn2018/tr12-0135__C4-M1.npy
pn2018,tr12-0135,tr12-0135,O1-M2,train,294300,/data/gen/tokens/pn2018/tr12-0135__O1-M2.npy
pn2018,tr12-0135,tr12-0135,O2-M1,train,294300,/data/gen/tokens/pn2018/tr12-0135__O2-M1.npy
pn2018,tr12-0229,tr12-0229,F3-M2,train,250500,/data/gen/tokens/pn2018/tr12-0229__F3-M2.npy
pn2018,tr12-0229,tr12-0229,F4-M1,train,250500,/data/gen/tokens/pn2018/tr12-0229__F4-M1.npy
pn2018,tr12-0229,tr12-0229,C3-M2,train,250500,/data/gen/tokens/pn2018/tr12-0229__C3-M2.npy
pn2018,tr12-0229,tr12-0229,C4-M1,train,250500,/data/gen/tokens/pn2018/tr12-0229__C4-M1.npy
pn2018,tr12-0229,tr12-0229,O1-M2,train,250500,/data/gen/tokens/pn2018/tr12-0229__O1-M2.npy
pn2018,tr12-0229,tr12-0229,O2-M1,train,250500,/data/gen/tokens/pn2018/tr12-0229__O2-M1.npy
pn2018,tr12-0170,tr12-0170,F3-M2,heldout,272100,/data/gen/tokens/pn2018/tr12-0170__F3-M2.npy
pn2018,tr12-0170,tr12-0170,F4-M1,heldout,272100,/data/gen/tokens/pn2018/tr12-0170__F4-M1.npy
pn2018,tr12-0170,tr12-0170,C3-M2,heldout,272100,/data/gen/tokens/pn2018/tr12-0170__C3-M2.npy
pn2018,tr12-0170,tr12-0170,C4-M1,heldout,272100,/data/gen/tokens/pn2018/tr12-0170__C4-M1.npy
pn2018,tr12-0170,tr12-0170,O1-M2,heldout,272100,/data/gen/tokens/pn2018/tr12-0170__O1-M2.npy
pn2018,tr12-0170,tr12-0170,O2-M1,heldout,272100,/data/gen/tokens/pn2018/tr12-0170__O2-M1.npy
pn2018,tr12-0173,tr12-0173,F3-M2,train,282600,/data/gen/tokens/pn2018/tr12-0173__F3-M2.npy
pn2018,tr12-0173,tr12-0173,F4-M1,train,282600,/data/gen/tokens/pn2018/tr12-0173__F4-M1.npy
pn2018,tr12-0173,tr12-0173,C3-M2,train,282600,/data/gen/tokens/pn2018/tr12-0173__C3-M2.npy
pn2018,tr12-0173,tr12-0173,C4-M1,train,282600,/data/gen/tokens/pn2018/tr12-0173__C4-M1.npy
pn2018,tr12-0173,tr12-0173,O1-M2,train,282600,/data/gen/tokens/pn2018/tr12-0173__O1-M2.npy
pn2018,tr12-0173,tr12-0173,O2-M1,train,282600,/data/gen/tokens/pn2018/tr12-0173__O2-M1.npy
pn2018,tr12-0185,tr12-0185,F3-M2,train,266700,/data/gen/tokens/pn2018/tr12-0185__F3-M2.npy
pn2018,tr12-0185,tr12-0185,F4-M1,train,266700,/data/gen/tokens/pn2018/tr12-0185__F4-M1.npy
pn2018,tr12-0185,tr12-0185,C3-M2,train,266700,/data/gen/tokens/pn2018/tr12-0185__C3-M2.npy
pn2018,tr12-0185,tr12-0185,C4-M1,train,266700,/data/gen/tokens/pn2018/tr12-0185__C4-M1.npy
pn2018,tr12-0185,tr12-0185,O1-M2,train,266700,/data/gen/tokens/pn2018/tr12-0185__O1-M2.npy
pn2018,tr12-0185,tr12-0185,O2-M1,train,266700,/data/gen/tokens/pn2018/tr12-0185__O2-M1.npy
pn2018,tr12-0209,tr12-0209,F3-M2,heldout,285600,/data/gen/tokens/pn2018/tr12-0209__F3-M2.npy
pn2018,tr12-0209,tr12-0209,F4-M1,heldout,285600,/data/gen/tokens/pn2018/tr12-0209__F4-M1.npy
pn2018,tr12-0209,tr12-0209,C3-M2,heldout,285600,/data/gen/tokens/pn2018/tr12-0209__C3-M2.npy
pn2018,tr12-0209,tr12-0209,C4-M1,heldout,285600,/data/gen/tokens/pn2018/tr12-0209__C4-M1.npy
pn2018,tr12-0209,tr12-0209,O1-M2,heldout,285600,/data/gen/tokens/pn2018/tr12-0209__O1-M2.npy
pn2018,tr12-0209,tr12-0209,O2-M1,heldout,285600,/data/gen/tokens/pn2018/tr12-0209__O2-M1.npy
pn2018,tr12-0241,tr12-0241,F3-M2,heldout,252000,/data/gen/tokens/pn2018/tr12-0241__F3-M2.npy
pn2018,tr12-0241,tr12-0241,F4-M1,heldout,252000,/data/gen/tokens/pn2018/tr12-0241__F4-M1.npy
pn2018,tr12-0241,tr12-0241,C3-M2,heldout,252000,/data/gen/tokens/pn2018/tr12-0241__C3-M2.npy
pn2018,tr12-0241,tr12-0241,C4-M1,heldout,252000,/data/gen/tokens/pn2018/tr12-0241__C4-M1.npy
pn2018,tr12-0241,tr12-0241,O1-M2,heldout,252000,/data/gen/tokens/pn2018/tr12-0241__O1-M2.npy
pn2018,tr12-0241,tr12-0241,O2-M1,heldout,252000,/data/gen/tokens/pn2018/tr12-0241__O2-M1.npy
pn2018,tr12-0243,tr12-0243,F3-M2,train,252300,/data/gen/tokens/pn2018/tr12-0243__F3-M2.npy
pn2018,tr12-0243,tr12-0243,F4-M1,train,252300,/data/gen/tokens/pn2018/tr12-0243__F4-M1.npy
pn2018,tr12-0243,tr12-0243,C3-M2,train,252300,/data/gen/tokens/pn2018/tr12-0243__C3-M2.npy
pn2018,tr12-0243,tr12-0243,C4-M1,train,252300,/data/gen/tokens/pn2018/tr12-0243__C4-M1.npy
pn2018,tr12-0243,tr12-0243,O1-M2,train,252300,/data/gen/tokens/pn2018/tr12-0243__O1-M2.npy
pn2018,tr12-0243,tr12-0243,O2-M1,train,252300,/data/gen/tokens/pn2018/tr12-0243__O2-M1.npy
pn2018,tr12-0244,tr12-0244,F3-M2,train,289800,/data/gen/tokens/pn2018/tr12-0244__F3-M2.npy
pn2018,tr12-0244,tr12-0244,F4-M1,train,289800,/data/gen/tokens/pn2018/tr12-0244__F4-M1.npy
pn2018,tr12-0244,tr12-0244,C3-M2,train,289800,/data/gen/tokens/pn2018/tr12-0244__C3-M2.npy
pn2018,tr12-0244,tr12-0244,C4-M1,train,289800,/data/gen/tokens/pn2018/tr12-0244__C4-M1.npy
pn2018,tr12-0244,tr12-0244,O1-M2,train,289800,/data/gen/tokens/pn2018/tr12-0244__O1-M2.npy
pn2018,tr12-0244,tr12-0244,O2-M1,train,289800,/data/gen/tokens/pn2018/tr12-0244__O2-M1.npy
pn2018,tr12-0248,tr12-0248,F3-M2,train,262200,/data/gen/tokens/pn2018/tr12-0248__F3-M2.npy
pn2018,tr12-0248,tr12-0248,F4-M1,train,262200,/data/gen/tokens/pn2018/tr12-0248__F4-M1.npy
pn2018,tr12-0248,tr12-0248,C3-M2,train,262200,/data/gen/tokens/pn2018/tr12-0248__C3-M2.npy
pn2018,tr12-0248,tr12-0248,C4-M1,train,262200,/data/gen/tokens/pn2018/tr12-0248__C4-M1.npy
pn2018,tr12-0248,tr12-0248,O1-M2,train,262200,/data/gen/tokens/pn2018/tr12-0248__O1-M2.npy
pn2018,tr12-0248,tr12-0248,O2-M1,train,262200,/data/gen/tokens/pn2018/tr12-0248__O2-M1.npy
pn2018,tr12-0253,tr12-0253,F3-M2,train,252600,/data/gen/tokens/pn2018/tr12-0253__F3-M2.npy
pn2018,tr12-0253,tr12-0253,F4-M1,train,252600,/data/gen/tokens/pn2018/tr12-0253__F4-M1.npy
pn2018,tr12-0253,tr12-0253,C3-M2,train,252600,/data/gen/tokens/pn2018/tr12-0253__C3-M2.npy
pn2018,tr12-0253,tr12-0253,C4-M1,train,252600,/data/gen/tokens/pn2018/tr12-0253__C4-M1.npy
pn2018,tr12-0253,tr12-0253,O1-M2,train,252600,/data/gen/tokens/pn2018/tr12-0253__O1-M2.npy
pn2018,tr12-0253,tr12-0253,O2-M1,train,252600,/data/gen/tokens/pn2018/tr12-0253__O2-M1.npy
pn2018,tr12-0247,tr12-0247,F3-M2,train,263100,/data/gen/tokens/pn2018/tr12-0247__F3-M2.npy
pn2018,tr12-0247,tr12-0247,F4-M1,train,263100,/data/gen/tokens/pn2018/tr12-0247__F4-M1.npy
pn2018,tr12-0247,tr12-0247,C3-M2,train,263100,/data/gen/tokens/pn2018/tr12-0247__C3-M2.npy
pn2018,tr12-0247,tr12-0247,C4-M1,train,263100,/data/gen/tokens/pn2018/tr12-0247__C4-M1.npy
pn2018,tr12-0247,tr12-0247,O1-M2,train,263100,/data/gen/tokens/pn2018/tr12-0247__O1-M2.npy
pn2018,tr12-0247,tr12-0247,O2-M1,train,263100,/data/gen/tokens/pn2018/tr12-0247__O2-M1.npy
pn2018,tr12-0255,tr12-0255,F3-M2,train,266700,/data/gen/tokens/pn2018/tr12-0255__F3-M2.npy
pn2018,tr12-0255,tr12-0255,F4-M1,train,266700,/data/gen/tokens/pn2018/tr12-0255__F4-M1.npy
pn2018,tr12-0255,tr12-0255,C3-M2,train,266700,/data/gen/tokens/pn2018/tr12-0255__C3-M2.npy
pn2018,tr12-0255,tr12-0255,C4-M1,train,266700,/data/gen/tokens/pn2018/tr12-0255__C4-M1.npy
pn2018,tr12-0255,tr12-0255,O1-M2,train,266700,/data/gen/tokens/pn2018/tr12-0255__O1-M2.npy
pn2018,tr12-0255,tr12-0255,O2-M1,train,266700,/data/gen/tokens/pn2018/tr12-0255__O2-M1.npy
pn2018,tr12-0261,tr12-0261,F3-M2,train,257100,/data/gen/tokens/pn2018/tr12-0261__F3-M2.npy
pn2018,tr12-0261,tr12-0261,F4-M1,train,257100,/data/gen/tokens/pn2018/tr12-0261__F4-M1.npy
pn2018,tr12-0261,tr12-0261,C3-M2,train,257100,/data/gen/tokens/pn2018/tr12-0261__C3-M2.npy
pn2018,tr12-0261,tr12-0261,C4-M1,train,257100,/data/gen/tokens/pn2018/tr12-0261__C4-M1.npy
pn2018,tr12-0261,tr12-0261,O1-M2,train,257100,/data/gen/tokens/pn2018/tr12-0261__O1-M2.npy
pn2018,tr12-0261,tr12-0261,O2-M1,train,257100,/data/gen/tokens/pn2018/tr12-0261__O2-M1.npy
pn2018,tr12-0277,tr12-0277,F3-M2,train,304500,/data/gen/tokens/pn2018/tr12-0277__F3-M2.npy
pn2018,tr12-0277,tr12-0277,F4-M1,train,304500,/data/gen/tokens/pn2018/tr12-0277__F4-M1.npy
pn2018,tr12-0277,tr12-0277,C3-M2,train,304500,/data/gen/tokens/pn2018/tr12-0277__C3-M2.npy
pn2018,tr12-0277,tr12-0277,C4-M1,train,304500,/data/gen/tokens/pn2018/tr12-0277__C4-M1.npy
pn2018,tr12-0277,tr12-0277,O1-M2,train,304500,/data/gen/tokens/pn2018/tr12-0277__O1-M2.npy
pn2018,tr12-0277,tr12-0277,O2-M1,train,304500,/data/gen/tokens/pn2018/tr12-0277__O2-M1.npy
pn2018,tr12-0279,tr12-0279,F3-M2,train,292800,/data/gen/tokens/pn2018/tr12-0279__F3-M2.npy
pn2018,tr12-0279,tr12-0279,F4-M1,train,292800,/data/gen/tokens/pn2018/tr12-0279__F4-M1.npy
pn2018,tr12-0279,tr12-0279,C3-M2,train,292800,/data/gen/tokens/pn2018/tr12-0279__C3-M2.npy
pn2018,tr12-0279,tr12-0279,C4-M1,train,292800,/data/gen/tokens/pn2018/tr12-0279__C4-M1.npy
pn2018,tr12-0279,tr12-0279,O1-M2,train,292800,/data/gen/tokens/pn2018/tr12-0279__O1-M2.npy
pn2018,tr12-0279,tr12-0279,O2-M1,train,292800,/data/gen/tokens/pn2018/tr12-0279__O2-M1.npy
pn2018,tr12-0299,tr12-0299,F3-M2,train,258600,/data/gen/tokens/pn2018/tr12-0299__F3-M2.npy
pn2018,tr12-0299,tr12-0299,F4-M1,train,258600,/data/gen/tokens/pn2018/tr12-0299__F4-M1.npy
pn2018,tr12-0299,tr12-0299,C3-M2,train,258600,/data/gen/tokens/pn2018/tr12-0299__C3-M2.npy
pn2018,tr12-0299,tr12-0299,C4-M1,train,258600,/data/gen/tokens/pn2018/tr12-0299__C4-M1.npy
pn2018,tr12-0299,tr12-0299,O1-M2,train,258600,/data/gen/tokens/pn2018/tr12-0299__O1-M2.npy
pn2018,tr12-0299,tr12-0299,O2-M1,train,258600,/data/gen/tokens/pn2018/tr12-0299__O2-M1.npy
pn2018,tr12-0310,tr12-0310,F3-M2,train,296100,/data/gen/tokens/pn2018/tr12-0310__F3-M2.npy
pn2018,tr12-0310,tr12-0310,F4-M1,train,296100,/data/gen/tokens/pn2018/tr12-0310__F4-M1.npy
pn2018,tr12-0310,tr12-0310,C3-M2,train,296100,/data/gen/tokens/pn2018/tr12-0310__C3-M2.npy
pn2018,tr12-0310,tr12-0310,C4-M1,train,296100,/data/gen/tokens/pn2018/tr12-0310__C4-M1.npy
pn2018,tr12-0310,tr12-0310,O1-M2,train,296100,/data/gen/tokens/pn2018/tr12-0310__O1-M2.npy
pn2018,tr12-0310,tr12-0310,O2-M1,train,296100,/data/gen/tokens/pn2018/tr12-0310__O2-M1.npy
pn2018,tr12-0308,tr12-0308,F3-M2,train,296400,/data/gen/tokens/pn2018/tr12-0308__F3-M2.npy
pn2018,tr12-0308,tr12-0308,F4-M1,train,296400,/data/gen/tokens/pn2018/tr12-0308__F4-M1.npy
pn2018,tr12-0308,tr12-0308,C3-M2,train,296400,/data/gen/tokens/pn2018/tr12-0308__C3-M2.npy
pn2018,tr12-0308,tr12-0308,C4-M1,train,296400,/data/gen/tokens/pn2018/tr12-0308__C4-M1.npy
pn2018,tr12-0308,tr12-0308,O1-M2,train,296400,/data/gen/tokens/pn2018/tr12-0308__O1-M2.npy
pn2018,tr12-0308,tr12-0308,O2-M1,train,296400,/data/gen/tokens/pn2018/tr12-0308__O2-M1.npy
pn2018,tr12-0348,tr12-0348,F3-M2,train,246000,/data/gen/tokens/pn2018/tr12-0348__F3-M2.npy
pn2018,tr12-0348,tr12-0348,F4-M1,train,246000,/data/gen/tokens/pn2018/tr12-0348__F4-M1.npy
pn2018,tr12-0348,tr12-0348,C3-M2,train,246000,/data/gen/tokens/pn2018/tr12-0348__C3-M2.npy
pn2018,tr12-0348,tr12-0348,C4-M1,train,246000,/data/gen/tokens/pn2018/tr12-0348__C4-M1.npy
pn2018,tr12-0348,tr12-0348,O1-M2,train,246000,/data/gen/tokens/pn2018/tr12-0348__O1-M2.npy
pn2018,tr12-0348,tr12-0348,O2-M1,train,246000,/data/gen/tokens/pn2018/tr12-0348__O2-M1.npy
pn2018,tr12-0319,tr12-0319,F3-M2,heldout,304200,/data/gen/tokens/pn2018/tr12-0319__F3-M2.npy
pn2018,tr12-0319,tr12-0319,F4-M1,heldout,304200,/data/gen/tokens/pn2018/tr12-0319__F4-M1.npy
pn2018,tr12-0319,tr12-0319,C3-M2,heldout,304200,/data/gen/tokens/pn2018/tr12-0319__C3-M2.npy
pn2018,tr12-0319,tr12-0319,C4-M1,heldout,304200,/data/gen/tokens/pn2018/tr12-0319__C4-M1.npy
pn2018,tr12-0319,tr12-0319,O1-M2,heldout,304200,/data/gen/tokens/pn2018/tr12-0319__O1-M2.npy
pn2018,tr12-0319,tr12-0319,O2-M1,heldout,304200,/data/gen/tokens/pn2018/tr12-0319__O2-M1.npy
pn2018,tr12-0321,tr12-0321,F3-M2,train,311100,/data/gen/tokens/pn2018/tr12-0321__F3-M2.npy
pn2018,tr12-0321,tr12-0321,F4-M1,train,311100,/data/gen/tokens/pn2018/tr12-0321__F4-M1.npy
pn2018,tr12-0321,tr12-0321,C3-M2,train,311100,/data/gen/tokens/pn2018/tr12-0321__C3-M2.npy
pn2018,tr12-0321,tr12-0321,C4-M1,train,311100,/data/gen/tokens/pn2018/tr12-0321__C4-M1.npy
pn2018,tr12-0321,tr12-0321,O1-M2,train,311100,/data/gen/tokens/pn2018/tr12-0321__O1-M2.npy
pn2018,tr12-0321,tr12-0321,O2-M1,train,311100,/data/gen/tokens/pn2018/tr12-0321__O2-M1.npy
pn2018,tr12-0339,tr12-0339,F3-M2,heldout,297000,/data/gen/tokens/pn2018/tr12-0339__F3-M2.npy
pn2018,tr12-0339,tr12-0339,F4-M1,heldout,297000,/data/gen/tokens/pn2018/tr12-0339__F4-M1.npy
pn2018,tr12-0339,tr12-0339,C3-M2,heldout,297000,/data/gen/tokens/pn2018/tr12-0339__C3-M2.npy
pn2018,tr12-0339,tr12-0339,C4-M1,heldout,297000,/data/gen/tokens/pn2018/tr12-0339__C4-M1.npy
pn2018,tr12-0339,tr12-0339,O1-M2,heldout,297000,/data/gen/tokens/pn2018/tr12-0339__O1-M2.npy
pn2018,tr12-0339,tr12-0339,O2-M1,heldout,297000,/data/gen/tokens/pn2018/tr12-0339__O2-M1.npy
pn2018,tr12-0375,tr12-0375,F3-M2,train,288600,/data/gen/tokens/pn2018/tr12-0375__F3-M2.npy
pn2018,tr12-0375,tr12-0375,F4-M1,train,288600,/data/gen/tokens/pn2018/tr12-0375__F4-M1.npy
pn2018,tr12-0375,tr12-0375,C3-M2,train,288600,/data/gen/tokens/pn2018/tr12-0375__C3-M2.npy
pn2018,tr12-0375,tr12-0375,C4-M1,train,288600,/data/gen/tokens/pn2018/tr12-0375__C4-M1.npy
pn2018,tr12-0375,tr12-0375,O1-M2,train,288600,/data/gen/tokens/pn2018/tr12-0375__O1-M2.npy
pn2018,tr12-0375,tr12-0375,O2-M1,train,288600,/data/gen/tokens/pn2018/tr12-0375__O2-M1.npy
pn2018,tr12-0363,tr12-0363,F3-M2,train,244500,/data/gen/tokens/pn2018/tr12-0363__F3-M2.npy
pn2018,tr12-0363,tr12-0363,F4-M1,train,244500,/data/gen/tokens/pn2018/tr12-0363__F4-M1.npy
pn2018,tr12-0363,tr12-0363,C3-M2,train,244500,/data/gen/tokens/pn2018/tr12-0363__C3-M2.npy
pn2018,tr12-0363,tr12-0363,C4-M1,train,244500,/data/gen/tokens/pn2018/tr12-0363__C4-M1.npy
pn2018,tr12-0363,tr12-0363,O1-M2,train,244500,/data/gen/tokens/pn2018/tr12-0363__O1-M2.npy
pn2018,tr12-0363,tr12-0363,O2-M1,train,244500,/data/gen/tokens/pn2018/tr12-0363__O2-M1.npy
pn2018,tr12-0364,tr12-0364,F3-M2,heldout,290400,/data/gen/tokens/pn2018/tr12-0364__F3-M2.npy
pn2018,tr12-0364,tr12-0364,F4-M1,heldout,290400,/data/gen/tokens/pn2018/tr12-0364__F4-M1.npy
pn2018,tr12-0364,tr12-0364,C3-M2,heldout,290400,/data/gen/tokens/pn2018/tr12-0364__C3-M2.npy
pn2018,tr12-0364,tr12-0364,C4-M1,heldout,290400,/data/gen/tokens/pn2018/tr12-0364__C4-M1.npy
pn2018,tr12-0364,tr12-0364,O1-M2,heldout,290400,/data/gen/tokens/pn2018/tr12-0364__O1-M2.npy
pn2018,tr12-0364,tr12-0364,O2-M1,heldout,290400,/data/gen/tokens/pn2018/tr12-0364__O2-M1.npy
pn2018,tr12-0368,tr12-0368,F3-M2,train,270300,/data/gen/tokens/pn2018/tr12-0368__F3-M2.npy
pn2018,tr12-0368,tr12-0368,F4-M1,train,270300,/data/gen/tokens/pn2018/tr12-0368__F4-M1.npy
pn2018,tr12-0368,tr12-0368,C3-M2,train,270300,/data/gen/tokens/pn2018/tr12-0368__C3-M2.npy
pn2018,tr12-0368,tr12-0368,C4-M1,train,270300,/data/gen/tokens/pn2018/tr12-0368__C4-M1.npy
pn2018,tr12-0368,tr12-0368,O1-M2,train,270300,/data/gen/tokens/pn2018/tr12-0368__O1-M2.npy
pn2018,tr12-0368,tr12-0368,O2-M1,train,270300,/data/gen/tokens/pn2018/tr12-0368__O2-M1.npy
pn2018,tr12-0395,tr12-0395,F3-M2,train,283800,/data/gen/tokens/pn2018/tr12-0395__F3-M2.npy
pn2018,tr12-0395,tr12-0395,F4-M1,train,283800,/data/gen/tokens/pn2018/tr12-0395__F4-M1.npy
pn2018,tr12-0395,tr12-0395,C3-M2,train,283800,/data/gen/tokens/pn2018/tr12-0395__C3-M2.npy
pn2018,tr12-0395,tr12-0395,C4-M1,train,283800,/data/gen/tokens/pn2018/tr12-0395__C4-M1.npy
pn2018,tr12-0395,tr12-0395,O1-M2,train,283800,/data/gen/tokens/pn2018/tr12-0395__O1-M2.npy
pn2018,tr12-0395,tr12-0395,O2-M1,train,283800,/data/gen/tokens/pn2018/tr12-0395__O2-M1.npy
pn2018,tr12-0408,tr12-0408,F3-M2,train,221700,/data/gen/tokens/pn2018/tr12-0408__F3-M2.npy
pn2018,tr12-0408,tr12-0408,F4-M1,train,221700,/data/gen/tokens/pn2018/tr12-0408__F4-M1.npy
pn2018,tr12-0408,tr12-0408,C3-M2,train,221700,/data/gen/tokens/pn2018/tr12-0408__C3-M2.npy
pn2018,tr12-0408,tr12-0408,C4-M1,train,221700,/data/gen/tokens/pn2018/tr12-0408__C4-M1.npy
pn2018,tr12-0408,tr12-0408,O1-M2,train,221700,/data/gen/tokens/pn2018/tr12-0408__O1-M2.npy
pn2018,tr12-0408,tr12-0408,O2-M1,train,221700,/data/gen/tokens/pn2018/tr12-0408__O2-M1.npy
pn2018,tr12-0404,tr12-0404,F3-M2,train,276300,/data/gen/tokens/pn2018/tr12-0404__F3-M2.npy
pn2018,tr12-0404,tr12-0404,F4-M1,train,276300,/data/gen/tokens/pn2018/tr12-0404__F4-M1.npy
pn2018,tr12-0404,tr12-0404,C3-M2,train,276300,/data/gen/tokens/pn2018/tr12-0404__C3-M2.npy
pn2018,tr12-0404,tr12-0404,C4-M1,train,276300,/data/gen/tokens/pn2018/tr12-0404__C4-M1.npy
pn2018,tr12-0404,tr12-0404,O1-M2,train,276300,/data/gen/tokens/pn2018/tr12-0404__O1-M2.npy
pn2018,tr12-0404,tr12-0404,O2-M1,train,276300,/data/gen/tokens/pn2018/tr12-0404__O2-M1.npy
pn2018,tr12-0410,tr12-0410,F3-M2,train,304200,/data/gen/tokens/pn2018/tr12-0410__F3-M2.npy
pn2018,tr12-0410,tr12-0410,F4-M1,train,304200,/data/gen/tokens/pn2018/tr12-0410__F4-M1.npy
pn2018,tr12-0410,tr12-0410,C3-M2,train,304200,/data/gen/tokens/pn2018/tr12-0410__C3-M2.npy
pn2018,tr12-0410,tr12-0410,C4-M1,train,304200,/data/gen/tokens/pn2018/tr12-0410__C4-M1.npy
pn2018,tr12-0410,tr12-0410,O1-M2,train,304200,/data/gen/tokens/pn2018/tr12-0410__O1-M2.npy
pn2018,tr12-0410,tr12-0410,O2-M1,train,304200,/data/gen/tokens/pn2018/tr12-0410__O2-M1.npy
pn2018,tr12-0412,tr12-0412,F3-M2,train,269100,/data/gen/tokens/pn2018/tr12-0412__F3-M2.npy
pn2018,tr12-0412,tr12-0412,F4-M1,train,269100,/data/gen/tokens/pn2018/tr12-0412__F4-M1.npy
pn2018,tr12-0412,tr12-0412,C3-M2,train,269100,/data/gen/tokens/pn2018/tr12-0412__C3-M2.npy
pn2018,tr12-0412,tr12-0412,C4-M1,train,269100,/data/gen/tokens/pn2018/tr12-0412__C4-M1.npy
pn2018,tr12-0412,tr12-0412,O1-M2,train,269100,/data/gen/tokens/pn2018/tr12-0412__O1-M2.npy
pn2018,tr12-0412,tr12-0412,O2-M1,train,269100,/data/gen/tokens/pn2018/tr12-0412__O2-M1.npy
pn2018,tr12-0414,tr12-0414,F3-M2,heldout,274500,/data/gen/tokens/pn2018/tr12-0414__F3-M2.npy
pn2018,tr12-0414,tr12-0414,F4-M1,heldout,274500,/data/gen/tokens/pn2018/tr12-0414__F4-M1.npy
pn2018,tr12-0414,tr12-0414,C3-M2,heldout,274500,/data/gen/tokens/pn2018/tr12-0414__C3-M2.npy
pn2018,tr12-0414,tr12-0414,C4-M1,heldout,274500,/data/gen/tokens/pn2018/tr12-0414__C4-M1.npy
pn2018,tr12-0414,tr12-0414,O1-M2,heldout,274500,/data/gen/tokens/pn2018/tr12-0414__O1-M2.npy
pn2018,tr12-0414,tr12-0414,O2-M1,heldout,274500,/data/gen/tokens/pn2018/tr12-0414__O2-M1.npy
pn2018,tr12-0426,tr12-0426,F3-M2,train,287400,/data/gen/tokens/pn2018/tr12-0426__F3-M2.npy
pn2018,tr12-0426,tr12-0426,F4-M1,train,287400,/data/gen/tokens/pn2018/tr12-0426__F4-M1.npy
pn2018,tr12-0426,tr12-0426,C3-M2,train,287400,/data/gen/tokens/pn2018/tr12-0426__C3-M2.npy
pn2018,tr12-0426,tr12-0426,C4-M1,train,287400,/data/gen/tokens/pn2018/tr12-0426__C4-M1.npy
pn2018,tr12-0426,tr12-0426,O1-M2,train,287400,/data/gen/tokens/pn2018/tr12-0426__O1-M2.npy
pn2018,tr12-0426,tr12-0426,O2-M1,train,287400,/data/gen/tokens/pn2018/tr12-0426__O2-M1.npy
pn2018,tr12-0425,tr12-0425,F3-M2,train,313200,/data/gen/tokens/pn2018/tr12-0425__F3-M2.npy
pn2018,tr12-0425,tr12-0425,F4-M1,train,313200,/data/gen/tokens/pn2018/tr12-0425__F4-M1.npy
pn2018,tr12-0425,tr12-0425,C3-M2,train,313200,/data/gen/tokens/pn2018/tr12-0425__C3-M2.npy
pn2018,tr12-0425,tr12-0425,C4-M1,train,313200,/data/gen/tokens/pn2018/tr12-0425__C4-M1.npy
pn2018,tr12-0425,tr12-0425,O1-M2,train,313200,/data/gen/tokens/pn2018/tr12-0425__O1-M2.npy
pn2018,tr12-0425,tr12-0425,O2-M1,train,313200,/data/gen/tokens/pn2018/tr12-0425__O2-M1.npy
pn2018,tr12-0439,tr12-0439,F3-M2,train,281400,/data/gen/tokens/pn2018/tr12-0439__F3-M2.npy
pn2018,tr12-0439,tr12-0439,F4-M1,train,281400,/data/gen/tokens/pn2018/tr12-0439__F4-M1.npy
pn2018,tr12-0439,tr12-0439,C3-M2,train,281400,/data/gen/tokens/pn2018/tr12-0439__C3-M2.npy
pn2018,tr12-0439,tr12-0439,C4-M1,train,281400,/data/gen/tokens/pn2018/tr12-0439__C4-M1.npy
pn2018,tr12-0439,tr12-0439,O1-M2,train,281400,/data/gen/tokens/pn2018/tr12-0439__O1-M2.npy
pn2018,tr12-0439,tr12-0439,O2-M1,train,281400,/data/gen/tokens/pn2018/tr12-0439__O2-M1.npy
pn2018,tr12-0438,tr12-0438,F3-M2,train,308400,/data/gen/tokens/pn2018/tr12-0438__F3-M2.npy
pn2018,tr12-0438,tr12-0438,F4-M1,train,308400,/data/gen/tokens/pn2018/tr12-0438__F4-M1.npy
pn2018,tr12-0438,tr12-0438,C3-M2,train,308400,/data/gen/tokens/pn2018/tr12-0438__C3-M2.npy
pn2018,tr12-0438,tr12-0438,C4-M1,train,308400,/data/gen/tokens/pn2018/tr12-0438__C4-M1.npy
pn2018,tr12-0438,tr12-0438,O1-M2,train,308400,/data/gen/tokens/pn2018/tr12-0438__O1-M2.npy
pn2018,tr12-0438,tr12-0438,O2-M1,train,308400,/data/gen/tokens/pn2018/tr12-0438__O2-M1.npy
pn2018,tr12-0440,tr12-0440,F3-M2,train,289500,/data/gen/tokens/pn2018/tr12-0440__F3-M2.npy
pn2018,tr12-0440,tr12-0440,F4-M1,train,289500,/data/gen/tokens/pn2018/tr12-0440__F4-M1.npy
pn2018,tr12-0440,tr12-0440,C3-M2,train,289500,/data/gen/tokens/pn2018/tr12-0440__C3-M2.npy
pn2018,tr12-0440,tr12-0440,C4-M1,train,289500,/data/gen/tokens/pn2018/tr12-0440__C4-M1.npy
pn2018,tr12-0440,tr12-0440,O1-M2,train,289500,/data/gen/tokens/pn2018/tr12-0440__O1-M2.npy
pn2018,tr12-0440,tr12-0440,O2-M1,train,289500,/data/gen/tokens/pn2018/tr12-0440__O2-M1.npy
pn2018,tr12-0441,tr12-0441,F3-M2,heldout,293400,/data/gen/tokens/pn2018/tr12-0441__F3-M2.npy
pn2018,tr12-0441,tr12-0441,F4-M1,heldout,293400,/data/gen/tokens/pn2018/tr12-0441__F4-M1.npy
pn2018,tr12-0441,tr12-0441,C3-M2,heldout,293400,/data/gen/tokens/pn2018/tr12-0441__C3-M2.npy
pn2018,tr12-0441,tr12-0441,C4-M1,heldout,293400,/data/gen/tokens/pn2018/tr12-0441__C4-M1.npy
pn2018,tr12-0441,tr12-0441,O1-M2,heldout,293400,/data/gen/tokens/pn2018/tr12-0441__O1-M2.npy
pn2018,tr12-0441,tr12-0441,O2-M1,heldout,293400,/data/gen/tokens/pn2018/tr12-0441__O2-M1.npy
pn2018,tr12-0448,tr12-0448,F3-M2,train,276300,/data/gen/tokens/pn2018/tr12-0448__F3-M2.npy
pn2018,tr12-0448,tr12-0448,F4-M1,train,276300,/data/gen/tokens/pn2018/tr12-0448__F4-M1.npy
pn2018,tr12-0448,tr12-0448,C3-M2,train,276300,/data/gen/tokens/pn2018/tr12-0448__C3-M2.npy
pn2018,tr12-0448,tr12-0448,C4-M1,train,276300,/data/gen/tokens/pn2018/tr12-0448__C4-M1.npy
pn2018,tr12-0448,tr12-0448,O1-M2,train,276300,/data/gen/tokens/pn2018/tr12-0448__O1-M2.npy
pn2018,tr12-0448,tr12-0448,O2-M1,train,276300,/data/gen/tokens/pn2018/tr12-0448__O2-M1.npy
pn2018,tr12-0476,tr12-0476,F3-M2,train,242700,/data/gen/tokens/pn2018/tr12-0476__F3-M2.npy
pn2018,tr12-0476,tr12-0476,F4-M1,train,242700,/data/gen/tokens/pn2018/tr12-0476__F4-M1.npy
pn2018,tr12-0476,tr12-0476,C3-M2,train,242700,/data/gen/tokens/pn2018/tr12-0476__C3-M2.npy
pn2018,tr12-0476,tr12-0476,C4-M1,train,242700,/data/gen/tokens/pn2018/tr12-0476__C4-M1.npy
pn2018,tr12-0476,tr12-0476,O1-M2,train,242700,/data/gen/tokens/pn2018/tr12-0476__O1-M2.npy
pn2018,tr12-0476,tr12-0476,O2-M1,train,242700,/data/gen/tokens/pn2018/tr12-0476__O2-M1.npy
pn2018,tr12-0463,tr12-0463,F3-M2,train,303600,/data/gen/tokens/pn2018/tr12-0463__F3-M2.npy
pn2018,tr12-0463,tr12-0463,F4-M1,train,303600,/data/gen/tokens/pn2018/tr12-0463__F4-M1.npy
pn2018,tr12-0463,tr12-0463,C3-M2,train,303600,/data/gen/tokens/pn2018/tr12-0463__C3-M2.npy
pn2018,tr12-0463,tr12-0463,C4-M1,train,303600,/data/gen/tokens/pn2018/tr12-0463__C4-M1.npy
pn2018,tr12-0463,tr12-0463,O1-M2,train,303600,/data/gen/tokens/pn2018/tr12-0463__O1-M2.npy
pn2018,tr12-0463,tr12-0463,O2-M1,train,303600,/data/gen/tokens/pn2018/tr12-0463__O2-M1.npy
pn2018,tr12-0490,tr12-0490,F3-M2,train,297300,/data/gen/tokens/pn2018/tr12-0490__F3-M2.npy
pn2018,tr12-0490,tr12-0490,F4-M1,train,297300,/data/gen/tokens/pn2018/tr12-0490__F4-M1.npy
pn2018,tr12-0490,tr12-0490,C3-M2,train,297300,/data/gen/tokens/pn2018/tr12-0490__C3-M2.npy
pn2018,tr12-0490,tr12-0490,C4-M1,train,297300,/data/gen/tokens/pn2018/tr12-0490__C4-M1.npy
pn2018,tr12-0490,tr12-0490,O1-M2,train,297300,/data/gen/tokens/pn2018/tr12-0490__O1-M2.npy
pn2018,tr12-0490,tr12-0490,O2-M1,train,297300,/data/gen/tokens/pn2018/tr12-0490__O2-M1.npy
pn2018,tr12-0477,tr12-0477,F3-M2,train,240600,/data/gen/tokens/pn2018/tr12-0477__F3-M2.npy
pn2018,tr12-0477,tr12-0477,F4-M1,train,240600,/data/gen/tokens/pn2018/tr12-0477__F4-M1.npy
pn2018,tr12-0477,tr12-0477,C3-M2,train,240600,/data/gen/tokens/pn2018/tr12-0477__C3-M2.npy
pn2018,tr12-0477,tr12-0477,C4-M1,train,240600,/data/gen/tokens/pn2018/tr12-0477__C4-M1.npy
pn2018,tr12-0477,tr12-0477,O1-M2,train,240600,/data/gen/tokens/pn2018/tr12-0477__O1-M2.npy
pn2018,tr12-0477,tr12-0477,O2-M1,train,240600,/data/gen/tokens/pn2018/tr12-0477__O2-M1.npy
pn2018,tr12-0481,tr12-0481,F3-M2,heldout,264300,/data/gen/tokens/pn2018/tr12-0481__F3-M2.npy
pn2018,tr12-0481,tr12-0481,F4-M1,heldout,264300,/data/gen/tokens/pn2018/tr12-0481__F4-M1.npy
pn2018,tr12-0481,tr12-0481,C3-M2,heldout,264300,/data/gen/tokens/pn2018/tr12-0481__C3-M2.npy
pn2018,tr12-0481,tr12-0481,C4-M1,heldout,264300,/data/gen/tokens/pn2018/tr12-0481__C4-M1.npy
pn2018,tr12-0481,tr12-0481,O1-M2,heldout,264300,/data/gen/tokens/pn2018/tr12-0481__O1-M2.npy
pn2018,tr12-0481,tr12-0481,O2-M1,heldout,264300,/data/gen/tokens/pn2018/tr12-0481__O2-M1.npy
pn2018,tr12-0493,tr12-0493,F3-M2,train,259500,/data/gen/tokens/pn2018/tr12-0493__F3-M2.npy
pn2018,tr12-0493,tr12-0493,F4-M1,train,259500,/data/gen/tokens/pn2018/tr12-0493__F4-M1.npy
pn2018,tr12-0493,tr12-0493,C3-M2,train,259500,/data/gen/tokens/pn2018/tr12-0493__C3-M2.npy
pn2018,tr12-0493,tr12-0493,C4-M1,train,259500,/data/gen/tokens/pn2018/tr12-0493__C4-M1.npy
pn2018,tr12-0493,tr12-0493,O1-M2,train,259500,/data/gen/tokens/pn2018/tr12-0493__O1-M2.npy
pn2018,tr12-0493,tr12-0493,O2-M1,train,259500,/data/gen/tokens/pn2018/tr12-0493__O2-M1.npy
pn2018,tr12-0497,tr12-0497,F3-M2,train,242700,/data/gen/tokens/pn2018/tr12-0497__F3-M2.npy
pn2018,tr12-0497,tr12-0497,F4-M1,train,242700,/data/gen/tokens/pn2018/tr12-0497__F4-M1.npy
pn2018,tr12-0497,tr12-0497,C3-M2,train,242700,/data/gen/tokens/pn2018/tr12-0497__C3-M2.npy
pn2018,tr12-0497,tr12-0497,C4-M1,train,242700,/data/gen/tokens/pn2018/tr12-0497__C4-M1.npy
pn2018,tr12-0497,tr12-0497,O1-M2,train,242700,/data/gen/tokens/pn2018/tr12-0497__O1-M2.npy
pn2018,tr12-0497,tr12-0497,O2-M1,train,242700,/data/gen/tokens/pn2018/tr12-0497__O2-M1.npy
pn2018,tr12-0492,tr12-0492,F3-M2,train,315300,/data/gen/tokens/pn2018/tr12-0492__F3-M2.npy
pn2018,tr12-0492,tr12-0492,F4-M1,train,315300,/data/gen/tokens/pn2018/tr12-0492__F4-M1.npy
pn2018,tr12-0492,tr12-0492,C3-M2,train,315300,/data/gen/tokens/pn2018/tr12-0492__C3-M2.npy
pn2018,tr12-0492,tr12-0492,C4-M1,train,315300,/data/gen/tokens/pn2018/tr12-0492__C4-M1.npy
pn2018,tr12-0492,tr12-0492,O1-M2,train,315300,/data/gen/tokens/pn2018/tr12-0492__O1-M2.npy
pn2018,tr12-0492,tr12-0492,O2-M1,train,315300,/data/gen/tokens/pn2018/tr12-0492__O2-M1.npy
pn2018,tr12-0509,tr12-0509,F3-M2,train,261300,/data/gen/tokens/pn2018/tr12-0509__F3-M2.npy
pn2018,tr12-0509,tr12-0509,F4-M1,train,261300,/data/gen/tokens/pn2018/tr12-0509__F4-M1.npy
pn2018,tr12-0509,tr12-0509,C3-M2,train,261300,/data/gen/tokens/pn2018/tr12-0509__C3-M2.npy
pn2018,tr12-0509,tr12-0509,C4-M1,train,261300,/data/gen/tokens/pn2018/tr12-0509__C4-M1.npy
pn2018,tr12-0509,tr12-0509,O1-M2,train,261300,/data/gen/tokens/pn2018/tr12-0509__O1-M2.npy
pn2018,tr12-0509,tr12-0509,O2-M1,train,261300,/data/gen/tokens/pn2018/tr12-0509__O2-M1.npy
pn2018,tr12-0503,tr12-0503,F3-M2,train,296400,/data/gen/tokens/pn2018/tr12-0503__F3-M2.npy
pn2018,tr12-0503,tr12-0503,F4-M1,train,296400,/data/gen/tokens/pn2018/tr12-0503__F4-M1.npy
pn2018,tr12-0503,tr12-0503,C3-M2,train,296400,/data/gen/tokens/pn2018/tr12-0503__C3-M2.npy
pn2018,tr12-0503,tr12-0503,C4-M1,train,296400,/data/gen/tokens/pn2018/tr12-0503__C4-M1.npy
pn2018,tr12-0503,tr12-0503,O1-M2,train,296400,/data/gen/tokens/pn2018/tr12-0503__O1-M2.npy
pn2018,tr12-0503,tr12-0503,O2-M1,train,296400,/data/gen/tokens/pn2018/tr12-0503__O2-M1.npy
pn2018,tr12-0515,tr12-0515,F3-M2,heldout,267900,/data/gen/tokens/pn2018/tr12-0515__F3-M2.npy
pn2018,tr12-0515,tr12-0515,F4-M1,heldout,267900,/data/gen/tokens/pn2018/tr12-0515__F4-M1.npy
pn2018,tr12-0515,tr12-0515,C3-M2,heldout,267900,/data/gen/tokens/pn2018/tr12-0515__C3-M2.npy
pn2018,tr12-0515,tr12-0515,C4-M1,heldout,267900,/data/gen/tokens/pn2018/tr12-0515__C4-M1.npy
pn2018,tr12-0515,tr12-0515,O1-M2,heldout,267900,/data/gen/tokens/pn2018/tr12-0515__O1-M2.npy
pn2018,tr12-0515,tr12-0515,O2-M1,heldout,267900,/data/gen/tokens/pn2018/tr12-0515__O2-M1.npy
pn2018,tr12-0512,tr12-0512,F3-M2,train,313500,/data/gen/tokens/pn2018/tr12-0512__F3-M2.npy
pn2018,tr12-0512,tr12-0512,F4-M1,train,313500,/data/gen/tokens/pn2018/tr12-0512__F4-M1.npy
pn2018,tr12-0512,tr12-0512,C3-M2,train,313500,/data/gen/tokens/pn2018/tr12-0512__C3-M2.npy
pn2018,tr12-0512,tr12-0512,C4-M1,train,313500,/data/gen/tokens/pn2018/tr12-0512__C4-M1.npy
pn2018,tr12-0512,tr12-0512,O1-M2,train,313500,/data/gen/tokens/pn2018/tr12-0512__O1-M2.npy
pn2018,tr12-0512,tr12-0512,O2-M1,train,313500,/data/gen/tokens/pn2018/tr12-0512__O2-M1.npy
pn2018,tr12-0530,tr12-0530,F3-M2,train,287100,/data/gen/tokens/pn2018/tr12-0530__F3-M2.npy
pn2018,tr12-0530,tr12-0530,F4-M1,train,287100,/data/gen/tokens/pn2018/tr12-0530__F4-M1.npy
pn2018,tr12-0530,tr12-0530,C3-M2,train,287100,/data/gen/tokens/pn2018/tr12-0530__C3-M2.npy
pn2018,tr12-0530,tr12-0530,C4-M1,train,287100,/data/gen/tokens/pn2018/tr12-0530__C4-M1.npy
pn2018,tr12-0530,tr12-0530,O1-M2,train,287100,/data/gen/tokens/pn2018/tr12-0530__O1-M2.npy
pn2018,tr12-0530,tr12-0530,O2-M1,train,287100,/data/gen/tokens/pn2018/tr12-0530__O2-M1.npy
pn2018,tr12-0519,tr12-0519,F3-M2,train,276300,/data/gen/tokens/pn2018/tr12-0519__F3-M2.npy
pn2018,tr12-0519,tr12-0519,F4-M1,train,276300,/data/gen/tokens/pn2018/tr12-0519__F4-M1.npy
pn2018,tr12-0519,tr12-0519,C3-M2,train,276300,/data/gen/tokens/pn2018/tr12-0519__C3-M2.npy
pn2018,tr12-0519,tr12-0519,C4-M1,train,276300,/data/gen/tokens/pn2018/tr12-0519__C4-M1.npy
pn2018,tr12-0519,tr12-0519,O1-M2,train,276300,/data/gen/tokens/pn2018/tr12-0519__O1-M2.npy
pn2018,tr12-0519,tr12-0519,O2-M1,train,276300,/data/gen/tokens/pn2018/tr12-0519__O2-M1.npy
pn2018,tr12-0520,tr12-0520,F3-M2,train,261000,/data/gen/tokens/pn2018/tr12-0520__F3-M2.npy
pn2018,tr12-0520,tr12-0520,F4-M1,train,261000,/data/gen/tokens/pn2018/tr12-0520__F4-M1.npy
pn2018,tr12-0520,tr12-0520,C3-M2,train,261000,/data/gen/tokens/pn2018/tr12-0520__C3-M2.npy
pn2018,tr12-0520,tr12-0520,C4-M1,train,261000,/data/gen/tokens/pn2018/tr12-0520__C4-M1.npy
pn2018,tr12-0520,tr12-0520,O1-M2,train,261000,/data/gen/tokens/pn2018/tr12-0520__O1-M2.npy
pn2018,tr12-0520,tr12-0520,O2-M1,train,261000,/data/gen/tokens/pn2018/tr12-0520__O2-M1.npy
pn2018,tr12-0522,tr12-0522,F3-M2,train,275400,/data/gen/tokens/pn2018/tr12-0522__F3-M2.npy
pn2018,tr12-0522,tr12-0522,F4-M1,train,275400,/data/gen/tokens/pn2018/tr12-0522__F4-M1.npy
pn2018,tr12-0522,tr12-0522,C3-M2,train,275400,/data/gen/tokens/pn2018/tr12-0522__C3-M2.npy
pn2018,tr12-0522,tr12-0522,C4-M1,train,275400,/data/gen/tokens/pn2018/tr12-0522__C4-M1.npy
pn2018,tr12-0522,tr12-0522,O1-M2,train,275400,/data/gen/tokens/pn2018/tr12-0522__O1-M2.npy
pn2018,tr12-0522,tr12-0522,O2-M1,train,275400,/data/gen/tokens/pn2018/tr12-0522__O2-M1.npy
pn2018,tr12-0532,tr12-0532,F3-M2,train,298200,/data/gen/tokens/pn2018/tr12-0532__F3-M2.npy
pn2018,tr12-0532,tr12-0532,F4-M1,train,298200,/data/gen/tokens/pn2018/tr12-0532__F4-M1.npy
pn2018,tr12-0532,tr12-0532,C3-M2,train,298200,/data/gen/tokens/pn2018/tr12-0532__C3-M2.npy
pn2018,tr12-0532,tr12-0532,C4-M1,train,298200,/data/gen/tokens/pn2018/tr12-0532__C4-M1.npy
pn2018,tr12-0532,tr12-0532,O1-M2,train,298200,/data/gen/tokens/pn2018/tr12-0532__O1-M2.npy
pn2018,tr12-0532,tr12-0532,O2-M1,train,298200,/data/gen/tokens/pn2018/tr12-0532__O2-M1.npy
pn2018,tr12-0549,tr12-0549,F3-M2,train,241500,/data/gen/tokens/pn2018/tr12-0549__F3-M2.npy
pn2018,tr12-0549,tr12-0549,F4-M1,train,241500,/data/gen/tokens/pn2018/tr12-0549__F4-M1.npy
pn2018,tr12-0549,tr12-0549,C3-M2,train,241500,/data/gen/tokens/pn2018/tr12-0549__C3-M2.npy
pn2018,tr12-0549,tr12-0549,C4-M1,train,241500,/data/gen/tokens/pn2018/tr12-0549__C4-M1.npy
pn2018,tr12-0549,tr12-0549,O1-M2,train,241500,/data/gen/tokens/pn2018/tr12-0549__O1-M2.npy
pn2018,tr12-0549,tr12-0549,O2-M1,train,241500,/data/gen/tokens/pn2018/tr12-0549__O2-M1.npy
pn2018,tr12-0559,tr12-0559,F3-M2,train,265500,/data/gen/tokens/pn2018/tr12-0559__F3-M2.npy
pn2018,tr12-0559,tr12-0559,F4-M1,train,265500,/data/gen/tokens/pn2018/tr12-0559__F4-M1.npy
pn2018,tr12-0559,tr12-0559,C3-M2,train,265500,/data/gen/tokens/pn2018/tr12-0559__C3-M2.npy
pn2018,tr12-0559,tr12-0559,C4-M1,train,265500,/data/gen/tokens/pn2018/tr12-0559__C4-M1.npy
pn2018,tr12-0559,tr12-0559,O1-M2,train,265500,/data/gen/tokens/pn2018/tr12-0559__O1-M2.npy
pn2018,tr12-0559,tr12-0559,O2-M1,train,265500,/data/gen/tokens/pn2018/tr12-0559__O2-M1.npy
pn2018,tr12-0560,tr12-0560,F3-M2,train,304200,/data/gen/tokens/pn2018/tr12-0560__F3-M2.npy
pn2018,tr12-0560,tr12-0560,F4-M1,train,304200,/data/gen/tokens/pn2018/tr12-0560__F4-M1.npy
pn2018,tr12-0560,tr12-0560,C3-M2,train,304200,/data/gen/tokens/pn2018/tr12-0560__C3-M2.npy
pn2018,tr12-0560,tr12-0560,C4-M1,train,304200,/data/gen/tokens/pn2018/tr12-0560__C4-M1.npy
pn2018,tr12-0560,tr12-0560,O1-M2,train,304200,/data/gen/tokens/pn2018/tr12-0560__O1-M2.npy
pn2018,tr12-0560,tr12-0560,O2-M1,train,304200,/data/gen/tokens/pn2018/tr12-0560__O2-M1.npy
pn2018,tr12-0607,tr12-0607,F3-M2,train,252600,/data/gen/tokens/pn2018/tr12-0607__F3-M2.npy
pn2018,tr12-0607,tr12-0607,F4-M1,train,252600,/data/gen/tokens/pn2018/tr12-0607__F4-M1.npy
pn2018,tr12-0607,tr12-0607,C3-M2,train,252600,/data/gen/tokens/pn2018/tr12-0607__C3-M2.npy
pn2018,tr12-0607,tr12-0607,C4-M1,train,252600,/data/gen/tokens/pn2018/tr12-0607__C4-M1.npy
pn2018,tr12-0607,tr12-0607,O1-M2,train,252600,/data/gen/tokens/pn2018/tr12-0607__O1-M2.npy
pn2018,tr12-0607,tr12-0607,O2-M1,train,252600,/data/gen/tokens/pn2018/tr12-0607__O2-M1.npy
pn2018,tr12-0619,tr12-0619,F3-M2,train,264600,/data/gen/tokens/pn2018/tr12-0619__F3-M2.npy
pn2018,tr12-0619,tr12-0619,F4-M1,train,264600,/data/gen/tokens/pn2018/tr12-0619__F4-M1.npy
pn2018,tr12-0619,tr12-0619,C3-M2,train,264600,/data/gen/tokens/pn2018/tr12-0619__C3-M2.npy
pn2018,tr12-0619,tr12-0619,C4-M1,train,264600,/data/gen/tokens/pn2018/tr12-0619__C4-M1.npy
pn2018,tr12-0619,tr12-0619,O1-M2,train,264600,/data/gen/tokens/pn2018/tr12-0619__O1-M2.npy
pn2018,tr12-0619,tr12-0619,O2-M1,train,264600,/data/gen/tokens/pn2018/tr12-0619__O2-M1.npy
pn2018,tr12-0573,tr12-0573,F3-M2,train,305400,/data/gen/tokens/pn2018/tr12-0573__F3-M2.npy
pn2018,tr12-0573,tr12-0573,F4-M1,train,305400,/data/gen/tokens/pn2018/tr12-0573__F4-M1.npy
pn2018,tr12-0573,tr12-0573,C3-M2,train,305400,/data/gen/tokens/pn2018/tr12-0573__C3-M2.npy
pn2018,tr12-0573,tr12-0573,C4-M1,train,305400,/data/gen/tokens/pn2018/tr12-0573__C4-M1.npy
pn2018,tr12-0573,tr12-0573,O1-M2,train,305400,/data/gen/tokens/pn2018/tr12-0573__O1-M2.npy
pn2018,tr12-0573,tr12-0573,O2-M1,train,305400,/data/gen/tokens/pn2018/tr12-0573__O2-M1.npy
pn2018,tr12-0672,tr12-0672,F3-M2,train,264900,/data/gen/tokens/pn2018/tr12-0672__F3-M2.npy
pn2018,tr12-0672,tr12-0672,F4-M1,train,264900,/data/gen/tokens/pn2018/tr12-0672__F4-M1.npy
pn2018,tr12-0672,tr12-0672,C3-M2,train,264900,/data/gen/tokens/pn2018/tr12-0672__C3-M2.npy
pn2018,tr12-0672,tr12-0672,C4-M1,train,264900,/data/gen/tokens/pn2018/tr12-0672__C4-M1.npy
pn2018,tr12-0672,tr12-0672,O1-M2,train,264900,/data/gen/tokens/pn2018/tr12-0672__O1-M2.npy
pn2018,tr12-0672,tr12-0672,O2-M1,train,264900,/data/gen/tokens/pn2018/tr12-0672__O2-M1.npy
pn2018,tr12-0646,tr12-0646,F3-M2,train,293700,/data/gen/tokens/pn2018/tr12-0646__F3-M2.npy
pn2018,tr12-0646,tr12-0646,F4-M1,train,293700,/data/gen/tokens/pn2018/tr12-0646__F4-M1.npy
pn2018,tr12-0646,tr12-0646,C3-M2,train,293700,/data/gen/tokens/pn2018/tr12-0646__C3-M2.npy
pn2018,tr12-0646,tr12-0646,C4-M1,train,293700,/data/gen/tokens/pn2018/tr12-0646__C4-M1.npy
pn2018,tr12-0646,tr12-0646,O1-M2,train,293700,/data/gen/tokens/pn2018/tr12-0646__O1-M2.npy
pn2018,tr12-0646,tr12-0646,O2-M1,train,293700,/data/gen/tokens/pn2018/tr12-0646__O2-M1.npy
pn2018,tr12-0681,tr12-0681,F3-M2,train,334800,/data/gen/tokens/pn2018/tr12-0681__F3-M2.npy
pn2018,tr12-0681,tr12-0681,F4-M1,train,334800,/data/gen/tokens/pn2018/tr12-0681__F4-M1.npy
pn2018,tr12-0681,tr12-0681,C3-M2,train,334800,/data/gen/tokens/pn2018/tr12-0681__C3-M2.npy
pn2018,tr12-0681,tr12-0681,C4-M1,train,334800,/data/gen/tokens/pn2018/tr12-0681__C4-M1.npy
pn2018,tr12-0681,tr12-0681,O1-M2,train,334800,/data/gen/tokens/pn2018/tr12-0681__O1-M2.npy
pn2018,tr12-0681,tr12-0681,O2-M1,train,334800,/data/gen/tokens/pn2018/tr12-0681__O2-M1.npy
pn2018,tr12-0682,tr12-0682,F3-M2,train,307500,/data/gen/tokens/pn2018/tr12-0682__F3-M2.npy
pn2018,tr12-0682,tr12-0682,F4-M1,train,307500,/data/gen/tokens/pn2018/tr12-0682__F4-M1.npy
pn2018,tr12-0682,tr12-0682,C3-M2,train,307500,/data/gen/tokens/pn2018/tr12-0682__C3-M2.npy
pn2018,tr12-0682,tr12-0682,C4-M1,train,307500,/data/gen/tokens/pn2018/tr12-0682__C4-M1.npy
pn2018,tr12-0682,tr12-0682,O1-M2,train,307500,/data/gen/tokens/pn2018/tr12-0682__O1-M2.npy
pn2018,tr12-0682,tr12-0682,O2-M1,train,307500,/data/gen/tokens/pn2018/tr12-0682__O2-M1.npy
pn2018,tr12-0684,tr12-0684,F3-M2,train,282000,/data/gen/tokens/pn2018/tr12-0684__F3-M2.npy
pn2018,tr12-0684,tr12-0684,F4-M1,train,282000,/data/gen/tokens/pn2018/tr12-0684__F4-M1.npy
pn2018,tr12-0684,tr12-0684,C3-M2,train,282000,/data/gen/tokens/pn2018/tr12-0684__C3-M2.npy
pn2018,tr12-0684,tr12-0684,C4-M1,train,282000,/data/gen/tokens/pn2018/tr12-0684__C4-M1.npy
pn2018,tr12-0684,tr12-0684,O1-M2,train,282000,/data/gen/tokens/pn2018/tr12-0684__O1-M2.npy
pn2018,tr12-0684,tr12-0684,O2-M1,train,282000,/data/gen/tokens/pn2018/tr12-0684__O2-M1.npy
pn2018,tr12-0685,tr12-0685,F3-M2,heldout,238500,/data/gen/tokens/pn2018/tr12-0685__F3-M2.npy
pn2018,tr12-0685,tr12-0685,F4-M1,heldout,238500,/data/gen/tokens/pn2018/tr12-0685__F4-M1.npy
pn2018,tr12-0685,tr12-0685,C3-M2,heldout,238500,/data/gen/tokens/pn2018/tr12-0685__C3-M2.npy
pn2018,tr12-0685,tr12-0685,C4-M1,heldout,238500,/data/gen/tokens/pn2018/tr12-0685__C4-M1.npy
pn2018,tr12-0685,tr12-0685,O1-M2,heldout,238500,/data/gen/tokens/pn2018/tr12-0685__O1-M2.npy
pn2018,tr12-0685,tr12-0685,O2-M1,heldout,238500,/data/gen/tokens/pn2018/tr12-0685__O2-M1.npy
pn2018,tr12-0687,tr12-0687,F3-M2,heldout,250500,/data/gen/tokens/pn2018/tr12-0687__F3-M2.npy
pn2018,tr12-0687,tr12-0687,F4-M1,heldout,250500,/data/gen/tokens/pn2018/tr12-0687__F4-M1.npy
pn2018,tr12-0687,tr12-0687,C3-M2,heldout,250500,/data/gen/tokens/pn2018/tr12-0687__C3-M2.npy
pn2018,tr12-0687,tr12-0687,C4-M1,heldout,250500,/data/gen/tokens/pn2018/tr12-0687__C4-M1.npy
pn2018,tr12-0687,tr12-0687,O1-M2,heldout,250500,/data/gen/tokens/pn2018/tr12-0687__O1-M2.npy
pn2018,tr12-0687,tr12-0687,O2-M1,heldout,250500,/data/gen/tokens/pn2018/tr12-0687__O2-M1.npy
pn2018,tr12-0804,tr12-0804,F3-M2,train,271200,/data/gen/tokens/pn2018/tr12-0804__F3-M2.npy
pn2018,tr12-0804,tr12-0804,F4-M1,train,271200,/data/gen/tokens/pn2018/tr12-0804__F4-M1.npy
pn2018,tr12-0804,tr12-0804,C3-M2,train,271200,/data/gen/tokens/pn2018/tr12-0804__C3-M2.npy
pn2018,tr12-0804,tr12-0804,C4-M1,train,271200,/data/gen/tokens/pn2018/tr12-0804__C4-M1.npy
pn2018,tr12-0804,tr12-0804,O1-M2,train,271200,/data/gen/tokens/pn2018/tr12-0804__O1-M2.npy
pn2018,tr12-0804,tr12-0804,O2-M1,train,271200,/data/gen/tokens/pn2018/tr12-0804__O2-M1.npy
pn2018,tr12-0697,tr12-0697,F3-M2,train,288000,/data/gen/tokens/pn2018/tr12-0697__F3-M2.npy
pn2018,tr12-0697,tr12-0697,F4-M1,train,288000,/data/gen/tokens/pn2018/tr12-0697__F4-M1.npy
pn2018,tr12-0697,tr12-0697,C3-M2,train,288000,/data/gen/tokens/pn2018/tr12-0697__C3-M2.npy
pn2018,tr12-0697,tr12-0697,C4-M1,train,288000,/data/gen/tokens/pn2018/tr12-0697__C4-M1.npy
pn2018,tr12-0697,tr12-0697,O1-M2,train,288000,/data/gen/tokens/pn2018/tr12-0697__O1-M2.npy
pn2018,tr12-0697,tr12-0697,O2-M1,train,288000,/data/gen/tokens/pn2018/tr12-0697__O2-M1.npy
pn2018,tr13-0058,tr13-0058,F3-M2,train,282600,/data/gen/tokens/pn2018/tr13-0058__F3-M2.npy
pn2018,tr13-0058,tr13-0058,F4-M1,train,282600,/data/gen/tokens/pn2018/tr13-0058__F4-M1.npy
pn2018,tr13-0058,tr13-0058,C3-M2,train,282600,/data/gen/tokens/pn2018/tr13-0058__C3-M2.npy
pn2018,tr13-0058,tr13-0058,C4-M1,train,282600,/data/gen/tokens/pn2018/tr13-0058__C4-M1.npy
pn2018,tr13-0058,tr13-0058,O1-M2,train,282600,/data/gen/tokens/pn2018/tr13-0058__O1-M2.npy
pn2018,tr13-0058,tr13-0058,O2-M1,train,282600,/data/gen/tokens/pn2018/tr13-0058__O2-M1.npy
pn2018,tr13-0056,tr13-0056,F3-M2,train,293100,/data/gen/tokens/pn2018/tr13-0056__F3-M2.npy
pn2018,tr13-0056,tr13-0056,F4-M1,train,293100,/data/gen/tokens/pn2018/tr13-0056__F4-M1.npy
pn2018,tr13-0056,tr13-0056,C3-M2,train,293100,/data/gen/tokens/pn2018/tr13-0056__C3-M2.npy
pn2018,tr13-0056,tr13-0056,C4-M1,train,293100,/data/gen/tokens/pn2018/tr13-0056__C4-M1.npy
pn2018,tr13-0056,tr13-0056,O1-M2,train,293100,/data/gen/tokens/pn2018/tr13-0056__O1-M2.npy
pn2018,tr13-0056,tr13-0056,O2-M1,train,293100,/data/gen/tokens/pn2018/tr13-0056__O2-M1.npy
pn2018,tr13-0069,tr13-0069,F3-M2,train,311100,/data/gen/tokens/pn2018/tr13-0069__F3-M2.npy
pn2018,tr13-0069,tr13-0069,F4-M1,train,311100,/data/gen/tokens/pn2018/tr13-0069__F4-M1.npy
pn2018,tr13-0069,tr13-0069,C3-M2,train,311100,/data/gen/tokens/pn2018/tr13-0069__C3-M2.npy
pn2018,tr13-0069,tr13-0069,C4-M1,train,311100,/data/gen/tokens/pn2018/tr13-0069__C4-M1.npy
pn2018,tr13-0069,tr13-0069,O1-M2,train,311100,/data/gen/tokens/pn2018/tr13-0069__O1-M2.npy
pn2018,tr13-0069,tr13-0069,O2-M1,train,311100,/data/gen/tokens/pn2018/tr13-0069__O2-M1.npy
pn2018,tr13-0080,tr13-0080,F3-M2,train,274500,/data/gen/tokens/pn2018/tr13-0080__F3-M2.npy
pn2018,tr13-0080,tr13-0080,F4-M1,train,274500,/data/gen/tokens/pn2018/tr13-0080__F4-M1.npy
pn2018,tr13-0080,tr13-0080,C3-M2,train,274500,/data/gen/tokens/pn2018/tr13-0080__C3-M2.npy
pn2018,tr13-0080,tr13-0080,C4-M1,train,274500,/data/gen/tokens/pn2018/tr13-0080__C4-M1.npy
pn2018,tr13-0080,tr13-0080,O1-M2,train,274500,/data/gen/tokens/pn2018/tr13-0080__O1-M2.npy
pn2018,tr13-0080,tr13-0080,O2-M1,train,274500,/data/gen/tokens/pn2018/tr13-0080__O2-M1.npy
pn2018,tr13-0076,tr13-0076,F3-M2,train,282000,/data/gen/tokens/pn2018/tr13-0076__F3-M2.npy
pn2018,tr13-0076,tr13-0076,F4-M1,train,282000,/data/gen/tokens/pn2018/tr13-0076__F4-M1.npy
pn2018,tr13-0076,tr13-0076,C3-M2,train,282000,/data/gen/tokens/pn2018/tr13-0076__C3-M2.npy
pn2018,tr13-0076,tr13-0076,C4-M1,train,282000,/data/gen/tokens/pn2018/tr13-0076__C4-M1.npy
pn2018,tr13-0076,tr13-0076,O1-M2,train,282000,/data/gen/tokens/pn2018/tr13-0076__O1-M2.npy
pn2018,tr13-0076,tr13-0076,O2-M1,train,282000,/data/gen/tokens/pn2018/tr13-0076__O2-M1.npy
pn2018,tr13-0084,tr13-0084,F3-M2,heldout,313200,/data/gen/tokens/pn2018/tr13-0084__F3-M2.npy
pn2018,tr13-0084,tr13-0084,F4-M1,heldout,313200,/data/gen/tokens/pn2018/tr13-0084__F4-M1.npy
pn2018,tr13-0084,tr13-0084,C3-M2,heldout,313200,/data/gen/tokens/pn2018/tr13-0084__C3-M2.npy
pn2018,tr13-0084,tr13-0084,C4-M1,heldout,313200,/data/gen/tokens/pn2018/tr13-0084__C4-M1.npy
pn2018,tr13-0084,tr13-0084,O1-M2,heldout,313200,/data/gen/tokens/pn2018/tr13-0084__O1-M2.npy
pn2018,tr13-0084,tr13-0084,O2-M1,heldout,313200,/data/gen/tokens/pn2018/tr13-0084__O2-M1.npy
pn2018,tr13-0128,tr13-0128,F3-M2,train,290100,/data/gen/tokens/pn2018/tr13-0128__F3-M2.npy
pn2018,tr13-0128,tr13-0128,F4-M1,train,290100,/data/gen/tokens/pn2018/tr13-0128__F4-M1.npy
pn2018,tr13-0128,tr13-0128,C3-M2,train,290100,/data/gen/tokens/pn2018/tr13-0128__C3-M2.npy
pn2018,tr13-0128,tr13-0128,C4-M1,train,290100,/data/gen/tokens/pn2018/tr13-0128__C4-M1.npy
pn2018,tr13-0128,tr13-0128,O1-M2,train,290100,/data/gen/tokens/pn2018/tr13-0128__O1-M2.npy
pn2018,tr13-0128,tr13-0128,O2-M1,train,290100,/data/gen/tokens/pn2018/tr13-0128__O2-M1.npy
pn2018,tr13-0093,tr13-0093,F3-M2,train,272100,/data/gen/tokens/pn2018/tr13-0093__F3-M2.npy
pn2018,tr13-0093,tr13-0093,F4-M1,train,272100,/data/gen/tokens/pn2018/tr13-0093__F4-M1.npy
pn2018,tr13-0093,tr13-0093,C3-M2,train,272100,/data/gen/tokens/pn2018/tr13-0093__C3-M2.npy
pn2018,tr13-0093,tr13-0093,C4-M1,train,272100,/data/gen/tokens/pn2018/tr13-0093__C4-M1.npy
pn2018,tr13-0093,tr13-0093,O1-M2,train,272100,/data/gen/tokens/pn2018/tr13-0093__O1-M2.npy
pn2018,tr13-0093,tr13-0093,O2-M1,train,272100,/data/gen/tokens/pn2018/tr13-0093__O2-M1.npy
pn2018,tr13-0101,tr13-0101,F3-M2,train,327300,/data/gen/tokens/pn2018/tr13-0101__F3-M2.npy
pn2018,tr13-0101,tr13-0101,F4-M1,train,327300,/data/gen/tokens/pn2018/tr13-0101__F4-M1.npy
pn2018,tr13-0101,tr13-0101,C3-M2,train,327300,/data/gen/tokens/pn2018/tr13-0101__C3-M2.npy
pn2018,tr13-0101,tr13-0101,C4-M1,train,327300,/data/gen/tokens/pn2018/tr13-0101__C4-M1.npy
pn2018,tr13-0101,tr13-0101,O1-M2,train,327300,/data/gen/tokens/pn2018/tr13-0101__O1-M2.npy
pn2018,tr13-0101,tr13-0101,O2-M1,train,327300,/data/gen/tokens/pn2018/tr13-0101__O2-M1.npy
pn2018,tr13-0129,tr13-0129,F3-M2,train,270000,/data/gen/tokens/pn2018/tr13-0129__F3-M2.npy
pn2018,tr13-0129,tr13-0129,F4-M1,train,270000,/data/gen/tokens/pn2018/tr13-0129__F4-M1.npy
pn2018,tr13-0129,tr13-0129,C3-M2,train,270000,/data/gen/tokens/pn2018/tr13-0129__C3-M2.npy
pn2018,tr13-0129,tr13-0129,C4-M1,train,270000,/data/gen/tokens/pn2018/tr13-0129__C4-M1.npy
pn2018,tr13-0129,tr13-0129,O1-M2,train,270000,/data/gen/tokens/pn2018/tr13-0129__O1-M2.npy
pn2018,tr13-0129,tr13-0129,O2-M1,train,270000,/data/gen/tokens/pn2018/tr13-0129__O2-M1.npy
pn2018,tr13-0164,tr13-0164,F3-M2,train,220200,/data/gen/tokens/pn2018/tr13-0164__F3-M2.npy
pn2018,tr13-0164,tr13-0164,F4-M1,train,220200,/data/gen/tokens/pn2018/tr13-0164__F4-M1.npy
pn2018,tr13-0164,tr13-0164,C3-M2,train,220200,/data/gen/tokens/pn2018/tr13-0164__C3-M2.npy
pn2018,tr13-0164,tr13-0164,C4-M1,train,220200,/data/gen/tokens/pn2018/tr13-0164__C4-M1.npy
pn2018,tr13-0164,tr13-0164,O1-M2,train,220200,/data/gen/tokens/pn2018/tr13-0164__O1-M2.npy
pn2018,tr13-0164,tr13-0164,O2-M1,train,220200,/data/gen/tokens/pn2018/tr13-0164__O2-M1.npy
pn2018,tr13-0170,tr13-0170,F3-M2,train,274200,/data/gen/tokens/pn2018/tr13-0170__F3-M2.npy
pn2018,tr13-0170,tr13-0170,F4-M1,train,274200,/data/gen/tokens/pn2018/tr13-0170__F4-M1.npy
pn2018,tr13-0170,tr13-0170,C3-M2,train,274200,/data/gen/tokens/pn2018/tr13-0170__C3-M2.npy
pn2018,tr13-0170,tr13-0170,C4-M1,train,274200,/data/gen/tokens/pn2018/tr13-0170__C4-M1.npy
pn2018,tr13-0170,tr13-0170,O1-M2,train,274200,/data/gen/tokens/pn2018/tr13-0170__O1-M2.npy
pn2018,tr13-0170,tr13-0170,O2-M1,train,274200,/data/gen/tokens/pn2018/tr13-0170__O2-M1.npy
pn2018,tr13-0140,tr13-0140,F3-M2,train,258000,/data/gen/tokens/pn2018/tr13-0140__F3-M2.npy
pn2018,tr13-0140,tr13-0140,F4-M1,train,258000,/data/gen/tokens/pn2018/tr13-0140__F4-M1.npy
pn2018,tr13-0140,tr13-0140,C3-M2,train,258000,/data/gen/tokens/pn2018/tr13-0140__C3-M2.npy
pn2018,tr13-0140,tr13-0140,C4-M1,train,258000,/data/gen/tokens/pn2018/tr13-0140__C4-M1.npy
pn2018,tr13-0140,tr13-0140,O1-M2,train,258000,/data/gen/tokens/pn2018/tr13-0140__O1-M2.npy
pn2018,tr13-0140,tr13-0140,O2-M1,train,258000,/data/gen/tokens/pn2018/tr13-0140__O2-M1.npy
pn2018,tr13-0145,tr13-0145,F3-M2,train,300300,/data/gen/tokens/pn2018/tr13-0145__F3-M2.npy
pn2018,tr13-0145,tr13-0145,F4-M1,train,300300,/data/gen/tokens/pn2018/tr13-0145__F4-M1.npy
pn2018,tr13-0145,tr13-0145,C3-M2,train,300300,/data/gen/tokens/pn2018/tr13-0145__C3-M2.npy
pn2018,tr13-0145,tr13-0145,C4-M1,train,300300,/data/gen/tokens/pn2018/tr13-0145__C4-M1.npy
pn2018,tr13-0145,tr13-0145,O1-M2,train,300300,/data/gen/tokens/pn2018/tr13-0145__O1-M2.npy
pn2018,tr13-0145,tr13-0145,O2-M1,train,300300,/data/gen/tokens/pn2018/tr13-0145__O2-M1.npy
pn2018,tr13-0187,tr13-0187,F3-M2,train,287400,/data/gen/tokens/pn2018/tr13-0187__F3-M2.npy
pn2018,tr13-0187,tr13-0187,F4-M1,train,287400,/data/gen/tokens/pn2018/tr13-0187__F4-M1.npy
pn2018,tr13-0187,tr13-0187,C3-M2,train,287400,/data/gen/tokens/pn2018/tr13-0187__C3-M2.npy
pn2018,tr13-0187,tr13-0187,C4-M1,train,287400,/data/gen/tokens/pn2018/tr13-0187__C4-M1.npy
pn2018,tr13-0187,tr13-0187,O1-M2,train,287400,/data/gen/tokens/pn2018/tr13-0187__O1-M2.npy
pn2018,tr13-0187,tr13-0187,O2-M1,train,287400,/data/gen/tokens/pn2018/tr13-0187__O2-M1.npy
pn2018,tr13-0202,tr13-0202,F3-M2,train,270900,/data/gen/tokens/pn2018/tr13-0202__F3-M2.npy
pn2018,tr13-0202,tr13-0202,F4-M1,train,270900,/data/gen/tokens/pn2018/tr13-0202__F4-M1.npy
pn2018,tr13-0202,tr13-0202,C3-M2,train,270900,/data/gen/tokens/pn2018/tr13-0202__C3-M2.npy
pn2018,tr13-0202,tr13-0202,C4-M1,train,270900,/data/gen/tokens/pn2018/tr13-0202__C4-M1.npy
pn2018,tr13-0202,tr13-0202,O1-M2,train,270900,/data/gen/tokens/pn2018/tr13-0202__O1-M2.npy
pn2018,tr13-0202,tr13-0202,O2-M1,train,270900,/data/gen/tokens/pn2018/tr13-0202__O2-M1.npy
pn2018,tr13-0212,tr13-0212,F3-M2,train,245700,/data/gen/tokens/pn2018/tr13-0212__F3-M2.npy
pn2018,tr13-0212,tr13-0212,F4-M1,train,245700,/data/gen/tokens/pn2018/tr13-0212__F4-M1.npy
pn2018,tr13-0212,tr13-0212,C3-M2,train,245700,/data/gen/tokens/pn2018/tr13-0212__C3-M2.npy
pn2018,tr13-0212,tr13-0212,C4-M1,train,245700,/data/gen/tokens/pn2018/tr13-0212__C4-M1.npy
pn2018,tr13-0212,tr13-0212,O1-M2,train,245700,/data/gen/tokens/pn2018/tr13-0212__O1-M2.npy
pn2018,tr13-0212,tr13-0212,O2-M1,train,245700,/data/gen/tokens/pn2018/tr13-0212__O2-M1.npy
pn2018,tr13-0204,tr13-0204,F3-M2,train,239400,/data/gen/tokens/pn2018/tr13-0204__F3-M2.npy
pn2018,tr13-0204,tr13-0204,F4-M1,train,239400,/data/gen/tokens/pn2018/tr13-0204__F4-M1.npy
pn2018,tr13-0204,tr13-0204,C3-M2,train,239400,/data/gen/tokens/pn2018/tr13-0204__C3-M2.npy
pn2018,tr13-0204,tr13-0204,C4-M1,train,239400,/data/gen/tokens/pn2018/tr13-0204__C4-M1.npy
pn2018,tr13-0204,tr13-0204,O1-M2,train,239400,/data/gen/tokens/pn2018/tr13-0204__O1-M2.npy
pn2018,tr13-0204,tr13-0204,O2-M1,train,239400,/data/gen/tokens/pn2018/tr13-0204__O2-M1.npy
pn2018,tr13-0208,tr13-0208,F3-M2,train,284700,/data/gen/tokens/pn2018/tr13-0208__F3-M2.npy
pn2018,tr13-0208,tr13-0208,F4-M1,train,284700,/data/gen/tokens/pn2018/tr13-0208__F4-M1.npy
pn2018,tr13-0208,tr13-0208,C3-M2,train,284700,/data/gen/tokens/pn2018/tr13-0208__C3-M2.npy
pn2018,tr13-0208,tr13-0208,C4-M1,train,284700,/data/gen/tokens/pn2018/tr13-0208__C4-M1.npy
pn2018,tr13-0208,tr13-0208,O1-M2,train,284700,/data/gen/tokens/pn2018/tr13-0208__O1-M2.npy
pn2018,tr13-0208,tr13-0208,O2-M1,train,284700,/data/gen/tokens/pn2018/tr13-0208__O2-M1.npy
pn2018,tr13-0220,tr13-0220,F3-M2,train,288300,/data/gen/tokens/pn2018/tr13-0220__F3-M2.npy
pn2018,tr13-0220,tr13-0220,F4-M1,train,288300,/data/gen/tokens/pn2018/tr13-0220__F4-M1.npy
pn2018,tr13-0220,tr13-0220,C3-M2,train,288300,/data/gen/tokens/pn2018/tr13-0220__C3-M2.npy
pn2018,tr13-0220,tr13-0220,C4-M1,train,288300,/data/gen/tokens/pn2018/tr13-0220__C4-M1.npy
pn2018,tr13-0220,tr13-0220,O1-M2,train,288300,/data/gen/tokens/pn2018/tr13-0220__O1-M2.npy
pn2018,tr13-0220,tr13-0220,O2-M1,train,288300,/data/gen/tokens/pn2018/tr13-0220__O2-M1.npy
pn2018,tr13-0226,tr13-0226,F3-M2,train,311400,/data/gen/tokens/pn2018/tr13-0226__F3-M2.npy
pn2018,tr13-0226,tr13-0226,F4-M1,train,311400,/data/gen/tokens/pn2018/tr13-0226__F4-M1.npy
pn2018,tr13-0226,tr13-0226,C3-M2,train,311400,/data/gen/tokens/pn2018/tr13-0226__C3-M2.npy
pn2018,tr13-0226,tr13-0226,C4-M1,train,311400,/data/gen/tokens/pn2018/tr13-0226__C4-M1.npy
pn2018,tr13-0226,tr13-0226,O1-M2,train,311400,/data/gen/tokens/pn2018/tr13-0226__O1-M2.npy
pn2018,tr13-0226,tr13-0226,O2-M1,train,311400,/data/gen/tokens/pn2018/tr13-0226__O2-M1.npy
pn2018,tr13-0250,tr13-0250,F3-M2,train,312600,/data/gen/tokens/pn2018/tr13-0250__F3-M2.npy
pn2018,tr13-0250,tr13-0250,F4-M1,train,312600,/data/gen/tokens/pn2018/tr13-0250__F4-M1.npy
pn2018,tr13-0250,tr13-0250,C3-M2,train,312600,/data/gen/tokens/pn2018/tr13-0250__C3-M2.npy
pn2018,tr13-0250,tr13-0250,C4-M1,train,312600,/data/gen/tokens/pn2018/tr13-0250__C4-M1.npy
pn2018,tr13-0250,tr13-0250,O1-M2,train,312600,/data/gen/tokens/pn2018/tr13-0250__O1-M2.npy
pn2018,tr13-0250,tr13-0250,O2-M1,train,312600,/data/gen/tokens/pn2018/tr13-0250__O2-M1.npy
pn2018,tr13-0255,tr13-0255,F3-M2,train,256200,/data/gen/tokens/pn2018/tr13-0255__F3-M2.npy
pn2018,tr13-0255,tr13-0255,F4-M1,train,256200,/data/gen/tokens/pn2018/tr13-0255__F4-M1.npy
pn2018,tr13-0255,tr13-0255,C3-M2,train,256200,/data/gen/tokens/pn2018/tr13-0255__C3-M2.npy
pn2018,tr13-0255,tr13-0255,C4-M1,train,256200,/data/gen/tokens/pn2018/tr13-0255__C4-M1.npy
pn2018,tr13-0255,tr13-0255,O1-M2,train,256200,/data/gen/tokens/pn2018/tr13-0255__O1-M2.npy
pn2018,tr13-0255,tr13-0255,O2-M1,train,256200,/data/gen/tokens/pn2018/tr13-0255__O2-M1.npy
pn2018,tr13-0364,tr13-0364,F3-M2,train,270000,/data/gen/tokens/pn2018/tr13-0364__F3-M2.npy
pn2018,tr13-0364,tr13-0364,F4-M1,train,270000,/data/gen/tokens/pn2018/tr13-0364__F4-M1.npy
pn2018,tr13-0364,tr13-0364,C3-M2,train,270000,/data/gen/tokens/pn2018/tr13-0364__C3-M2.npy
pn2018,tr13-0364,tr13-0364,C4-M1,train,270000,/data/gen/tokens/pn2018/tr13-0364__C4-M1.npy
pn2018,tr13-0364,tr13-0364,O1-M2,train,270000,/data/gen/tokens/pn2018/tr13-0364__O1-M2.npy
pn2018,tr13-0364,tr13-0364,O2-M1,train,270000,/data/gen/tokens/pn2018/tr13-0364__O2-M1.npy
pn2018,tr13-0372,tr13-0372,F3-M2,train,247200,/data/gen/tokens/pn2018/tr13-0372__F3-M2.npy
pn2018,tr13-0372,tr13-0372,F4-M1,train,247200,/data/gen/tokens/pn2018/tr13-0372__F4-M1.npy
pn2018,tr13-0372,tr13-0372,C3-M2,train,247200,/data/gen/tokens/pn2018/tr13-0372__C3-M2.npy
pn2018,tr13-0372,tr13-0372,C4-M1,train,247200,/data/gen/tokens/pn2018/tr13-0372__C4-M1.npy
pn2018,tr13-0372,tr13-0372,O1-M2,train,247200,/data/gen/tokens/pn2018/tr13-0372__O1-M2.npy
pn2018,tr13-0372,tr13-0372,O2-M1,train,247200,/data/gen/tokens/pn2018/tr13-0372__O2-M1.npy
pn2018,tr13-0367,tr13-0367,F3-M2,train,277800,/data/gen/tokens/pn2018/tr13-0367__F3-M2.npy
pn2018,tr13-0367,tr13-0367,F4-M1,train,277800,/data/gen/tokens/pn2018/tr13-0367__F4-M1.npy
pn2018,tr13-0367,tr13-0367,C3-M2,train,277800,/data/gen/tokens/pn2018/tr13-0367__C3-M2.npy
pn2018,tr13-0367,tr13-0367,C4-M1,train,277800,/data/gen/tokens/pn2018/tr13-0367__C4-M1.npy
pn2018,tr13-0367,tr13-0367,O1-M2,train,277800,/data/gen/tokens/pn2018/tr13-0367__O1-M2.npy
pn2018,tr13-0367,tr13-0367,O2-M1,train,277800,/data/gen/tokens/pn2018/tr13-0367__O2-M1.npy
pn2018,tr13-0374,tr13-0374,F3-M2,train,330900,/data/gen/tokens/pn2018/tr13-0374__F3-M2.npy
pn2018,tr13-0374,tr13-0374,F4-M1,train,330900,/data/gen/tokens/pn2018/tr13-0374__F4-M1.npy
pn2018,tr13-0374,tr13-0374,C3-M2,train,330900,/data/gen/tokens/pn2018/tr13-0374__C3-M2.npy
pn2018,tr13-0374,tr13-0374,C4-M1,train,330900,/data/gen/tokens/pn2018/tr13-0374__C4-M1.npy
pn2018,tr13-0374,tr13-0374,O1-M2,train,330900,/data/gen/tokens/pn2018/tr13-0374__O1-M2.npy
pn2018,tr13-0374,tr13-0374,O2-M1,train,330900,/data/gen/tokens/pn2018/tr13-0374__O2-M1.npy
pn2018,tr13-0425,tr13-0425,F3-M2,train,257700,/data/gen/tokens/pn2018/tr13-0425__F3-M2.npy
pn2018,tr13-0425,tr13-0425,F4-M1,train,257700,/data/gen/tokens/pn2018/tr13-0425__F4-M1.npy
pn2018,tr13-0425,tr13-0425,C3-M2,train,257700,/data/gen/tokens/pn2018/tr13-0425__C3-M2.npy
pn2018,tr13-0425,tr13-0425,C4-M1,train,257700,/data/gen/tokens/pn2018/tr13-0425__C4-M1.npy
pn2018,tr13-0425,tr13-0425,O1-M2,train,257700,/data/gen/tokens/pn2018/tr13-0425__O1-M2.npy
pn2018,tr13-0425,tr13-0425,O2-M1,train,257700,/data/gen/tokens/pn2018/tr13-0425__O2-M1.npy
pn2018,tr13-0379,tr13-0379,F3-M2,train,284100,/data/gen/tokens/pn2018/tr13-0379__F3-M2.npy
pn2018,tr13-0379,tr13-0379,F4-M1,train,284100,/data/gen/tokens/pn2018/tr13-0379__F4-M1.npy
pn2018,tr13-0379,tr13-0379,C3-M2,train,284100,/data/gen/tokens/pn2018/tr13-0379__C3-M2.npy
pn2018,tr13-0379,tr13-0379,C4-M1,train,284100,/data/gen/tokens/pn2018/tr13-0379__C4-M1.npy
pn2018,tr13-0379,tr13-0379,O1-M2,train,284100,/data/gen/tokens/pn2018/tr13-0379__O1-M2.npy
pn2018,tr13-0379,tr13-0379,O2-M1,train,284100,/data/gen/tokens/pn2018/tr13-0379__O2-M1.npy
pn2018,tr13-0383,tr13-0383,F3-M2,train,279000,/data/gen/tokens/pn2018/tr13-0383__F3-M2.npy
pn2018,tr13-0383,tr13-0383,F4-M1,train,279000,/data/gen/tokens/pn2018/tr13-0383__F4-M1.npy
pn2018,tr13-0383,tr13-0383,C3-M2,train,279000,/data/gen/tokens/pn2018/tr13-0383__C3-M2.npy
pn2018,tr13-0383,tr13-0383,C4-M1,train,279000,/data/gen/tokens/pn2018/tr13-0383__C4-M1.npy
pn2018,tr13-0383,tr13-0383,O1-M2,train,279000,/data/gen/tokens/pn2018/tr13-0383__O1-M2.npy
pn2018,tr13-0383,tr13-0383,O2-M1,train,279000,/data/gen/tokens/pn2018/tr13-0383__O2-M1.npy
pn2018,tr13-0387,tr13-0387,F3-M2,train,275100,/data/gen/tokens/pn2018/tr13-0387__F3-M2.npy
pn2018,tr13-0387,tr13-0387,F4-M1,train,275100,/data/gen/tokens/pn2018/tr13-0387__F4-M1.npy
pn2018,tr13-0387,tr13-0387,C3-M2,train,275100,/data/gen/tokens/pn2018/tr13-0387__C3-M2.npy
pn2018,tr13-0387,tr13-0387,C4-M1,train,275100,/data/gen/tokens/pn2018/tr13-0387__C4-M1.npy
pn2018,tr13-0387,tr13-0387,O1-M2,train,275100,/data/gen/tokens/pn2018/tr13-0387__O1-M2.npy
pn2018,tr13-0387,tr13-0387,O2-M1,train,275100,/data/gen/tokens/pn2018/tr13-0387__O2-M1.npy
pn2018,tr13-0438,tr13-0438,F3-M2,train,265500,/data/gen/tokens/pn2018/tr13-0438__F3-M2.npy
pn2018,tr13-0438,tr13-0438,F4-M1,train,265500,/data/gen/tokens/pn2018/tr13-0438__F4-M1.npy
pn2018,tr13-0438,tr13-0438,C3-M2,train,265500,/data/gen/tokens/pn2018/tr13-0438__C3-M2.npy
pn2018,tr13-0438,tr13-0438,C4-M1,train,265500,/data/gen/tokens/pn2018/tr13-0438__C4-M1.npy
pn2018,tr13-0438,tr13-0438,O1-M2,train,265500,/data/gen/tokens/pn2018/tr13-0438__O1-M2.npy
pn2018,tr13-0438,tr13-0438,O2-M1,train,265500,/data/gen/tokens/pn2018/tr13-0438__O2-M1.npy
pn2018,tr13-0447,tr13-0447,F3-M2,train,295200,/data/gen/tokens/pn2018/tr13-0447__F3-M2.npy
pn2018,tr13-0447,tr13-0447,F4-M1,train,295200,/data/gen/tokens/pn2018/tr13-0447__F4-M1.npy
pn2018,tr13-0447,tr13-0447,C3-M2,train,295200,/data/gen/tokens/pn2018/tr13-0447__C3-M2.npy
pn2018,tr13-0447,tr13-0447,C4-M1,train,295200,/data/gen/tokens/pn2018/tr13-0447__C4-M1.npy
pn2018,tr13-0447,tr13-0447,O1-M2,train,295200,/data/gen/tokens/pn2018/tr13-0447__O1-M2.npy
pn2018,tr13-0447,tr13-0447,O2-M1,train,295200,/data/gen/tokens/pn2018/tr13-0447__O2-M1.npy
pn2018,tr13-0464,tr13-0464,F3-M2,train,282000,/data/gen/tokens/pn2018/tr13-0464__F3-M2.npy
pn2018,tr13-0464,tr13-0464,F4-M1,train,282000,/data/gen/tokens/pn2018/tr13-0464__F4-M1.npy
pn2018,tr13-0464,tr13-0464,C3-M2,train,282000,/data/gen/tokens/pn2018/tr13-0464__C3-M2.npy
pn2018,tr13-0464,tr13-0464,C4-M1,train,282000,/data/gen/tokens/pn2018/tr13-0464__C4-M1.npy
pn2018,tr13-0464,tr13-0464,O1-M2,train,282000,/data/gen/tokens/pn2018/tr13-0464__O1-M2.npy
pn2018,tr13-0464,tr13-0464,O2-M1,train,282000,/data/gen/tokens/pn2018/tr13-0464__O2-M1.npy
pn2018,tr13-0448,tr13-0448,F3-M2,train,257400,/data/gen/tokens/pn2018/tr13-0448__F3-M2.npy
pn2018,tr13-0448,tr13-0448,F4-M1,train,257400,/data/gen/tokens/pn2018/tr13-0448__F4-M1.npy
pn2018,tr13-0448,tr13-0448,C3-M2,train,257400,/data/gen/tokens/pn2018/tr13-0448__C3-M2.npy
pn2018,tr13-0448,tr13-0448,C4-M1,train,257400,/data/gen/tokens/pn2018/tr13-0448__C4-M1.npy
pn2018,tr13-0448,tr13-0448,O1-M2,train,257400,/data/gen/tokens/pn2018/tr13-0448__O1-M2.npy
pn2018,tr13-0448,tr13-0448,O2-M1,train,257400,/data/gen/tokens/pn2018/tr13-0448__O2-M1.npy
pn2018,tr13-0475,tr13-0475,F3-M2,train,253800,/data/gen/tokens/pn2018/tr13-0475__F3-M2.npy
pn2018,tr13-0475,tr13-0475,F4-M1,train,253800,/data/gen/tokens/pn2018/tr13-0475__F4-M1.npy
pn2018,tr13-0475,tr13-0475,C3-M2,train,253800,/data/gen/tokens/pn2018/tr13-0475__C3-M2.npy
pn2018,tr13-0475,tr13-0475,C4-M1,train,253800,/data/gen/tokens/pn2018/tr13-0475__C4-M1.npy
pn2018,tr13-0475,tr13-0475,O1-M2,train,253800,/data/gen/tokens/pn2018/tr13-0475__O1-M2.npy
pn2018,tr13-0475,tr13-0475,O2-M1,train,253800,/data/gen/tokens/pn2018/tr13-0475__O2-M1.npy
pn2018,tr13-0492,tr13-0492,F3-M2,train,263400,/data/gen/tokens/pn2018/tr13-0492__F3-M2.npy
pn2018,tr13-0492,tr13-0492,F4-M1,train,263400,/data/gen/tokens/pn2018/tr13-0492__F4-M1.npy
pn2018,tr13-0492,tr13-0492,C3-M2,train,263400,/data/gen/tokens/pn2018/tr13-0492__C3-M2.npy
pn2018,tr13-0492,tr13-0492,C4-M1,train,263400,/data/gen/tokens/pn2018/tr13-0492__C4-M1.npy
pn2018,tr13-0492,tr13-0492,O1-M2,train,263400,/data/gen/tokens/pn2018/tr13-0492__O1-M2.npy
pn2018,tr13-0492,tr13-0492,O2-M1,train,263400,/data/gen/tokens/pn2018/tr13-0492__O2-M1.npy
pn2018,tr13-0493,tr13-0493,F3-M2,train,282300,/data/gen/tokens/pn2018/tr13-0493__F3-M2.npy
pn2018,tr13-0493,tr13-0493,F4-M1,train,282300,/data/gen/tokens/pn2018/tr13-0493__F4-M1.npy
pn2018,tr13-0493,tr13-0493,C3-M2,train,282300,/data/gen/tokens/pn2018/tr13-0493__C3-M2.npy
pn2018,tr13-0493,tr13-0493,C4-M1,train,282300,/data/gen/tokens/pn2018/tr13-0493__C4-M1.npy
pn2018,tr13-0493,tr13-0493,O1-M2,train,282300,/data/gen/tokens/pn2018/tr13-0493__O1-M2.npy
pn2018,tr13-0493,tr13-0493,O2-M1,train,282300,/data/gen/tokens/pn2018/tr13-0493__O2-M1.npy
pn2018,tr13-0505,tr13-0505,F3-M2,train,250500,/data/gen/tokens/pn2018/tr13-0505__F3-M2.npy
pn2018,tr13-0505,tr13-0505,F4-M1,train,250500,/data/gen/tokens/pn2018/tr13-0505__F4-M1.npy
pn2018,tr13-0505,tr13-0505,C3-M2,train,250500,/data/gen/tokens/pn2018/tr13-0505__C3-M2.npy
pn2018,tr13-0505,tr13-0505,C4-M1,train,250500,/data/gen/tokens/pn2018/tr13-0505__C4-M1.npy
pn2018,tr13-0505,tr13-0505,O1-M2,train,250500,/data/gen/tokens/pn2018/tr13-0505__O1-M2.npy
pn2018,tr13-0505,tr13-0505,O2-M1,train,250500,/data/gen/tokens/pn2018/tr13-0505__O2-M1.npy
pn2018,tr13-0508,tr13-0508,F3-M2,heldout,258600,/data/gen/tokens/pn2018/tr13-0508__F3-M2.npy
pn2018,tr13-0508,tr13-0508,F4-M1,heldout,258600,/data/gen/tokens/pn2018/tr13-0508__F4-M1.npy
pn2018,tr13-0508,tr13-0508,C3-M2,heldout,258600,/data/gen/tokens/pn2018/tr13-0508__C3-M2.npy
pn2018,tr13-0508,tr13-0508,C4-M1,heldout,258600,/data/gen/tokens/pn2018/tr13-0508__C4-M1.npy
pn2018,tr13-0508,tr13-0508,O1-M2,heldout,258600,/data/gen/tokens/pn2018/tr13-0508__O1-M2.npy
pn2018,tr13-0508,tr13-0508,O2-M1,heldout,258600,/data/gen/tokens/pn2018/tr13-0508__O2-M1.npy
pn2018,tr13-0517,tr13-0517,F3-M2,heldout,307500,/data/gen/tokens/pn2018/tr13-0517__F3-M2.npy
pn2018,tr13-0517,tr13-0517,F4-M1,heldout,307500,/data/gen/tokens/pn2018/tr13-0517__F4-M1.npy
pn2018,tr13-0517,tr13-0517,C3-M2,heldout,307500,/data/gen/tokens/pn2018/tr13-0517__C3-M2.npy
pn2018,tr13-0517,tr13-0517,C4-M1,heldout,307500,/data/gen/tokens/pn2018/tr13-0517__C4-M1.npy
pn2018,tr13-0517,tr13-0517,O1-M2,heldout,307500,/data/gen/tokens/pn2018/tr13-0517__O1-M2.npy
pn2018,tr13-0517,tr13-0517,O2-M1,heldout,307500,/data/gen/tokens/pn2018/tr13-0517__O2-M1.npy
pn2018,tr13-0518,tr13-0518,F3-M2,train,305400,/data/gen/tokens/pn2018/tr13-0518__F3-M2.npy
pn2018,tr13-0518,tr13-0518,F4-M1,train,305400,/data/gen/tokens/pn2018/tr13-0518__F4-M1.npy
pn2018,tr13-0518,tr13-0518,C3-M2,train,305400,/data/gen/tokens/pn2018/tr13-0518__C3-M2.npy
pn2018,tr13-0518,tr13-0518,C4-M1,train,305400,/data/gen/tokens/pn2018/tr13-0518__C4-M1.npy
pn2018,tr13-0518,tr13-0518,O1-M2,train,305400,/data/gen/tokens/pn2018/tr13-0518__O1-M2.npy
pn2018,tr13-0518,tr13-0518,O2-M1,train,305400,/data/gen/tokens/pn2018/tr13-0518__O2-M1.npy
pn2018,tr13-0525,tr13-0525,F3-M2,train,282000,/data/gen/tokens/pn2018/tr13-0525__F3-M2.npy
pn2018,tr13-0525,tr13-0525,F4-M1,train,282000,/data/gen/tokens/pn2018/tr13-0525__F4-M1.npy
pn2018,tr13-0525,tr13-0525,C3-M2,train,282000,/data/gen/tokens/pn2018/tr13-0525__C3-M2.npy
pn2018,tr13-0525,tr13-0525,C4-M1,train,282000,/data/gen/tokens/pn2018/tr13-0525__C4-M1.npy
pn2018,tr13-0525,tr13-0525,O1-M2,train,282000,/data/gen/tokens/pn2018/tr13-0525__O1-M2.npy
pn2018,tr13-0525,tr13-0525,O2-M1,train,282000,/data/gen/tokens/pn2018/tr13-0525__O2-M1.npy
pn2018,tr13-0538,tr13-0538,F3-M2,train,274200,/data/gen/tokens/pn2018/tr13-0538__F3-M2.npy
pn2018,tr13-0538,tr13-0538,F4-M1,train,274200,/data/gen/tokens/pn2018/tr13-0538__F4-M1.npy
pn2018,tr13-0538,tr13-0538,C3-M2,train,274200,/data/gen/tokens/pn2018/tr13-0538__C3-M2.npy
pn2018,tr13-0538,tr13-0538,C4-M1,train,274200,/data/gen/tokens/pn2018/tr13-0538__C4-M1.npy
pn2018,tr13-0538,tr13-0538,O1-M2,train,274200,/data/gen/tokens/pn2018/tr13-0538__O1-M2.npy
pn2018,tr13-0538,tr13-0538,O2-M1,train,274200,/data/gen/tokens/pn2018/tr13-0538__O2-M1.npy
pn2018,tr13-0551,tr13-0551,F3-M2,train,279600,/data/gen/tokens/pn2018/tr13-0551__F3-M2.npy
pn2018,tr13-0551,tr13-0551,F4-M1,train,279600,/data/gen/tokens/pn2018/tr13-0551__F4-M1.npy
pn2018,tr13-0551,tr13-0551,C3-M2,train,279600,/data/gen/tokens/pn2018/tr13-0551__C3-M2.npy
pn2018,tr13-0551,tr13-0551,C4-M1,train,279600,/data/gen/tokens/pn2018/tr13-0551__C4-M1.npy
pn2018,tr13-0551,tr13-0551,O1-M2,train,279600,/data/gen/tokens/pn2018/tr13-0551__O1-M2.npy
pn2018,tr13-0551,tr13-0551,O2-M1,train,279600,/data/gen/tokens/pn2018/tr13-0551__O2-M1.npy
pn2018,tr13-0544,tr13-0544,F3-M2,train,318000,/data/gen/tokens/pn2018/tr13-0544__F3-M2.npy
pn2018,tr13-0544,tr13-0544,F4-M1,train,318000,/data/gen/tokens/pn2018/tr13-0544__F4-M1.npy
pn2018,tr13-0544,tr13-0544,C3-M2,train,318000,/data/gen/tokens/pn2018/tr13-0544__C3-M2.npy
pn2018,tr13-0544,tr13-0544,C4-M1,train,318000,/data/gen/tokens/pn2018/tr13-0544__C4-M1.npy
pn2018,tr13-0544,tr13-0544,O1-M2,train,318000,/data/gen/tokens/pn2018/tr13-0544__O1-M2.npy
pn2018,tr13-0544,tr13-0544,O2-M1,train,318000,/data/gen/tokens/pn2018/tr13-0544__O2-M1.npy
pn2018,tr13-0547,tr13-0547,F3-M2,train,294000,/data/gen/tokens/pn2018/tr13-0547__F3-M2.npy
pn2018,tr13-0547,tr13-0547,F4-M1,train,294000,/data/gen/tokens/pn2018/tr13-0547__F4-M1.npy
pn2018,tr13-0547,tr13-0547,C3-M2,train,294000,/data/gen/tokens/pn2018/tr13-0547__C3-M2.npy
pn2018,tr13-0547,tr13-0547,C4-M1,train,294000,/data/gen/tokens/pn2018/tr13-0547__C4-M1.npy
pn2018,tr13-0547,tr13-0547,O1-M2,train,294000,/data/gen/tokens/pn2018/tr13-0547__O1-M2.npy
pn2018,tr13-0547,tr13-0547,O2-M1,train,294000,/data/gen/tokens/pn2018/tr13-0547__O2-M1.npy
pn2018,tr13-0549,tr13-0549,F3-M2,train,297000,/data/gen/tokens/pn2018/tr13-0549__F3-M2.npy
pn2018,tr13-0549,tr13-0549,F4-M1,train,297000,/data/gen/tokens/pn2018/tr13-0549__F4-M1.npy
pn2018,tr13-0549,tr13-0549,C3-M2,train,297000,/data/gen/tokens/pn2018/tr13-0549__C3-M2.npy
pn2018,tr13-0549,tr13-0549,C4-M1,train,297000,/data/gen/tokens/pn2018/tr13-0549__C4-M1.npy
pn2018,tr13-0549,tr13-0549,O1-M2,train,297000,/data/gen/tokens/pn2018/tr13-0549__O1-M2.npy
pn2018,tr13-0549,tr13-0549,O2-M1,train,297000,/data/gen/tokens/pn2018/tr13-0549__O2-M1.npy
pn2018,tr13-0589,tr13-0589,F3-M2,train,262800,/data/gen/tokens/pn2018/tr13-0589__F3-M2.npy
pn2018,tr13-0589,tr13-0589,F4-M1,train,262800,/data/gen/tokens/pn2018/tr13-0589__F4-M1.npy
pn2018,tr13-0589,tr13-0589,C3-M2,train,262800,/data/gen/tokens/pn2018/tr13-0589__C3-M2.npy
pn2018,tr13-0589,tr13-0589,C4-M1,train,262800,/data/gen/tokens/pn2018/tr13-0589__C4-M1.npy
pn2018,tr13-0589,tr13-0589,O1-M2,train,262800,/data/gen/tokens/pn2018/tr13-0589__O1-M2.npy
pn2018,tr13-0589,tr13-0589,O2-M1,train,262800,/data/gen/tokens/pn2018/tr13-0589__O2-M1.npy
pn2018,tr13-0567,tr13-0567,F3-M2,train,258300,/data/gen/tokens/pn2018/tr13-0567__F3-M2.npy
pn2018,tr13-0567,tr13-0567,F4-M1,train,258300,/data/gen/tokens/pn2018/tr13-0567__F4-M1.npy
pn2018,tr13-0567,tr13-0567,C3-M2,train,258300,/data/gen/tokens/pn2018/tr13-0567__C3-M2.npy
pn2018,tr13-0567,tr13-0567,C4-M1,train,258300,/data/gen/tokens/pn2018/tr13-0567__C4-M1.npy
pn2018,tr13-0567,tr13-0567,O1-M2,train,258300,/data/gen/tokens/pn2018/tr13-0567__O1-M2.npy
pn2018,tr13-0567,tr13-0567,O2-M1,train,258300,/data/gen/tokens/pn2018/tr13-0567__O2-M1.npy
pn2018,tr13-0566,tr13-0566,F3-M2,train,299100,/data/gen/tokens/pn2018/tr13-0566__F3-M2.npy
pn2018,tr13-0566,tr13-0566,F4-M1,train,299100,/data/gen/tokens/pn2018/tr13-0566__F4-M1.npy
pn2018,tr13-0566,tr13-0566,C3-M2,train,299100,/data/gen/tokens/pn2018/tr13-0566__C3-M2.npy
pn2018,tr13-0566,tr13-0566,C4-M1,train,299100,/data/gen/tokens/pn2018/tr13-0566__C4-M1.npy
pn2018,tr13-0566,tr13-0566,O1-M2,train,299100,/data/gen/tokens/pn2018/tr13-0566__O1-M2.npy
pn2018,tr13-0566,tr13-0566,O2-M1,train,299100,/data/gen/tokens/pn2018/tr13-0566__O2-M1.npy
pn2018,tr13-0576,tr13-0576,F3-M2,train,263700,/data/gen/tokens/pn2018/tr13-0576__F3-M2.npy
pn2018,tr13-0576,tr13-0576,F4-M1,train,263700,/data/gen/tokens/pn2018/tr13-0576__F4-M1.npy
pn2018,tr13-0576,tr13-0576,C3-M2,train,263700,/data/gen/tokens/pn2018/tr13-0576__C3-M2.npy
pn2018,tr13-0576,tr13-0576,C4-M1,train,263700,/data/gen/tokens/pn2018/tr13-0576__C4-M1.npy
pn2018,tr13-0576,tr13-0576,O1-M2,train,263700,/data/gen/tokens/pn2018/tr13-0576__O1-M2.npy
pn2018,tr13-0576,tr13-0576,O2-M1,train,263700,/data/gen/tokens/pn2018/tr13-0576__O2-M1.npy
pn2018,tr13-0607,tr13-0607,F3-M2,train,287100,/data/gen/tokens/pn2018/tr13-0607__F3-M2.npy
pn2018,tr13-0607,tr13-0607,F4-M1,train,287100,/data/gen/tokens/pn2018/tr13-0607__F4-M1.npy
pn2018,tr13-0607,tr13-0607,C3-M2,train,287100,/data/gen/tokens/pn2018/tr13-0607__C3-M2.npy
pn2018,tr13-0607,tr13-0607,C4-M1,train,287100,/data/gen/tokens/pn2018/tr13-0607__C4-M1.npy
pn2018,tr13-0607,tr13-0607,O1-M2,train,287100,/data/gen/tokens/pn2018/tr13-0607__O1-M2.npy
pn2018,tr13-0607,tr13-0607,O2-M1,train,287100,/data/gen/tokens/pn2018/tr13-0607__O2-M1.npy
pn2018,tr13-0621,tr13-0621,F3-M2,train,251700,/data/gen/tokens/pn2018/tr13-0621__F3-M2.npy
pn2018,tr13-0621,tr13-0621,F4-M1,train,251700,/data/gen/tokens/pn2018/tr13-0621__F4-M1.npy
pn2018,tr13-0621,tr13-0621,C3-M2,train,251700,/data/gen/tokens/pn2018/tr13-0621__C3-M2.npy
pn2018,tr13-0621,tr13-0621,C4-M1,train,251700,/data/gen/tokens/pn2018/tr13-0621__C4-M1.npy
pn2018,tr13-0621,tr13-0621,O1-M2,train,251700,/data/gen/tokens/pn2018/tr13-0621__O1-M2.npy
pn2018,tr13-0621,tr13-0621,O2-M1,train,251700,/data/gen/tokens/pn2018/tr13-0621__O2-M1.npy
pn2018,tr13-0627,tr13-0627,F3-M2,train,272400,/data/gen/tokens/pn2018/tr13-0627__F3-M2.npy
pn2018,tr13-0627,tr13-0627,F4-M1,train,272400,/data/gen/tokens/pn2018/tr13-0627__F4-M1.npy
pn2018,tr13-0627,tr13-0627,C3-M2,train,272400,/data/gen/tokens/pn2018/tr13-0627__C3-M2.npy
pn2018,tr13-0627,tr13-0627,C4-M1,train,272400,/data/gen/tokens/pn2018/tr13-0627__C4-M1.npy
pn2018,tr13-0627,tr13-0627,O1-M2,train,272400,/data/gen/tokens/pn2018/tr13-0627__O1-M2.npy
pn2018,tr13-0627,tr13-0627,O2-M1,train,272400,/data/gen/tokens/pn2018/tr13-0627__O2-M1.npy
pn2018,tr13-0615,tr13-0615,F3-M2,train,320100,/data/gen/tokens/pn2018/tr13-0615__F3-M2.npy
pn2018,tr13-0615,tr13-0615,F4-M1,train,320100,/data/gen/tokens/pn2018/tr13-0615__F4-M1.npy
pn2018,tr13-0615,tr13-0615,C3-M2,train,320100,/data/gen/tokens/pn2018/tr13-0615__C3-M2.npy
pn2018,tr13-0615,tr13-0615,C4-M1,train,320100,/data/gen/tokens/pn2018/tr13-0615__C4-M1.npy
pn2018,tr13-0615,tr13-0615,O1-M2,train,320100,/data/gen/tokens/pn2018/tr13-0615__O1-M2.npy
pn2018,tr13-0615,tr13-0615,O2-M1,train,320100,/data/gen/tokens/pn2018/tr13-0615__O2-M1.npy
pn2018,tr13-0638,tr13-0638,F3-M2,heldout,230100,/data/gen/tokens/pn2018/tr13-0638__F3-M2.npy
pn2018,tr13-0638,tr13-0638,F4-M1,heldout,230100,/data/gen/tokens/pn2018/tr13-0638__F4-M1.npy
pn2018,tr13-0638,tr13-0638,C3-M2,heldout,230100,/data/gen/tokens/pn2018/tr13-0638__C3-M2.npy
pn2018,tr13-0638,tr13-0638,C4-M1,heldout,230100,/data/gen/tokens/pn2018/tr13-0638__C4-M1.npy
pn2018,tr13-0638,tr13-0638,O1-M2,heldout,230100,/data/gen/tokens/pn2018/tr13-0638__O1-M2.npy
pn2018,tr13-0638,tr13-0638,O2-M1,heldout,230100,/data/gen/tokens/pn2018/tr13-0638__O2-M1.npy
pn2018,tr13-0653,tr13-0653,F3-M2,train,259200,/data/gen/tokens/pn2018/tr13-0653__F3-M2.npy
pn2018,tr13-0653,tr13-0653,F4-M1,train,259200,/data/gen/tokens/pn2018/tr13-0653__F4-M1.npy
pn2018,tr13-0653,tr13-0653,C3-M2,train,259200,/data/gen/tokens/pn2018/tr13-0653__C3-M2.npy
pn2018,tr13-0653,tr13-0653,C4-M1,train,259200,/data/gen/tokens/pn2018/tr13-0653__C4-M1.npy
pn2018,tr13-0653,tr13-0653,O1-M2,train,259200,/data/gen/tokens/pn2018/tr13-0653__O1-M2.npy
pn2018,tr13-0653,tr13-0653,O2-M1,train,259200,/data/gen/tokens/pn2018/tr13-0653__O2-M1.npy
pn2018,tr13-0646,tr13-0646,F3-M2,heldout,299400,/data/gen/tokens/pn2018/tr13-0646__F3-M2.npy
pn2018,tr13-0646,tr13-0646,F4-M1,heldout,299400,/data/gen/tokens/pn2018/tr13-0646__F4-M1.npy
pn2018,tr13-0646,tr13-0646,C3-M2,heldout,299400,/data/gen/tokens/pn2018/tr13-0646__C3-M2.npy
pn2018,tr13-0646,tr13-0646,C4-M1,heldout,299400,/data/gen/tokens/pn2018/tr13-0646__C4-M1.npy
pn2018,tr13-0646,tr13-0646,O1-M2,heldout,299400,/data/gen/tokens/pn2018/tr13-0646__O1-M2.npy
pn2018,tr13-0646,tr13-0646,O2-M1,heldout,299400,/data/gen/tokens/pn2018/tr13-0646__O2-M1.npy
pn2018,tr13-0681,tr13-0681,F3-M2,train,322500,/data/gen/tokens/pn2018/tr13-0681__F3-M2.npy
pn2018,tr13-0681,tr13-0681,F4-M1,train,322500,/data/gen/tokens/pn2018/tr13-0681__F4-M1.npy
pn2018,tr13-0681,tr13-0681,C3-M2,train,322500,/data/gen/tokens/pn2018/tr13-0681__C3-M2.npy
pn2018,tr13-0681,tr13-0681,C4-M1,train,322500,/data/gen/tokens/pn2018/tr13-0681__C4-M1.npy
pn2018,tr13-0681,tr13-0681,O1-M2,train,322500,/data/gen/tokens/pn2018/tr13-0681__O1-M2.npy
pn2018,tr13-0681,tr13-0681,O2-M1,train,322500,/data/gen/tokens/pn2018/tr13-0681__O2-M1.npy
pn2018,tr13-0686,tr13-0686,F3-M2,train,299100,/data/gen/tokens/pn2018/tr13-0686__F3-M2.npy
pn2018,tr13-0686,tr13-0686,F4-M1,train,299100,/data/gen/tokens/pn2018/tr13-0686__F4-M1.npy
pn2018,tr13-0686,tr13-0686,C3-M2,train,299100,/data/gen/tokens/pn2018/tr13-0686__C3-M2.npy
pn2018,tr13-0686,tr13-0686,C4-M1,train,299100,/data/gen/tokens/pn2018/tr13-0686__C4-M1.npy
pn2018,tr13-0686,tr13-0686,O1-M2,train,299100,/data/gen/tokens/pn2018/tr13-0686__O1-M2.npy
pn2018,tr13-0686,tr13-0686,O2-M1,train,299100,/data/gen/tokens/pn2018/tr13-0686__O2-M1.npy
pn2018,tr13-0685,tr13-0685,F3-M2,train,327300,/data/gen/tokens/pn2018/tr13-0685__F3-M2.npy
pn2018,tr13-0685,tr13-0685,F4-M1,train,327300,/data/gen/tokens/pn2018/tr13-0685__F4-M1.npy
pn2018,tr13-0685,tr13-0685,C3-M2,train,327300,/data/gen/tokens/pn2018/tr13-0685__C3-M2.npy
pn2018,tr13-0685,tr13-0685,C4-M1,train,327300,/data/gen/tokens/pn2018/tr13-0685__C4-M1.npy
pn2018,tr13-0685,tr13-0685,O1-M2,train,327300,/data/gen/tokens/pn2018/tr13-0685__O1-M2.npy
pn2018,tr13-0685,tr13-0685,O2-M1,train,327300,/data/gen/tokens/pn2018/tr13-0685__O2-M1.npy
pn2018,tr13-0801,tr13-0801,F3-M2,train,281400,/data/gen/tokens/pn2018/tr13-0801__F3-M2.npy
pn2018,tr13-0801,tr13-0801,F4-M1,train,281400,/data/gen/tokens/pn2018/tr13-0801__F4-M1.npy
pn2018,tr13-0801,tr13-0801,C3-M2,train,281400,/data/gen/tokens/pn2018/tr13-0801__C3-M2.npy
pn2018,tr13-0801,tr13-0801,C4-M1,train,281400,/data/gen/tokens/pn2018/tr13-0801__C4-M1.npy
pn2018,tr13-0801,tr13-0801,O1-M2,train,281400,/data/gen/tokens/pn2018/tr13-0801__O1-M2.npy
pn2018,tr13-0801,tr13-0801,O2-M1,train,281400,/data/gen/tokens/pn2018/tr13-0801__O2-M1.npy
pn2018,tr13-0819,tr13-0819,F3-M2,train,294000,/data/gen/tokens/pn2018/tr13-0819__F3-M2.npy
pn2018,tr13-0819,tr13-0819,F4-M1,train,294000,/data/gen/tokens/pn2018/tr13-0819__F4-M1.npy
pn2018,tr13-0819,tr13-0819,C3-M2,train,294000,/data/gen/tokens/pn2018/tr13-0819__C3-M2.npy
pn2018,tr13-0819,tr13-0819,C4-M1,train,294000,/data/gen/tokens/pn2018/tr13-0819__C4-M1.npy
pn2018,tr13-0819,tr13-0819,O1-M2,train,294000,/data/gen/tokens/pn2018/tr13-0819__O1-M2.npy
pn2018,tr13-0819,tr13-0819,O2-M1,train,294000,/data/gen/tokens/pn2018/tr13-0819__O2-M1.npy
pn2018,tr14-0011,tr14-0011,F3-M2,train,289500,/data/gen/tokens/pn2018/tr14-0011__F3-M2.npy
pn2018,tr14-0011,tr14-0011,F4-M1,train,289500,/data/gen/tokens/pn2018/tr14-0011__F4-M1.npy
pn2018,tr14-0011,tr14-0011,C3-M2,train,289500,/data/gen/tokens/pn2018/tr14-0011__C3-M2.npy
pn2018,tr14-0011,tr14-0011,C4-M1,train,289500,/data/gen/tokens/pn2018/tr14-0011__C4-M1.npy
pn2018,tr14-0011,tr14-0011,O1-M2,train,289500,/data/gen/tokens/pn2018/tr14-0011__O1-M2.npy
pn2018,tr14-0011,tr14-0011,O2-M1,train,289500,/data/gen/tokens/pn2018/tr14-0011__O2-M1.npy
pn2018,tr14-0003,tr14-0003,F3-M2,train,330000,/data/gen/tokens/pn2018/tr14-0003__F3-M2.npy
pn2018,tr14-0003,tr14-0003,F4-M1,train,330000,/data/gen/tokens/pn2018/tr14-0003__F4-M1.npy
pn2018,tr14-0003,tr14-0003,C3-M2,train,330000,/data/gen/tokens/pn2018/tr14-0003__C3-M2.npy
pn2018,tr14-0003,tr14-0003,C4-M1,train,330000,/data/gen/tokens/pn2018/tr14-0003__C4-M1.npy
pn2018,tr14-0003,tr14-0003,O1-M2,train,330000,/data/gen/tokens/pn2018/tr14-0003__O1-M2.npy
pn2018,tr14-0003,tr14-0003,O2-M1,train,330000,/data/gen/tokens/pn2018/tr14-0003__O2-M1.npy
pn2018,tr14-0016,tr14-0016,F3-M2,train,304500,/data/gen/tokens/pn2018/tr14-0016__F3-M2.npy
pn2018,tr14-0016,tr14-0016,F4-M1,train,304500,/data/gen/tokens/pn2018/tr14-0016__F4-M1.npy
pn2018,tr14-0016,tr14-0016,C3-M2,train,304500,/data/gen/tokens/pn2018/tr14-0016__C3-M2.npy
pn2018,tr14-0016,tr14-0016,C4-M1,train,304500,/data/gen/tokens/pn2018/tr14-0016__C4-M1.npy
pn2018,tr14-0016,tr14-0016,O1-M2,train,304500,/data/gen/tokens/pn2018/tr14-0016__O1-M2.npy
pn2018,tr14-0016,tr14-0016,O2-M1,train,304500,/data/gen/tokens/pn2018/tr14-0016__O2-M1.npy
pn2018,tr14-0037,tr14-0037,F3-M2,train,324900,/data/gen/tokens/pn2018/tr14-0037__F3-M2.npy
pn2018,tr14-0037,tr14-0037,F4-M1,train,324900,/data/gen/tokens/pn2018/tr14-0037__F4-M1.npy
pn2018,tr14-0037,tr14-0037,C3-M2,train,324900,/data/gen/tokens/pn2018/tr14-0037__C3-M2.npy
pn2018,tr14-0037,tr14-0037,C4-M1,train,324900,/data/gen/tokens/pn2018/tr14-0037__C4-M1.npy
pn2018,tr14-0037,tr14-0037,O1-M2,train,324900,/data/gen/tokens/pn2018/tr14-0037__O1-M2.npy
pn2018,tr14-0037,tr14-0037,O2-M1,train,324900,/data/gen/tokens/pn2018/tr14-0037__O2-M1.npy
pn2018,tr14-0102,tr14-0102,F3-M2,train,222300,/data/gen/tokens/pn2018/tr14-0102__F3-M2.npy
pn2018,tr14-0102,tr14-0102,F4-M1,train,222300,/data/gen/tokens/pn2018/tr14-0102__F4-M1.npy
pn2018,tr14-0102,tr14-0102,C3-M2,train,222300,/data/gen/tokens/pn2018/tr14-0102__C3-M2.npy
pn2018,tr14-0102,tr14-0102,C4-M1,train,222300,/data/gen/tokens/pn2018/tr14-0102__C4-M1.npy
pn2018,tr14-0102,tr14-0102,O1-M2,train,222300,/data/gen/tokens/pn2018/tr14-0102__O1-M2.npy
pn2018,tr14-0102,tr14-0102,O2-M1,train,222300,/data/gen/tokens/pn2018/tr14-0102__O2-M1.npy
pn2018,tr14-0064,tr14-0064,F3-M2,train,288300,/data/gen/tokens/pn2018/tr14-0064__F3-M2.npy
pn2018,tr14-0064,tr14-0064,F4-M1,train,288300,/data/gen/tokens/pn2018/tr14-0064__F4-M1.npy
pn2018,tr14-0064,tr14-0064,C3-M2,train,288300,/data/gen/tokens/pn2018/tr14-0064__C3-M2.npy
pn2018,tr14-0064,tr14-0064,C4-M1,train,288300,/data/gen/tokens/pn2018/tr14-0064__C4-M1.npy
pn2018,tr14-0064,tr14-0064,O1-M2,train,288300,/data/gen/tokens/pn2018/tr14-0064__O1-M2.npy
pn2018,tr14-0064,tr14-0064,O2-M1,train,288300,/data/gen/tokens/pn2018/tr14-0064__O2-M1.npy
pn2018,tr14-0112,tr14-0112,F3-M2,train,274800,/data/gen/tokens/pn2018/tr14-0112__F3-M2.npy
pn2018,tr14-0112,tr14-0112,F4-M1,train,274800,/data/gen/tokens/pn2018/tr14-0112__F4-M1.npy
pn2018,tr14-0112,tr14-0112,C3-M2,train,274800,/data/gen/tokens/pn2018/tr14-0112__C3-M2.npy
pn2018,tr14-0112,tr14-0112,C4-M1,train,274800,/data/gen/tokens/pn2018/tr14-0112__C4-M1.npy
pn2018,tr14-0112,tr14-0112,O1-M2,train,274800,/data/gen/tokens/pn2018/tr14-0112__O1-M2.npy
pn2018,tr14-0112,tr14-0112,O2-M1,train,274800,/data/gen/tokens/pn2018/tr14-0112__O2-M1.npy
pn2018,tr14-0110,tr14-0110,F3-M2,train,320400,/data/gen/tokens/pn2018/tr14-0110__F3-M2.npy
pn2018,tr14-0110,tr14-0110,F4-M1,train,320400,/data/gen/tokens/pn2018/tr14-0110__F4-M1.npy
pn2018,tr14-0110,tr14-0110,C3-M2,train,320400,/data/gen/tokens/pn2018/tr14-0110__C3-M2.npy
pn2018,tr14-0110,tr14-0110,C4-M1,train,320400,/data/gen/tokens/pn2018/tr14-0110__C4-M1.npy
pn2018,tr14-0110,tr14-0110,O1-M2,train,320400,/data/gen/tokens/pn2018/tr14-0110__O1-M2.npy
pn2018,tr14-0110,tr14-0110,O2-M1,train,320400,/data/gen/tokens/pn2018/tr14-0110__O2-M1.npy
pn2018,tr14-0185,tr14-0185,F3-M2,heldout,272100,/data/gen/tokens/pn2018/tr14-0185__F3-M2.npy
pn2018,tr14-0185,tr14-0185,F4-M1,heldout,272100,/data/gen/tokens/pn2018/tr14-0185__F4-M1.npy
pn2018,tr14-0185,tr14-0185,C3-M2,heldout,272100,/data/gen/tokens/pn2018/tr14-0185__C3-M2.npy
pn2018,tr14-0185,tr14-0185,C4-M1,heldout,272100,/data/gen/tokens/pn2018/tr14-0185__C4-M1.npy
pn2018,tr14-0185,tr14-0185,O1-M2,heldout,272100,/data/gen/tokens/pn2018/tr14-0185__O1-M2.npy
pn2018,tr14-0185,tr14-0185,O2-M1,heldout,272100,/data/gen/tokens/pn2018/tr14-0185__O2-M1.npy
pn2018,tr14-0182,tr14-0182,F3-M2,train,265200,/data/gen/tokens/pn2018/tr14-0182__F3-M2.npy
pn2018,tr14-0182,tr14-0182,F4-M1,train,265200,/data/gen/tokens/pn2018/tr14-0182__F4-M1.npy
pn2018,tr14-0182,tr14-0182,C3-M2,train,265200,/data/gen/tokens/pn2018/tr14-0182__C3-M2.npy
pn2018,tr14-0182,tr14-0182,C4-M1,train,265200,/data/gen/tokens/pn2018/tr14-0182__C4-M1.npy
pn2018,tr14-0182,tr14-0182,O1-M2,train,265200,/data/gen/tokens/pn2018/tr14-0182__O1-M2.npy
pn2018,tr14-0182,tr14-0182,O2-M1,train,265200,/data/gen/tokens/pn2018/tr14-0182__O2-M1.npy
pn2018,tr14-0167,tr14-0167,F3-M2,train,229200,/data/gen/tokens/pn2018/tr14-0167__F3-M2.npy
pn2018,tr14-0167,tr14-0167,F4-M1,train,229200,/data/gen/tokens/pn2018/tr14-0167__F4-M1.npy
pn2018,tr14-0167,tr14-0167,C3-M2,train,229200,/data/gen/tokens/pn2018/tr14-0167__C3-M2.npy
pn2018,tr14-0167,tr14-0167,C4-M1,train,229200,/data/gen/tokens/pn2018/tr14-0167__C4-M1.npy
pn2018,tr14-0167,tr14-0167,O1-M2,train,229200,/data/gen/tokens/pn2018/tr14-0167__O1-M2.npy
pn2018,tr14-0167,tr14-0167,O2-M1,train,229200,/data/gen/tokens/pn2018/tr14-0167__O2-M1.npy
pn2018,tr14-0206,tr14-0206,F3-M2,train,231600,/data/gen/tokens/pn2018/tr14-0206__F3-M2.npy
pn2018,tr14-0206,tr14-0206,F4-M1,train,231600,/data/gen/tokens/pn2018/tr14-0206__F4-M1.npy
pn2018,tr14-0206,tr14-0206,C3-M2,train,231600,/data/gen/tokens/pn2018/tr14-0206__C3-M2.npy
pn2018,tr14-0206,tr14-0206,C4-M1,train,231600,/data/gen/tokens/pn2018/tr14-0206__C4-M1.npy
pn2018,tr14-0206,tr14-0206,O1-M2,train,231600,/data/gen/tokens/pn2018/tr14-0206__O1-M2.npy
pn2018,tr14-0206,tr14-0206,O2-M1,train,231600,/data/gen/tokens/pn2018/tr14-0206__O2-M1.npy
pn2018,tr14-0193,tr14-0193,F3-M2,train,259200,/data/gen/tokens/pn2018/tr14-0193__F3-M2.npy
pn2018,tr14-0193,tr14-0193,F4-M1,train,259200,/data/gen/tokens/pn2018/tr14-0193__F4-M1.npy
pn2018,tr14-0193,tr14-0193,C3-M2,train,259200,/data/gen/tokens/pn2018/tr14-0193__C3-M2.npy
pn2018,tr14-0193,tr14-0193,C4-M1,train,259200,/data/gen/tokens/pn2018/tr14-0193__C4-M1.npy
pn2018,tr14-0193,tr14-0193,O1-M2,train,259200,/data/gen/tokens/pn2018/tr14-0193__O1-M2.npy
pn2018,tr14-0193,tr14-0193,O2-M1,train,259200,/data/gen/tokens/pn2018/tr14-0193__O2-M1.npy
pn2018,tr14-0258,tr14-0258,F3-M2,train,290400,/data/gen/tokens/pn2018/tr14-0258__F3-M2.npy
pn2018,tr14-0258,tr14-0258,F4-M1,train,290400,/data/gen/tokens/pn2018/tr14-0258__F4-M1.npy
pn2018,tr14-0258,tr14-0258,C3-M2,train,290400,/data/gen/tokens/pn2018/tr14-0258__C3-M2.npy
pn2018,tr14-0258,tr14-0258,C4-M1,train,290400,/data/gen/tokens/pn2018/tr14-0258__C4-M1.npy
pn2018,tr14-0258,tr14-0258,O1-M2,train,290400,/data/gen/tokens/pn2018/tr14-0258__O1-M2.npy
pn2018,tr14-0258,tr14-0258,O2-M1,train,290400,/data/gen/tokens/pn2018/tr14-0258__O2-M1.npy
pn2018,tr14-0231,tr14-0231,F3-M2,heldout,300900,/data/gen/tokens/pn2018/tr14-0231__F3-M2.npy
pn2018,tr14-0231,tr14-0231,F4-M1,heldout,300900,/data/gen/tokens/pn2018/tr14-0231__F4-M1.npy
pn2018,tr14-0231,tr14-0231,C3-M2,heldout,300900,/data/gen/tokens/pn2018/tr14-0231__C3-M2.npy
pn2018,tr14-0231,tr14-0231,C4-M1,heldout,300900,/data/gen/tokens/pn2018/tr14-0231__C4-M1.npy
pn2018,tr14-0231,tr14-0231,O1-M2,heldout,300900,/data/gen/tokens/pn2018/tr14-0231__O1-M2.npy
pn2018,tr14-0231,tr14-0231,O2-M1,heldout,300900,/data/gen/tokens/pn2018/tr14-0231__O2-M1.npy
pn2018,tr14-0240,tr14-0240,F3-M2,train,307800,/data/gen/tokens/pn2018/tr14-0240__F3-M2.npy
pn2018,tr14-0240,tr14-0240,F4-M1,train,307800,/data/gen/tokens/pn2018/tr14-0240__F4-M1.npy
pn2018,tr14-0240,tr14-0240,C3-M2,train,307800,/data/gen/tokens/pn2018/tr14-0240__C3-M2.npy
pn2018,tr14-0240,tr14-0240,C4-M1,train,307800,/data/gen/tokens/pn2018/tr14-0240__C4-M1.npy
pn2018,tr14-0240,tr14-0240,O1-M2,train,307800,/data/gen/tokens/pn2018/tr14-0240__O1-M2.npy
pn2018,tr14-0240,tr14-0240,O2-M1,train,307800,/data/gen/tokens/pn2018/tr14-0240__O2-M1.npy
pn2018,tr14-0268,tr14-0268,F3-M2,train,258000,/data/gen/tokens/pn2018/tr14-0268__F3-M2.npy
pn2018,tr14-0268,tr14-0268,F4-M1,train,258000,/data/gen/tokens/pn2018/tr14-0268__F4-M1.npy
pn2018,tr14-0268,tr14-0268,C3-M2,train,258000,/data/gen/tokens/pn2018/tr14-0268__C3-M2.npy
pn2018,tr14-0268,tr14-0268,C4-M1,train,258000,/data/gen/tokens/pn2018/tr14-0268__C4-M1.npy
pn2018,tr14-0268,tr14-0268,O1-M2,train,258000,/data/gen/tokens/pn2018/tr14-0268__O1-M2.npy
pn2018,tr14-0268,tr14-0268,O2-M1,train,258000,/data/gen/tokens/pn2018/tr14-0268__O2-M1.npy
pn2018,tr14-0272,tr14-0272,F3-M2,heldout,301500,/data/gen/tokens/pn2018/tr14-0272__F3-M2.npy
pn2018,tr14-0272,tr14-0272,F4-M1,heldout,301500,/data/gen/tokens/pn2018/tr14-0272__F4-M1.npy
pn2018,tr14-0272,tr14-0272,C3-M2,heldout,301500,/data/gen/tokens/pn2018/tr14-0272__C3-M2.npy
pn2018,tr14-0272,tr14-0272,C4-M1,heldout,301500,/data/gen/tokens/pn2018/tr14-0272__C4-M1.npy
pn2018,tr14-0272,tr14-0272,O1-M2,heldout,301500,/data/gen/tokens/pn2018/tr14-0272__O1-M2.npy
pn2018,tr14-0272,tr14-0272,O2-M1,heldout,301500,/data/gen/tokens/pn2018/tr14-0272__O2-M1.npy
pn2018,tr14-0278,tr14-0278,F3-M2,train,252000,/data/gen/tokens/pn2018/tr14-0278__F3-M2.npy
pn2018,tr14-0278,tr14-0278,F4-M1,train,252000,/data/gen/tokens/pn2018/tr14-0278__F4-M1.npy
pn2018,tr14-0278,tr14-0278,C3-M2,train,252000,/data/gen/tokens/pn2018/tr14-0278__C3-M2.npy
pn2018,tr14-0278,tr14-0278,C4-M1,train,252000,/data/gen/tokens/pn2018/tr14-0278__C4-M1.npy
pn2018,tr14-0278,tr14-0278,O1-M2,train,252000,/data/gen/tokens/pn2018/tr14-0278__O1-M2.npy
pn2018,tr14-0278,tr14-0278,O2-M1,train,252000,/data/gen/tokens/pn2018/tr14-0278__O2-M1.npy
pn2018,tr14-0276,tr14-0276,F3-M2,train,287700,/data/gen/tokens/pn2018/tr14-0276__F3-M2.npy
pn2018,tr14-0276,tr14-0276,F4-M1,train,287700,/data/gen/tokens/pn2018/tr14-0276__F4-M1.npy
pn2018,tr14-0276,tr14-0276,C3-M2,train,287700,/data/gen/tokens/pn2018/tr14-0276__C3-M2.npy
pn2018,tr14-0276,tr14-0276,C4-M1,train,287700,/data/gen/tokens/pn2018/tr14-0276__C4-M1.npy
pn2018,tr14-0276,tr14-0276,O1-M2,train,287700,/data/gen/tokens/pn2018/tr14-0276__O1-M2.npy
pn2018,tr14-0276,tr14-0276,O2-M1,train,287700,/data/gen/tokens/pn2018/tr14-0276__O2-M1.npy
pn2018,tr14-0291,tr14-0291,F3-M2,train,285900,/data/gen/tokens/pn2018/tr14-0291__F3-M2.npy
pn2018,tr14-0291,tr14-0291,F4-M1,train,285900,/data/gen/tokens/pn2018/tr14-0291__F4-M1.npy
pn2018,tr14-0291,tr14-0291,C3-M2,train,285900,/data/gen/tokens/pn2018/tr14-0291__C3-M2.npy
pn2018,tr14-0291,tr14-0291,C4-M1,train,285900,/data/gen/tokens/pn2018/tr14-0291__C4-M1.npy
pn2018,tr14-0291,tr14-0291,O1-M2,train,285900,/data/gen/tokens/pn2018/tr14-0291__O1-M2.npy
pn2018,tr14-0291,tr14-0291,O2-M1,train,285900,/data/gen/tokens/pn2018/tr14-0291__O2-M1.npy
hmc,SN002,SN002,F4-M1,train,256800,/data/gen/tokens/hmc/SN002__F4-M1.npy
hmc,SN002,SN002,C4-M1,train,256800,/data/gen/tokens/hmc/SN002__C4-M1.npy
hmc,SN002,SN002,O2-M1,train,256800,/data/gen/tokens/hmc/SN002__O2-M1.npy
hmc,SN002,SN002,C3-M2,train,256800,/data/gen/tokens/hmc/SN002__C3-M2.npy
hmc,SN004,SN004,F4-M1,heldout,304800,/data/gen/tokens/hmc/SN004__F4-M1.npy
hmc,SN004,SN004,C4-M1,heldout,304800,/data/gen/tokens/hmc/SN004__C4-M1.npy
hmc,SN004,SN004,O2-M1,heldout,304800,/data/gen/tokens/hmc/SN004__O2-M1.npy
hmc,SN004,SN004,C3-M2,heldout,304800,/data/gen/tokens/hmc/SN004__C3-M2.npy
hmc,SN001,SN001,F4-M1,train,256500,/data/gen/tokens/hmc/SN001__F4-M1.npy
hmc,SN001,SN001,C4-M1,train,256500,/data/gen/tokens/hmc/SN001__C4-M1.npy
hmc,SN001,SN001,O2-M1,train,256500,/data/gen/tokens/hmc/SN001__O2-M1.npy
hmc,SN001,SN001,C3-M2,train,256500,/data/gen/tokens/hmc/SN001__C3-M2.npy
hmc,SN007,SN007,F4-M1,heldout,310200,/data/gen/tokens/hmc/SN007__F4-M1.npy
hmc,SN007,SN007,C4-M1,heldout,310200,/data/gen/tokens/hmc/SN007__C4-M1.npy
hmc,SN007,SN007,O2-M1,heldout,310200,/data/gen/tokens/hmc/SN007__O2-M1.npy
hmc,SN007,SN007,C3-M2,heldout,310200,/data/gen/tokens/hmc/SN007__C3-M2.npy
hmc,SN003,SN003,F4-M1,train,286200,/data/gen/tokens/hmc/SN003__F4-M1.npy
hmc,SN003,SN003,C4-M1,train,286200,/data/gen/tokens/hmc/SN003__C4-M1.npy
hmc,SN003,SN003,O2-M1,train,286200,/data/gen/tokens/hmc/SN003__O2-M1.npy
hmc,SN003,SN003,C3-M2,train,286200,/data/gen/tokens/hmc/SN003__C3-M2.npy
hmc,SN009,SN009,F4-M1,train,270300,/data/gen/tokens/hmc/SN009__F4-M1.npy
hmc,SN009,SN009,C4-M1,train,270300,/data/gen/tokens/hmc/SN009__C4-M1.npy
hmc,SN009,SN009,O2-M1,train,270300,/data/gen/tokens/hmc/SN009__O2-M1.npy
hmc,SN009,SN009,C3-M2,train,270300,/data/gen/tokens/hmc/SN009__C3-M2.npy
hmc,SN008,SN008,F4-M1,train,254100,/data/gen/tokens/hmc/SN008__F4-M1.npy
hmc,SN008,SN008,C4-M1,train,254100,/data/gen/tokens/hmc/SN008__C4-M1.npy
hmc,SN008,SN008,O2-M1,train,254100,/data/gen/tokens/hmc/SN008__O2-M1.npy
hmc,SN008,SN008,C3-M2,train,254100,/data/gen/tokens/hmc/SN008__C3-M2.npy
hmc,SN006,SN006,F4-M1,train,259800,/data/gen/tokens/hmc/SN006__F4-M1.npy
hmc,SN006,SN006,C4-M1,train,259800,/data/gen/tokens/hmc/SN006__C4-M1.npy
hmc,SN006,SN006,O2-M1,train,259800,/data/gen/tokens/hmc/SN006__O2-M1.npy
hmc,SN006,SN006,C3-M2,train,259800,/data/gen/tokens/hmc/SN006__C3-M2.npy
hmc,SN015,SN015,F4-M1,train,260100,/data/gen/tokens/hmc/SN015__F4-M1.npy
hmc,SN015,SN015,C4-M1,train,260100,/data/gen/tokens/hmc/SN015__C4-M1.npy
hmc,SN015,SN015,O2-M1,train,260100,/data/gen/tokens/hmc/SN015__O2-M1.npy
hmc,SN015,SN015,C3-M2,train,260100,/data/gen/tokens/hmc/SN015__C3-M2.npy
hmc,SN010,SN010,F4-M1,train,277200,/data/gen/tokens/hmc/SN010__F4-M1.npy
hmc,SN010,SN010,C4-M1,train,277200,/data/gen/tokens/hmc/SN010__C4-M1.npy
hmc,SN010,SN010,O2-M1,train,277200,/data/gen/tokens/hmc/SN010__O2-M1.npy
hmc,SN010,SN010,C3-M2,train,277200,/data/gen/tokens/hmc/SN010__C3-M2.npy
hmc,SN005,SN005,F4-M1,train,287700,/data/gen/tokens/hmc/SN005__F4-M1.npy
hmc,SN005,SN005,C4-M1,train,287700,/data/gen/tokens/hmc/SN005__C4-M1.npy
hmc,SN005,SN005,O2-M1,train,287700,/data/gen/tokens/hmc/SN005__O2-M1.npy
hmc,SN005,SN005,C3-M2,train,287700,/data/gen/tokens/hmc/SN005__C3-M2.npy
hmc,SN012,SN012,F4-M1,train,281400,/data/gen/tokens/hmc/SN012__F4-M1.npy
hmc,SN012,SN012,C4-M1,train,281400,/data/gen/tokens/hmc/SN012__C4-M1.npy
hmc,SN012,SN012,O2-M1,train,281400,/data/gen/tokens/hmc/SN012__O2-M1.npy
hmc,SN012,SN012,C3-M2,train,281400,/data/gen/tokens/hmc/SN012__C3-M2.npy
hmc,SN018,SN018,F4-M1,train,258600,/data/gen/tokens/hmc/SN018__F4-M1.npy
hmc,SN018,SN018,C4-M1,train,258600,/data/gen/tokens/hmc/SN018__C4-M1.npy
hmc,SN018,SN018,O2-M1,train,258600,/data/gen/tokens/hmc/SN018__O2-M1.npy
hmc,SN018,SN018,C3-M2,train,258600,/data/gen/tokens/hmc/SN018__C3-M2.npy
hmc,SN017,SN017,F4-M1,train,334200,/data/gen/tokens/hmc/SN017__F4-M1.npy
hmc,SN017,SN017,C4-M1,train,334200,/data/gen/tokens/hmc/SN017__C4-M1.npy
hmc,SN017,SN017,O2-M1,train,334200,/data/gen/tokens/hmc/SN017__O2-M1.npy
hmc,SN017,SN017,C3-M2,train,334200,/data/gen/tokens/hmc/SN017__C3-M2.npy
hmc,SN011,SN011,F4-M1,train,342300,/data/gen/tokens/hmc/SN011__F4-M1.npy
hmc,SN011,SN011,C4-M1,train,342300,/data/gen/tokens/hmc/SN011__C4-M1.npy
hmc,SN011,SN011,O2-M1,train,342300,/data/gen/tokens/hmc/SN011__O2-M1.npy
hmc,SN011,SN011,C3-M2,train,342300,/data/gen/tokens/hmc/SN011__C3-M2.npy
hmc,SN013,SN013,F4-M1,train,301200,/data/gen/tokens/hmc/SN013__F4-M1.npy
hmc,SN013,SN013,C4-M1,train,301200,/data/gen/tokens/hmc/SN013__C4-M1.npy
hmc,SN013,SN013,O2-M1,train,301200,/data/gen/tokens/hmc/SN013__O2-M1.npy
hmc,SN013,SN013,C3-M2,train,301200,/data/gen/tokens/hmc/SN013__C3-M2.npy
hmc,SN020,SN020,F4-M1,train,284400,/data/gen/tokens/hmc/SN020__F4-M1.npy
hmc,SN020,SN020,C4-M1,train,284400,/data/gen/tokens/hmc/SN020__C4-M1.npy
hmc,SN020,SN020,O2-M1,train,284400,/data/gen/tokens/hmc/SN020__O2-M1.npy
hmc,SN020,SN020,C3-M2,train,284400,/data/gen/tokens/hmc/SN020__C3-M2.npy
hmc,SN021,SN021,F4-M1,train,286800,/data/gen/tokens/hmc/SN021__F4-M1.npy
hmc,SN021,SN021,C4-M1,train,286800,/data/gen/tokens/hmc/SN021__C4-M1.npy
hmc,SN021,SN021,O2-M1,train,286800,/data/gen/tokens/hmc/SN021__O2-M1.npy
hmc,SN021,SN021,C3-M2,train,286800,/data/gen/tokens/hmc/SN021__C3-M2.npy
hmc,SN022,SN022,F4-M1,train,300600,/data/gen/tokens/hmc/SN022__F4-M1.npy
hmc,SN022,SN022,C4-M1,train,300600,/data/gen/tokens/hmc/SN022__C4-M1.npy
hmc,SN022,SN022,O2-M1,train,300600,/data/gen/tokens/hmc/SN022__O2-M1.npy
hmc,SN022,SN022,C3-M2,train,300600,/data/gen/tokens/hmc/SN022__C3-M2.npy
hmc,SN016,SN016,F4-M1,train,326400,/data/gen/tokens/hmc/SN016__F4-M1.npy
hmc,SN016,SN016,C4-M1,train,326400,/data/gen/tokens/hmc/SN016__C4-M1.npy
hmc,SN016,SN016,O2-M1,train,326400,/data/gen/tokens/hmc/SN016__O2-M1.npy
hmc,SN016,SN016,C3-M2,train,326400,/data/gen/tokens/hmc/SN016__C3-M2.npy
hmc,SN025,SN025,F4-M1,train,297000,/data/gen/tokens/hmc/SN025__F4-M1.npy
hmc,SN025,SN025,C4-M1,train,297000,/data/gen/tokens/hmc/SN025__C4-M1.npy
hmc,SN025,SN025,O2-M1,train,297000,/data/gen/tokens/hmc/SN025__O2-M1.npy
hmc,SN025,SN025,C3-M2,train,297000,/data/gen/tokens/hmc/SN025__C3-M2.npy
hmc,SN026,SN026,F4-M1,train,264900,/data/gen/tokens/hmc/SN026__F4-M1.npy
hmc,SN026,SN026,C4-M1,train,264900,/data/gen/tokens/hmc/SN026__C4-M1.npy
hmc,SN026,SN026,O2-M1,train,264900,/data/gen/tokens/hmc/SN026__O2-M1.npy
hmc,SN026,SN026,C3-M2,train,264900,/data/gen/tokens/hmc/SN026__C3-M2.npy
hmc,SN019,SN019,F4-M1,train,252000,/data/gen/tokens/hmc/SN019__F4-M1.npy
hmc,SN019,SN019,C4-M1,train,252000,/data/gen/tokens/hmc/SN019__C4-M1.npy
hmc,SN019,SN019,O2-M1,train,252000,/data/gen/tokens/hmc/SN019__O2-M1.npy
hmc,SN019,SN019,C3-M2,train,252000,/data/gen/tokens/hmc/SN019__C3-M2.npy
hmc,SN028,SN028,F4-M1,train,270600,/data/gen/tokens/hmc/SN028__F4-M1.npy
hmc,SN028,SN028,C4-M1,train,270600,/data/gen/tokens/hmc/SN028__C4-M1.npy
hmc,SN028,SN028,O2-M1,train,270600,/data/gen/tokens/hmc/SN028__O2-M1.npy
hmc,SN028,SN028,C3-M2,train,270600,/data/gen/tokens/hmc/SN028__C3-M2.npy
hmc,SN029,SN029,F4-M1,train,285300,/data/gen/tokens/hmc/SN029__F4-M1.npy
hmc,SN029,SN029,C4-M1,train,285300,/data/gen/tokens/hmc/SN029__C4-M1.npy
hmc,SN029,SN029,O2-M1,train,285300,/data/gen/tokens/hmc/SN029__O2-M1.npy
hmc,SN029,SN029,C3-M2,train,285300,/data/gen/tokens/hmc/SN029__C3-M2.npy
hmc,SN023,SN023,F4-M1,train,237300,/data/gen/tokens/hmc/SN023__F4-M1.npy
hmc,SN023,SN023,C4-M1,train,237300,/data/gen/tokens/hmc/SN023__C4-M1.npy
hmc,SN023,SN023,O2-M1,train,237300,/data/gen/tokens/hmc/SN023__O2-M1.npy
hmc,SN023,SN023,C3-M2,train,237300,/data/gen/tokens/hmc/SN023__C3-M2.npy
hmc,SN027,SN027,F4-M1,train,261600,/data/gen/tokens/hmc/SN027__F4-M1.npy
hmc,SN027,SN027,C4-M1,train,261600,/data/gen/tokens/hmc/SN027__C4-M1.npy
hmc,SN027,SN027,O2-M1,train,261600,/data/gen/tokens/hmc/SN027__O2-M1.npy
hmc,SN027,SN027,C3-M2,train,261600,/data/gen/tokens/hmc/SN027__C3-M2.npy
hmc,SN030,SN030,F4-M1,train,316800,/data/gen/tokens/hmc/SN030__F4-M1.npy
hmc,SN030,SN030,C4-M1,train,316800,/data/gen/tokens/hmc/SN030__C4-M1.npy
hmc,SN030,SN030,O2-M1,train,316800,/data/gen/tokens/hmc/SN030__O2-M1.npy
hmc,SN030,SN030,C3-M2,train,316800,/data/gen/tokens/hmc/SN030__C3-M2.npy
hmc,SN024,SN024,F4-M1,train,257100,/data/gen/tokens/hmc/SN024__F4-M1.npy
hmc,SN024,SN024,C4-M1,train,257100,/data/gen/tokens/hmc/SN024__C4-M1.npy
hmc,SN024,SN024,O2-M1,train,257100,/data/gen/tokens/hmc/SN024__O2-M1.npy
hmc,SN024,SN024,C3-M2,train,257100,/data/gen/tokens/hmc/SN024__C3-M2.npy
hmc,SN033,SN033,F4-M1,train,156600,/data/gen/tokens/hmc/SN033__F4-M1.npy
hmc,SN033,SN033,C4-M1,train,156600,/data/gen/tokens/hmc/SN033__C4-M1.npy
hmc,SN033,SN033,O2-M1,train,156600,/data/gen/tokens/hmc/SN033__O2-M1.npy
hmc,SN033,SN033,C3-M2,train,156600,/data/gen/tokens/hmc/SN033__C3-M2.npy
hmc,SN032,SN032,F4-M1,train,356400,/data/gen/tokens/hmc/SN032__F4-M1.npy
hmc,SN032,SN032,C4-M1,train,356400,/data/gen/tokens/hmc/SN032__C4-M1.npy
hmc,SN032,SN032,O2-M1,train,356400,/data/gen/tokens/hmc/SN032__O2-M1.npy
hmc,SN032,SN032,C3-M2,train,356400,/data/gen/tokens/hmc/SN032__C3-M2.npy
hmc,SN036,SN036,F4-M1,train,242400,/data/gen/tokens/hmc/SN036__F4-M1.npy
hmc,SN036,SN036,C4-M1,train,242400,/data/gen/tokens/hmc/SN036__C4-M1.npy
hmc,SN036,SN036,O2-M1,train,242400,/data/gen/tokens/hmc/SN036__O2-M1.npy
hmc,SN036,SN036,C3-M2,train,242400,/data/gen/tokens/hmc/SN036__C3-M2.npy
hmc,SN037,SN037,F4-M1,train,249000,/data/gen/tokens/hmc/SN037__F4-M1.npy
hmc,SN037,SN037,C4-M1,train,249000,/data/gen/tokens/hmc/SN037__C4-M1.npy
hmc,SN037,SN037,O2-M1,train,249000,/data/gen/tokens/hmc/SN037__O2-M1.npy
hmc,SN037,SN037,C3-M2,train,249000,/data/gen/tokens/hmc/SN037__C3-M2.npy
hmc,SN038,SN038,F4-M1,heldout,278100,/data/gen/tokens/hmc/SN038__F4-M1.npy
hmc,SN038,SN038,C4-M1,heldout,278100,/data/gen/tokens/hmc/SN038__C4-M1.npy
hmc,SN038,SN038,O2-M1,heldout,278100,/data/gen/tokens/hmc/SN038__O2-M1.npy
hmc,SN038,SN038,C3-M2,heldout,278100,/data/gen/tokens/hmc/SN038__C3-M2.npy
hmc,SN040,SN040,F4-M1,train,240300,/data/gen/tokens/hmc/SN040__F4-M1.npy
hmc,SN040,SN040,C4-M1,train,240300,/data/gen/tokens/hmc/SN040__C4-M1.npy
hmc,SN040,SN040,O2-M1,train,240300,/data/gen/tokens/hmc/SN040__O2-M1.npy
hmc,SN040,SN040,C3-M2,train,240300,/data/gen/tokens/hmc/SN040__C3-M2.npy
hmc,SN031,SN031,F4-M1,train,231900,/data/gen/tokens/hmc/SN031__F4-M1.npy
hmc,SN031,SN031,C4-M1,train,231900,/data/gen/tokens/hmc/SN031__C4-M1.npy
hmc,SN031,SN031,O2-M1,train,231900,/data/gen/tokens/hmc/SN031__O2-M1.npy
hmc,SN031,SN031,C3-M2,train,231900,/data/gen/tokens/hmc/SN031__C3-M2.npy
hmc,SN034,SN034,F4-M1,train,266100,/data/gen/tokens/hmc/SN034__F4-M1.npy
hmc,SN034,SN034,C4-M1,train,266100,/data/gen/tokens/hmc/SN034__C4-M1.npy
hmc,SN034,SN034,O2-M1,train,266100,/data/gen/tokens/hmc/SN034__O2-M1.npy
hmc,SN034,SN034,C3-M2,train,266100,/data/gen/tokens/hmc/SN034__C3-M2.npy
hmc,SN039,SN039,F4-M1,heldout,266100,/data/gen/tokens/hmc/SN039__F4-M1.npy
hmc,SN039,SN039,C4-M1,heldout,266100,/data/gen/tokens/hmc/SN039__C4-M1.npy
hmc,SN039,SN039,O2-M1,heldout,266100,/data/gen/tokens/hmc/SN039__O2-M1.npy
hmc,SN039,SN039,C3-M2,heldout,266100,/data/gen/tokens/hmc/SN039__C3-M2.npy
hmc,SN035,SN035,F4-M1,train,298800,/data/gen/tokens/hmc/SN035__F4-M1.npy
hmc,SN035,SN035,C4-M1,train,298800,/data/gen/tokens/hmc/SN035__C4-M1.npy
hmc,SN035,SN035,O2-M1,train,298800,/data/gen/tokens/hmc/SN035__O2-M1.npy
hmc,SN035,SN035,C3-M2,train,298800,/data/gen/tokens/hmc/SN035__C3-M2.npy
hmc,SN044,SN044,F4-M1,train,291300,/data/gen/tokens/hmc/SN044__F4-M1.npy
hmc,SN044,SN044,C4-M1,train,291300,/data/gen/tokens/hmc/SN044__C4-M1.npy
hmc,SN044,SN044,O2-M1,train,291300,/data/gen/tokens/hmc/SN044__O2-M1.npy
hmc,SN044,SN044,C3-M2,train,291300,/data/gen/tokens/hmc/SN044__C3-M2.npy
hmc,SN041,SN041,F4-M1,train,251100,/data/gen/tokens/hmc/SN041__F4-M1.npy
hmc,SN041,SN041,C4-M1,train,251100,/data/gen/tokens/hmc/SN041__C4-M1.npy
hmc,SN041,SN041,O2-M1,train,251100,/data/gen/tokens/hmc/SN041__O2-M1.npy
hmc,SN041,SN041,C3-M2,train,251100,/data/gen/tokens/hmc/SN041__C3-M2.npy
hmc,SN043,SN043,F4-M1,heldout,304200,/data/gen/tokens/hmc/SN043__F4-M1.npy
hmc,SN043,SN043,C4-M1,heldout,304200,/data/gen/tokens/hmc/SN043__C4-M1.npy
hmc,SN043,SN043,O2-M1,heldout,304200,/data/gen/tokens/hmc/SN043__O2-M1.npy
hmc,SN043,SN043,C3-M2,heldout,304200,/data/gen/tokens/hmc/SN043__C3-M2.npy
hmc,SN045,SN045,F4-M1,train,214500,/data/gen/tokens/hmc/SN045__F4-M1.npy
hmc,SN045,SN045,C4-M1,train,214500,/data/gen/tokens/hmc/SN045__C4-M1.npy
hmc,SN045,SN045,O2-M1,train,214500,/data/gen/tokens/hmc/SN045__O2-M1.npy
hmc,SN045,SN045,C3-M2,train,214500,/data/gen/tokens/hmc/SN045__C3-M2.npy
hmc,SN046,SN046,F4-M1,train,213300,/data/gen/tokens/hmc/SN046__F4-M1.npy
hmc,SN046,SN046,C4-M1,train,213300,/data/gen/tokens/hmc/SN046__C4-M1.npy
hmc,SN046,SN046,O2-M1,train,213300,/data/gen/tokens/hmc/SN046__O2-M1.npy
hmc,SN046,SN046,C3-M2,train,213300,/data/gen/tokens/hmc/SN046__C3-M2.npy
hmc,SN047,SN047,F4-M1,train,265500,/data/gen/tokens/hmc/SN047__F4-M1.npy
hmc,SN047,SN047,C4-M1,train,265500,/data/gen/tokens/hmc/SN047__C4-M1.npy
hmc,SN047,SN047,O2-M1,train,265500,/data/gen/tokens/hmc/SN047__O2-M1.npy
hmc,SN047,SN047,C3-M2,train,265500,/data/gen/tokens/hmc/SN047__C3-M2.npy
hmc,SN042,SN042,F4-M1,train,345000,/data/gen/tokens/hmc/SN042__F4-M1.npy
hmc,SN042,SN042,C4-M1,train,345000,/data/gen/tokens/hmc/SN042__C4-M1.npy
hmc,SN042,SN042,O2-M1,train,345000,/data/gen/tokens/hmc/SN042__O2-M1.npy
hmc,SN042,SN042,C3-M2,train,345000,/data/gen/tokens/hmc/SN042__C3-M2.npy
hmc,SN051,SN051,F4-M1,train,278700,/data/gen/tokens/hmc/SN051__F4-M1.npy
hmc,SN051,SN051,C4-M1,train,278700,/data/gen/tokens/hmc/SN051__C4-M1.npy
hmc,SN051,SN051,O2-M1,train,278700,/data/gen/tokens/hmc/SN051__O2-M1.npy
hmc,SN051,SN051,C3-M2,train,278700,/data/gen/tokens/hmc/SN051__C3-M2.npy
hmc,SN054,SN054,F4-M1,train,149400,/data/gen/tokens/hmc/SN054__F4-M1.npy
hmc,SN054,SN054,C4-M1,train,149400,/data/gen/tokens/hmc/SN054__C4-M1.npy
hmc,SN054,SN054,O2-M1,train,149400,/data/gen/tokens/hmc/SN054__O2-M1.npy
hmc,SN054,SN054,C3-M2,train,149400,/data/gen/tokens/hmc/SN054__C3-M2.npy
hmc,SN050,SN050,F4-M1,train,279600,/data/gen/tokens/hmc/SN050__F4-M1.npy
hmc,SN050,SN050,C4-M1,train,279600,/data/gen/tokens/hmc/SN050__C4-M1.npy
hmc,SN050,SN050,O2-M1,train,279600,/data/gen/tokens/hmc/SN050__O2-M1.npy
hmc,SN050,SN050,C3-M2,train,279600,/data/gen/tokens/hmc/SN050__C3-M2.npy
hmc,SN048,SN048,F4-M1,train,376800,/data/gen/tokens/hmc/SN048__F4-M1.npy
hmc,SN048,SN048,C4-M1,train,376800,/data/gen/tokens/hmc/SN048__C4-M1.npy
hmc,SN048,SN048,O2-M1,train,376800,/data/gen/tokens/hmc/SN048__O2-M1.npy
hmc,SN048,SN048,C3-M2,train,376800,/data/gen/tokens/hmc/SN048__C3-M2.npy
hmc,SN053,SN053,F4-M1,train,282000,/data/gen/tokens/hmc/SN053__F4-M1.npy
hmc,SN053,SN053,C4-M1,train,282000,/data/gen/tokens/hmc/SN053__C4-M1.npy
hmc,SN053,SN053,O2-M1,train,282000,/data/gen/tokens/hmc/SN053__O2-M1.npy
hmc,SN053,SN053,C3-M2,train,282000,/data/gen/tokens/hmc/SN053__C3-M2.npy
hmc,SN052,SN052,F4-M1,train,303300,/data/gen/tokens/hmc/SN052__F4-M1.npy
hmc,SN052,SN052,C4-M1,train,303300,/data/gen/tokens/hmc/SN052__C4-M1.npy
hmc,SN052,SN052,O2-M1,train,303300,/data/gen/tokens/hmc/SN052__O2-M1.npy
hmc,SN052,SN052,C3-M2,train,303300,/data/gen/tokens/hmc/SN052__C3-M2.npy
hmc,SN055,SN055,F4-M1,train,298500,/data/gen/tokens/hmc/SN055__F4-M1.npy
hmc,SN055,SN055,C4-M1,train,298500,/data/gen/tokens/hmc/SN055__C4-M1.npy
hmc,SN055,SN055,O2-M1,train,298500,/data/gen/tokens/hmc/SN055__O2-M1.npy
hmc,SN055,SN055,C3-M2,train,298500,/data/gen/tokens/hmc/SN055__C3-M2.npy
hmc,SN057,SN057,F4-M1,train,232800,/data/gen/tokens/hmc/SN057__F4-M1.npy
hmc,SN057,SN057,C4-M1,train,232800,/data/gen/tokens/hmc/SN057__C4-M1.npy
hmc,SN057,SN057,O2-M1,train,232800,/data/gen/tokens/hmc/SN057__O2-M1.npy
hmc,SN057,SN057,C3-M2,train,232800,/data/gen/tokens/hmc/SN057__C3-M2.npy
hmc,SN049,SN049,F4-M1,train,240300,/data/gen/tokens/hmc/SN049__F4-M1.npy
hmc,SN049,SN049,C4-M1,train,240300,/data/gen/tokens/hmc/SN049__C4-M1.npy
hmc,SN049,SN049,O2-M1,train,240300,/data/gen/tokens/hmc/SN049__O2-M1.npy
hmc,SN049,SN049,C3-M2,train,240300,/data/gen/tokens/hmc/SN049__C3-M2.npy
hmc,SN058,SN058,F4-M1,train,314700,/data/gen/tokens/hmc/SN058__F4-M1.npy
hmc,SN058,SN058,C4-M1,train,314700,/data/gen/tokens/hmc/SN058__C4-M1.npy
hmc,SN058,SN058,O2-M1,train,314700,/data/gen/tokens/hmc/SN058__O2-M1.npy
hmc,SN058,SN058,C3-M2,train,314700,/data/gen/tokens/hmc/SN058__C3-M2.npy
hmc,SN056,SN056,F4-M1,train,346200,/data/gen/tokens/hmc/SN056__F4-M1.npy
hmc,SN056,SN056,C4-M1,train,346200,/data/gen/tokens/hmc/SN056__C4-M1.npy
hmc,SN056,SN056,O2-M1,train,346200,/data/gen/tokens/hmc/SN056__O2-M1.npy
hmc,SN056,SN056,C3-M2,train,346200,/data/gen/tokens/hmc/SN056__C3-M2.npy
hmc,SN059,SN059,F4-M1,heldout,247800,/data/gen/tokens/hmc/SN059__F4-M1.npy
hmc,SN059,SN059,C4-M1,heldout,247800,/data/gen/tokens/hmc/SN059__C4-M1.npy
hmc,SN059,SN059,O2-M1,heldout,247800,/data/gen/tokens/hmc/SN059__O2-M1.npy
hmc,SN059,SN059,C3-M2,heldout,247800,/data/gen/tokens/hmc/SN059__C3-M2.npy
hmc,SN060,SN060,F4-M1,train,282600,/data/gen/tokens/hmc/SN060__F4-M1.npy
hmc,SN060,SN060,C4-M1,train,282600,/data/gen/tokens/hmc/SN060__C4-M1.npy
hmc,SN060,SN060,O2-M1,train,282600,/data/gen/tokens/hmc/SN060__O2-M1.npy
hmc,SN060,SN060,C3-M2,train,282600,/data/gen/tokens/hmc/SN060__C3-M2.npy
hmc,SN062,SN062,F4-M1,train,141000,/data/gen/tokens/hmc/SN062__F4-M1.npy
hmc,SN062,SN062,C4-M1,train,141000,/data/gen/tokens/hmc/SN062__C4-M1.npy
hmc,SN062,SN062,O2-M1,train,141000,/data/gen/tokens/hmc/SN062__O2-M1.npy
hmc,SN062,SN062,C3-M2,train,141000,/data/gen/tokens/hmc/SN062__C3-M2.npy
hmc,SN061,SN061,F4-M1,train,258600,/data/gen/tokens/hmc/SN061__F4-M1.npy
hmc,SN061,SN061,C4-M1,train,258600,/data/gen/tokens/hmc/SN061__C4-M1.npy
hmc,SN061,SN061,O2-M1,train,258600,/data/gen/tokens/hmc/SN061__O2-M1.npy
hmc,SN061,SN061,C3-M2,train,258600,/data/gen/tokens/hmc/SN061__C3-M2.npy
hmc,SN070,SN070,F4-M1,train,201600,/data/gen/tokens/hmc/SN070__F4-M1.npy
hmc,SN070,SN070,C4-M1,train,201600,/data/gen/tokens/hmc/SN070__C4-M1.npy
hmc,SN070,SN070,O2-M1,train,201600,/data/gen/tokens/hmc/SN070__O2-M1.npy
hmc,SN070,SN070,C3-M2,train,201600,/data/gen/tokens/hmc/SN070__C3-M2.npy
hmc,SN068,SN068,F4-M1,train,252300,/data/gen/tokens/hmc/SN068__F4-M1.npy
hmc,SN068,SN068,C4-M1,train,252300,/data/gen/tokens/hmc/SN068__C4-M1.npy
hmc,SN068,SN068,O2-M1,train,252300,/data/gen/tokens/hmc/SN068__O2-M1.npy
hmc,SN068,SN068,C3-M2,train,252300,/data/gen/tokens/hmc/SN068__C3-M2.npy
hmc,SN069,SN069,F4-M1,train,221100,/data/gen/tokens/hmc/SN069__F4-M1.npy
hmc,SN069,SN069,C4-M1,train,221100,/data/gen/tokens/hmc/SN069__C4-M1.npy
hmc,SN069,SN069,O2-M1,train,221100,/data/gen/tokens/hmc/SN069__O2-M1.npy
hmc,SN069,SN069,C3-M2,train,221100,/data/gen/tokens/hmc/SN069__C3-M2.npy
hmc,SN063,SN063,F4-M1,train,372000,/data/gen/tokens/hmc/SN063__F4-M1.npy
hmc,SN063,SN063,C4-M1,train,372000,/data/gen/tokens/hmc/SN063__C4-M1.npy
hmc,SN063,SN063,O2-M1,train,372000,/data/gen/tokens/hmc/SN063__O2-M1.npy
hmc,SN063,SN063,C3-M2,train,372000,/data/gen/tokens/hmc/SN063__C3-M2.npy
hmc,SN067,SN067,F4-M1,train,289800,/data/gen/tokens/hmc/SN067__F4-M1.npy
hmc,SN067,SN067,C4-M1,train,289800,/data/gen/tokens/hmc/SN067__C4-M1.npy
hmc,SN067,SN067,O2-M1,train,289800,/data/gen/tokens/hmc/SN067__O2-M1.npy
hmc,SN067,SN067,C3-M2,train,289800,/data/gen/tokens/hmc/SN067__C3-M2.npy
hmc,SN066,SN066,F4-M1,train,303000,/data/gen/tokens/hmc/SN066__F4-M1.npy
hmc,SN066,SN066,C4-M1,train,303000,/data/gen/tokens/hmc/SN066__C4-M1.npy
hmc,SN066,SN066,O2-M1,train,303000,/data/gen/tokens/hmc/SN066__O2-M1.npy
hmc,SN066,SN066,C3-M2,train,303000,/data/gen/tokens/hmc/SN066__C3-M2.npy
hmc,SN065,SN065,F4-M1,train,311700,/data/gen/tokens/hmc/SN065__F4-M1.npy
hmc,SN065,SN065,C4-M1,train,311700,/data/gen/tokens/hmc/SN065__C4-M1.npy
hmc,SN065,SN065,O2-M1,train,311700,/data/gen/tokens/hmc/SN065__O2-M1.npy
hmc,SN065,SN065,C3-M2,train,311700,/data/gen/tokens/hmc/SN065__C3-M2.npy
hmc,SN073,SN073,F4-M1,train,267300,/data/gen/tokens/hmc/SN073__F4-M1.npy
hmc,SN073,SN073,C4-M1,train,267300,/data/gen/tokens/hmc/SN073__C4-M1.npy
hmc,SN073,SN073,O2-M1,train,267300,/data/gen/tokens/hmc/SN073__O2-M1.npy
hmc,SN073,SN073,C3-M2,train,267300,/data/gen/tokens/hmc/SN073__C3-M2.npy
hmc,SN076,SN076,F4-M1,train,206100,/data/gen/tokens/hmc/SN076__F4-M1.npy
hmc,SN076,SN076,C4-M1,train,206100,/data/gen/tokens/hmc/SN076__C4-M1.npy
hmc,SN076,SN076,O2-M1,train,206100,/data/gen/tokens/hmc/SN076__O2-M1.npy
hmc,SN076,SN076,C3-M2,train,206100,/data/gen/tokens/hmc/SN076__C3-M2.npy
hmc,SN077,SN077,F4-M1,train,256200,/data/gen/tokens/hmc/SN077__F4-M1.npy
hmc,SN077,SN077,C4-M1,train,256200,/data/gen/tokens/hmc/SN077__C4-M1.npy
hmc,SN077,SN077,O2-M1,train,256200,/data/gen/tokens/hmc/SN077__O2-M1.npy
hmc,SN077,SN077,C3-M2,train,256200,/data/gen/tokens/hmc/SN077__C3-M2.npy
hmc,SN074,SN074,F4-M1,train,253500,/data/gen/tokens/hmc/SN074__F4-M1.npy
hmc,SN074,SN074,C4-M1,train,253500,/data/gen/tokens/hmc/SN074__C4-M1.npy
hmc,SN074,SN074,O2-M1,train,253500,/data/gen/tokens/hmc/SN074__O2-M1.npy
hmc,SN074,SN074,C3-M2,train,253500,/data/gen/tokens/hmc/SN074__C3-M2.npy
hmc,SN075,SN075,F4-M1,train,326700,/data/gen/tokens/hmc/SN075__F4-M1.npy
hmc,SN075,SN075,C4-M1,train,326700,/data/gen/tokens/hmc/SN075__C4-M1.npy
hmc,SN075,SN075,O2-M1,train,326700,/data/gen/tokens/hmc/SN075__O2-M1.npy
hmc,SN075,SN075,C3-M2,train,326700,/data/gen/tokens/hmc/SN075__C3-M2.npy
hmc,SN072,SN072,F4-M1,train,317400,/data/gen/tokens/hmc/SN072__F4-M1.npy
hmc,SN072,SN072,C4-M1,train,317400,/data/gen/tokens/hmc/SN072__C4-M1.npy
hmc,SN072,SN072,O2-M1,train,317400,/data/gen/tokens/hmc/SN072__O2-M1.npy
hmc,SN072,SN072,C3-M2,train,317400,/data/gen/tokens/hmc/SN072__C3-M2.npy
hmc,SN071,SN071,F4-M1,train,327000,/data/gen/tokens/hmc/SN071__F4-M1.npy
hmc,SN071,SN071,C4-M1,train,327000,/data/gen/tokens/hmc/SN071__C4-M1.npy
hmc,SN071,SN071,O2-M1,train,327000,/data/gen/tokens/hmc/SN071__O2-M1.npy
hmc,SN071,SN071,C3-M2,train,327000,/data/gen/tokens/hmc/SN071__C3-M2.npy
hmc,SN078,SN078,F4-M1,train,262200,/data/gen/tokens/hmc/SN078__F4-M1.npy
hmc,SN078,SN078,C4-M1,train,262200,/data/gen/tokens/hmc/SN078__C4-M1.npy
hmc,SN078,SN078,O2-M1,train,262200,/data/gen/tokens/hmc/SN078__O2-M1.npy
hmc,SN078,SN078,C3-M2,train,262200,/data/gen/tokens/hmc/SN078__C3-M2.npy
hmc,SN079,SN079,F4-M1,train,335100,/data/gen/tokens/hmc/SN079__F4-M1.npy
hmc,SN079,SN079,C4-M1,train,335100,/data/gen/tokens/hmc/SN079__C4-M1.npy
hmc,SN079,SN079,O2-M1,train,335100,/data/gen/tokens/hmc/SN079__O2-M1.npy
hmc,SN079,SN079,C3-M2,train,335100,/data/gen/tokens/hmc/SN079__C3-M2.npy
hmc,SN080,SN080,F4-M1,train,266700,/data/gen/tokens/hmc/SN080__F4-M1.npy
hmc,SN080,SN080,C4-M1,train,266700,/data/gen/tokens/hmc/SN080__C4-M1.npy
hmc,SN080,SN080,O2-M1,train,266700,/data/gen/tokens/hmc/SN080__O2-M1.npy
hmc,SN080,SN080,C3-M2,train,266700,/data/gen/tokens/hmc/SN080__C3-M2.npy
hmc,SN083,SN083,F4-M1,heldout,326100,/data/gen/tokens/hmc/SN083__F4-M1.npy
hmc,SN083,SN083,C4-M1,heldout,326100,/data/gen/tokens/hmc/SN083__C4-M1.npy
hmc,SN083,SN083,O2-M1,heldout,326100,/data/gen/tokens/hmc/SN083__O2-M1.npy
hmc,SN083,SN083,C3-M2,heldout,326100,/data/gen/tokens/hmc/SN083__C3-M2.npy
hmc,SN082,SN082,F4-M1,train,223500,/data/gen/tokens/hmc/SN082__F4-M1.npy
hmc,SN082,SN082,C4-M1,train,223500,/data/gen/tokens/hmc/SN082__C4-M1.npy
hmc,SN082,SN082,O2-M1,train,223500,/data/gen/tokens/hmc/SN082__O2-M1.npy
hmc,SN082,SN082,C3-M2,train,223500,/data/gen/tokens/hmc/SN082__C3-M2.npy
hmc,SN081,SN081,F4-M1,train,344400,/data/gen/tokens/hmc/SN081__F4-M1.npy
hmc,SN081,SN081,C4-M1,train,344400,/data/gen/tokens/hmc/SN081__C4-M1.npy
hmc,SN081,SN081,O2-M1,train,344400,/data/gen/tokens/hmc/SN081__O2-M1.npy
hmc,SN081,SN081,C3-M2,train,344400,/data/gen/tokens/hmc/SN081__C3-M2.npy
hmc,SN084,SN084,F4-M1,heldout,262800,/data/gen/tokens/hmc/SN084__F4-M1.npy
hmc,SN084,SN084,C4-M1,heldout,262800,/data/gen/tokens/hmc/SN084__C4-M1.npy
hmc,SN084,SN084,O2-M1,heldout,262800,/data/gen/tokens/hmc/SN084__O2-M1.npy
hmc,SN084,SN084,C3-M2,heldout,262800,/data/gen/tokens/hmc/SN084__C3-M2.npy
hmc,SN086,SN086,F4-M1,train,209100,/data/gen/tokens/hmc/SN086__F4-M1.npy
hmc,SN086,SN086,C4-M1,train,209100,/data/gen/tokens/hmc/SN086__C4-M1.npy
hmc,SN086,SN086,O2-M1,train,209100,/data/gen/tokens/hmc/SN086__O2-M1.npy
hmc,SN086,SN086,C3-M2,train,209100,/data/gen/tokens/hmc/SN086__C3-M2.npy
hmc,SN090,SN090,F4-M1,train,272100,/data/gen/tokens/hmc/SN090__F4-M1.npy
hmc,SN090,SN090,C4-M1,train,272100,/data/gen/tokens/hmc/SN090__C4-M1.npy
hmc,SN090,SN090,O2-M1,train,272100,/data/gen/tokens/hmc/SN090__O2-M1.npy
hmc,SN090,SN090,C3-M2,train,272100,/data/gen/tokens/hmc/SN090__C3-M2.npy
hmc,SN085,SN085,F4-M1,train,301800,/data/gen/tokens/hmc/SN085__F4-M1.npy
hmc,SN085,SN085,C4-M1,train,301800,/data/gen/tokens/hmc/SN085__C4-M1.npy
hmc,SN085,SN085,O2-M1,train,301800,/data/gen/tokens/hmc/SN085__O2-M1.npy
hmc,SN085,SN085,C3-M2,train,301800,/data/gen/tokens/hmc/SN085__C3-M2.npy
hmc,SN088,SN088,F4-M1,train,301800,/data/gen/tokens/hmc/SN088__F4-M1.npy
hmc,SN088,SN088,C4-M1,train,301800,/data/gen/tokens/hmc/SN088__C4-M1.npy
hmc,SN088,SN088,O2-M1,train,301800,/data/gen/tokens/hmc/SN088__O2-M1.npy
hmc,SN088,SN088,C3-M2,train,301800,/data/gen/tokens/hmc/SN088__C3-M2.npy
hmc,SN087,SN087,F4-M1,train,250500,/data/gen/tokens/hmc/SN087__F4-M1.npy
hmc,SN087,SN087,C4-M1,train,250500,/data/gen/tokens/hmc/SN087__C4-M1.npy
hmc,SN087,SN087,O2-M1,train,250500,/data/gen/tokens/hmc/SN087__O2-M1.npy
hmc,SN087,SN087,C3-M2,train,250500,/data/gen/tokens/hmc/SN087__C3-M2.npy
hmc,SN091,SN091,F4-M1,train,225600,/data/gen/tokens/hmc/SN091__F4-M1.npy
hmc,SN091,SN091,C4-M1,train,225600,/data/gen/tokens/hmc/SN091__C4-M1.npy
hmc,SN091,SN091,O2-M1,train,225600,/data/gen/tokens/hmc/SN091__O2-M1.npy
hmc,SN091,SN091,C3-M2,train,225600,/data/gen/tokens/hmc/SN091__C3-M2.npy
hmc,SN092,SN092,F4-M1,train,308700,/data/gen/tokens/hmc/SN092__F4-M1.npy
hmc,SN092,SN092,C4-M1,train,308700,/data/gen/tokens/hmc/SN092__C4-M1.npy
hmc,SN092,SN092,O2-M1,train,308700,/data/gen/tokens/hmc/SN092__O2-M1.npy
hmc,SN092,SN092,C3-M2,train,308700,/data/gen/tokens/hmc/SN092__C3-M2.npy
hmc,SN089,SN089,F4-M1,train,241800,/data/gen/tokens/hmc/SN089__F4-M1.npy
hmc,SN089,SN089,C4-M1,train,241800,/data/gen/tokens/hmc/SN089__C4-M1.npy
hmc,SN089,SN089,O2-M1,train,241800,/data/gen/tokens/hmc/SN089__O2-M1.npy
hmc,SN089,SN089,C3-M2,train,241800,/data/gen/tokens/hmc/SN089__C3-M2.npy
hmc,SN093,SN093,F4-M1,train,233400,/data/gen/tokens/hmc/SN093__F4-M1.npy
hmc,SN093,SN093,C4-M1,train,233400,/data/gen/tokens/hmc/SN093__C4-M1.npy
hmc,SN093,SN093,O2-M1,train,233400,/data/gen/tokens/hmc/SN093__O2-M1.npy
hmc,SN093,SN093,C3-M2,train,233400,/data/gen/tokens/hmc/SN093__C3-M2.npy
hmc,SN096,SN096,F4-M1,train,214800,/data/gen/tokens/hmc/SN096__F4-M1.npy
hmc,SN096,SN096,C4-M1,train,214800,/data/gen/tokens/hmc/SN096__C4-M1.npy
hmc,SN096,SN096,O2-M1,train,214800,/data/gen/tokens/hmc/SN096__O2-M1.npy
hmc,SN096,SN096,C3-M2,train,214800,/data/gen/tokens/hmc/SN096__C3-M2.npy
hmc,SN098,SN098,F4-M1,train,262500,/data/gen/tokens/hmc/SN098__F4-M1.npy
hmc,SN098,SN098,C4-M1,train,262500,/data/gen/tokens/hmc/SN098__C4-M1.npy
hmc,SN098,SN098,O2-M1,train,262500,/data/gen/tokens/hmc/SN098__O2-M1.npy
hmc,SN098,SN098,C3-M2,train,262500,/data/gen/tokens/hmc/SN098__C3-M2.npy
hmc,SN099,SN099,F4-M1,train,254100,/data/gen/tokens/hmc/SN099__F4-M1.npy
hmc,SN099,SN099,C4-M1,train,254100,/data/gen/tokens/hmc/SN099__C4-M1.npy
hmc,SN099,SN099,O2-M1,train,254100,/data/gen/tokens/hmc/SN099__O2-M1.npy
hmc,SN099,SN099,C3-M2,train,254100,/data/gen/tokens/hmc/SN099__C3-M2.npy
hmc,SN100,SN100,F4-M1,heldout,271500,/data/gen/tokens/hmc/SN100__F4-M1.npy
hmc,SN100,SN100,C4-M1,heldout,271500,/data/gen/tokens/hmc/SN100__C4-M1.npy
hmc,SN100,SN100,O2-M1,heldout,271500,/data/gen/tokens/hmc/SN100__O2-M1.npy
hmc,SN100,SN100,C3-M2,heldout,271500,/data/gen/tokens/hmc/SN100__C3-M2.npy
hmc,SN094,SN094,F4-M1,train,315000,/data/gen/tokens/hmc/SN094__F4-M1.npy
hmc,SN094,SN094,C4-M1,train,315000,/data/gen/tokens/hmc/SN094__C4-M1.npy
hmc,SN094,SN094,O2-M1,train,315000,/data/gen/tokens/hmc/SN094__O2-M1.npy
hmc,SN094,SN094,C3-M2,train,315000,/data/gen/tokens/hmc/SN094__C3-M2.npy
hmc,SN095,SN095,F4-M1,train,258600,/data/gen/tokens/hmc/SN095__F4-M1.npy
hmc,SN095,SN095,C4-M1,train,258600,/data/gen/tokens/hmc/SN095__C4-M1.npy
hmc,SN095,SN095,O2-M1,train,258600,/data/gen/tokens/hmc/SN095__O2-M1.npy
hmc,SN095,SN095,C3-M2,train,258600,/data/gen/tokens/hmc/SN095__C3-M2.npy
hmc,SN097,SN097,F4-M1,train,315000,/data/gen/tokens/hmc/SN097__F4-M1.npy
hmc,SN097,SN097,C4-M1,train,315000,/data/gen/tokens/hmc/SN097__C4-M1.npy
hmc,SN097,SN097,O2-M1,train,315000,/data/gen/tokens/hmc/SN097__O2-M1.npy
hmc,SN097,SN097,C3-M2,train,315000,/data/gen/tokens/hmc/SN097__C3-M2.npy
hmc,SN101,SN101,F4-M1,heldout,275700,/data/gen/tokens/hmc/SN101__F4-M1.npy
hmc,SN101,SN101,C4-M1,heldout,275700,/data/gen/tokens/hmc/SN101__C4-M1.npy
hmc,SN101,SN101,O2-M1,heldout,275700,/data/gen/tokens/hmc/SN101__O2-M1.npy
hmc,SN101,SN101,C3-M2,heldout,275700,/data/gen/tokens/hmc/SN101__C3-M2.npy
hmc,SN102,SN102,F4-M1,train,252000,/data/gen/tokens/hmc/SN102__F4-M1.npy
hmc,SN102,SN102,C4-M1,train,252000,/data/gen/tokens/hmc/SN102__C4-M1.npy
hmc,SN102,SN102,O2-M1,train,252000,/data/gen/tokens/hmc/SN102__O2-M1.npy
hmc,SN102,SN102,C3-M2,train,252000,/data/gen/tokens/hmc/SN102__C3-M2.npy
hmc,SN103,SN103,F4-M1,train,295200,/data/gen/tokens/hmc/SN103__F4-M1.npy
hmc,SN103,SN103,C4-M1,train,295200,/data/gen/tokens/hmc/SN103__C4-M1.npy
hmc,SN103,SN103,O2-M1,train,295200,/data/gen/tokens/hmc/SN103__O2-M1.npy
hmc,SN103,SN103,C3-M2,train,295200,/data/gen/tokens/hmc/SN103__C3-M2.npy
hmc,SN104,SN104,F4-M1,train,302100,/data/gen/tokens/hmc/SN104__F4-M1.npy
hmc,SN104,SN104,C4-M1,train,302100,/data/gen/tokens/hmc/SN104__C4-M1.npy
hmc,SN104,SN104,O2-M1,train,302100,/data/gen/tokens/hmc/SN104__O2-M1.npy
hmc,SN104,SN104,C3-M2,train,302100,/data/gen/tokens/hmc/SN104__C3-M2.npy
hmc,SN106,SN106,F4-M1,heldout,202500,/data/gen/tokens/hmc/SN106__F4-M1.npy
hmc,SN106,SN106,C4-M1,heldout,202500,/data/gen/tokens/hmc/SN106__C4-M1.npy
hmc,SN106,SN106,O2-M1,heldout,202500,/data/gen/tokens/hmc/SN106__O2-M1.npy
hmc,SN106,SN106,C3-M2,heldout,202500,/data/gen/tokens/hmc/SN106__C3-M2.npy
hmc,SN105,SN105,F4-M1,train,251400,/data/gen/tokens/hmc/SN105__F4-M1.npy
hmc,SN105,SN105,C4-M1,train,251400,/data/gen/tokens/hmc/SN105__C4-M1.npy
hmc,SN105,SN105,O2-M1,train,251400,/data/gen/tokens/hmc/SN105__O2-M1.npy
hmc,SN105,SN105,C3-M2,train,251400,/data/gen/tokens/hmc/SN105__C3-M2.npy
hmc,SN107,SN107,F4-M1,train,225900,/data/gen/tokens/hmc/SN107__F4-M1.npy
hmc,SN107,SN107,C4-M1,train,225900,/data/gen/tokens/hmc/SN107__C4-M1.npy
hmc,SN107,SN107,O2-M1,train,225900,/data/gen/tokens/hmc/SN107__O2-M1.npy
hmc,SN107,SN107,C3-M2,train,225900,/data/gen/tokens/hmc/SN107__C3-M2.npy
hmc,SN108,SN108,F4-M1,train,264600,/data/gen/tokens/hmc/SN108__F4-M1.npy
hmc,SN108,SN108,C4-M1,train,264600,/data/gen/tokens/hmc/SN108__C4-M1.npy
hmc,SN108,SN108,O2-M1,train,264600,/data/gen/tokens/hmc/SN108__O2-M1.npy
hmc,SN108,SN108,C3-M2,train,264600,/data/gen/tokens/hmc/SN108__C3-M2.npy
hmc,SN112,SN112,F4-M1,train,254400,/data/gen/tokens/hmc/SN112__F4-M1.npy
hmc,SN112,SN112,C4-M1,train,254400,/data/gen/tokens/hmc/SN112__C4-M1.npy
hmc,SN112,SN112,O2-M1,train,254400,/data/gen/tokens/hmc/SN112__O2-M1.npy
hmc,SN112,SN112,C3-M2,train,254400,/data/gen/tokens/hmc/SN112__C3-M2.npy
hmc,SN113,SN113,F4-M1,train,267600,/data/gen/tokens/hmc/SN113__F4-M1.npy
hmc,SN113,SN113,C4-M1,train,267600,/data/gen/tokens/hmc/SN113__C4-M1.npy
hmc,SN113,SN113,O2-M1,train,267600,/data/gen/tokens/hmc/SN113__O2-M1.npy
hmc,SN113,SN113,C3-M2,train,267600,/data/gen/tokens/hmc/SN113__C3-M2.npy
hmc,SN109,SN109,F4-M1,train,234900,/data/gen/tokens/hmc/SN109__F4-M1.npy
hmc,SN109,SN109,C4-M1,train,234900,/data/gen/tokens/hmc/SN109__C4-M1.npy
hmc,SN109,SN109,O2-M1,train,234900,/data/gen/tokens/hmc/SN109__O2-M1.npy
hmc,SN109,SN109,C3-M2,train,234900,/data/gen/tokens/hmc/SN109__C3-M2.npy
hmc,SN115,SN115,F4-M1,train,257100,/data/gen/tokens/hmc/SN115__F4-M1.npy
hmc,SN115,SN115,C4-M1,train,257100,/data/gen/tokens/hmc/SN115__C4-M1.npy
hmc,SN115,SN115,O2-M1,train,257100,/data/gen/tokens/hmc/SN115__O2-M1.npy
hmc,SN115,SN115,C3-M2,train,257100,/data/gen/tokens/hmc/SN115__C3-M2.npy
hmc,SN111,SN111,F4-M1,train,323100,/data/gen/tokens/hmc/SN111__F4-M1.npy
hmc,SN111,SN111,C4-M1,train,323100,/data/gen/tokens/hmc/SN111__C4-M1.npy
hmc,SN111,SN111,O2-M1,train,323100,/data/gen/tokens/hmc/SN111__O2-M1.npy
hmc,SN111,SN111,C3-M2,train,323100,/data/gen/tokens/hmc/SN111__C3-M2.npy
hmc,SN116,SN116,F4-M1,train,239100,/data/gen/tokens/hmc/SN116__F4-M1.npy
hmc,SN116,SN116,C4-M1,train,239100,/data/gen/tokens/hmc/SN116__C4-M1.npy
hmc,SN116,SN116,O2-M1,train,239100,/data/gen/tokens/hmc/SN116__O2-M1.npy
hmc,SN116,SN116,C3-M2,train,239100,/data/gen/tokens/hmc/SN116__C3-M2.npy
hmc,SN114,SN114,F4-M1,train,182700,/data/gen/tokens/hmc/SN114__F4-M1.npy
hmc,SN114,SN114,C4-M1,train,182700,/data/gen/tokens/hmc/SN114__C4-M1.npy
hmc,SN114,SN114,O2-M1,train,182700,/data/gen/tokens/hmc/SN114__O2-M1.npy
hmc,SN114,SN114,C3-M2,train,182700,/data/gen/tokens/hmc/SN114__C3-M2.npy
hmc,SN110,SN110,F4-M1,train,288300,/data/gen/tokens/hmc/SN110__F4-M1.npy
hmc,SN110,SN110,C4-M1,train,288300,/data/gen/tokens/hmc/SN110__C4-M1.npy
hmc,SN110,SN110,O2-M1,train,288300,/data/gen/tokens/hmc/SN110__O2-M1.npy
hmc,SN110,SN110,C3-M2,train,288300,/data/gen/tokens/hmc/SN110__C3-M2.npy
hmc,SN117,SN117,F4-M1,heldout,228300,/data/gen/tokens/hmc/SN117__F4-M1.npy
hmc,SN117,SN117,C4-M1,heldout,228300,/data/gen/tokens/hmc/SN117__C4-M1.npy
hmc,SN117,SN117,O2-M1,heldout,228300,/data/gen/tokens/hmc/SN117__O2-M1.npy
hmc,SN117,SN117,C3-M2,heldout,228300,/data/gen/tokens/hmc/SN117__C3-M2.npy
hmc,SN119,SN119,F4-M1,train,274800,/data/gen/tokens/hmc/SN119__F4-M1.npy
hmc,SN119,SN119,C4-M1,train,274800,/data/gen/tokens/hmc/SN119__C4-M1.npy
hmc,SN119,SN119,O2-M1,train,274800,/data/gen/tokens/hmc/SN119__O2-M1.npy
hmc,SN119,SN119,C3-M2,train,274800,/data/gen/tokens/hmc/SN119__C3-M2.npy
hmc,SN120,SN120,F4-M1,train,243900,/data/gen/tokens/hmc/SN120__F4-M1.npy
hmc,SN120,SN120,C4-M1,train,243900,/data/gen/tokens/hmc/SN120__C4-M1.npy
hmc,SN120,SN120,O2-M1,train,243900,/data/gen/tokens/hmc/SN120__O2-M1.npy
hmc,SN120,SN120,C3-M2,train,243900,/data/gen/tokens/hmc/SN120__C3-M2.npy
hmc,SN121,SN121,F4-M1,train,325200,/data/gen/tokens/hmc/SN121__F4-M1.npy
hmc,SN121,SN121,C4-M1,train,325200,/data/gen/tokens/hmc/SN121__C4-M1.npy
hmc,SN121,SN121,O2-M1,train,325200,/data/gen/tokens/hmc/SN121__O2-M1.npy
hmc,SN121,SN121,C3-M2,train,325200,/data/gen/tokens/hmc/SN121__C3-M2.npy
hmc,SN118,SN118,F4-M1,train,298800,/data/gen/tokens/hmc/SN118__F4-M1.npy
hmc,SN118,SN118,C4-M1,train,298800,/data/gen/tokens/hmc/SN118__C4-M1.npy
hmc,SN118,SN118,O2-M1,train,298800,/data/gen/tokens/hmc/SN118__O2-M1.npy
hmc,SN118,SN118,C3-M2,train,298800,/data/gen/tokens/hmc/SN118__C3-M2.npy
hmc,SN123,SN123,F4-M1,train,224700,/data/gen/tokens/hmc/SN123__F4-M1.npy
hmc,SN123,SN123,C4-M1,train,224700,/data/gen/tokens/hmc/SN123__C4-M1.npy
hmc,SN123,SN123,O2-M1,train,224700,/data/gen/tokens/hmc/SN123__O2-M1.npy
hmc,SN123,SN123,C3-M2,train,224700,/data/gen/tokens/hmc/SN123__C3-M2.npy
hmc,SN122,SN122,F4-M1,heldout,253500,/data/gen/tokens/hmc/SN122__F4-M1.npy
hmc,SN122,SN122,C4-M1,heldout,253500,/data/gen/tokens/hmc/SN122__C4-M1.npy
hmc,SN122,SN122,O2-M1,heldout,253500,/data/gen/tokens/hmc/SN122__O2-M1.npy
hmc,SN122,SN122,C3-M2,heldout,253500,/data/gen/tokens/hmc/SN122__C3-M2.npy
hmc,SN125,SN125,F4-M1,train,360600,/data/gen/tokens/hmc/SN125__F4-M1.npy
hmc,SN125,SN125,C4-M1,train,360600,/data/gen/tokens/hmc/SN125__C4-M1.npy
hmc,SN125,SN125,O2-M1,train,360600,/data/gen/tokens/hmc/SN125__O2-M1.npy
hmc,SN125,SN125,C3-M2,train,360600,/data/gen/tokens/hmc/SN125__C3-M2.npy
hmc,SN126,SN126,F4-M1,train,239700,/data/gen/tokens/hmc/SN126__F4-M1.npy
hmc,SN126,SN126,C4-M1,train,239700,/data/gen/tokens/hmc/SN126__C4-M1.npy
hmc,SN126,SN126,O2-M1,train,239700,/data/gen/tokens/hmc/SN126__O2-M1.npy
hmc,SN126,SN126,C3-M2,train,239700,/data/gen/tokens/hmc/SN126__C3-M2.npy
hmc,SN124,SN124,F4-M1,train,310800,/data/gen/tokens/hmc/SN124__F4-M1.npy
hmc,SN124,SN124,C4-M1,train,310800,/data/gen/tokens/hmc/SN124__C4-M1.npy
hmc,SN124,SN124,O2-M1,train,310800,/data/gen/tokens/hmc/SN124__O2-M1.npy
hmc,SN124,SN124,C3-M2,train,310800,/data/gen/tokens/hmc/SN124__C3-M2.npy
hmc,SN130,SN130,F4-M1,train,154200,/data/gen/tokens/hmc/SN130__F4-M1.npy
hmc,SN130,SN130,C4-M1,train,154200,/data/gen/tokens/hmc/SN130__C4-M1.npy
hmc,SN130,SN130,O2-M1,train,154200,/data/gen/tokens/hmc/SN130__O2-M1.npy
hmc,SN130,SN130,C3-M2,train,154200,/data/gen/tokens/hmc/SN130__C3-M2.npy
hmc,SN127,SN127,F4-M1,train,288300,/data/gen/tokens/hmc/SN127__F4-M1.npy
hmc,SN127,SN127,C4-M1,train,288300,/data/gen/tokens/hmc/SN127__C4-M1.npy
hmc,SN127,SN127,O2-M1,train,288300,/data/gen/tokens/hmc/SN127__O2-M1.npy
hmc,SN127,SN127,C3-M2,train,288300,/data/gen/tokens/hmc/SN127__C3-M2.npy
hmc,SN131,SN131,F4-M1,train,288300,/data/gen/tokens/hmc/SN131__F4-M1.npy
hmc,SN131,SN131,C4-M1,train,288300,/data/gen/tokens/hmc/SN131__C4-M1.npy
hmc,SN131,SN131,O2-M1,train,288300,/data/gen/tokens/hmc/SN131__O2-M1.npy
hmc,SN131,SN131,C3-M2,train,288300,/data/gen/tokens/hmc/SN131__C3-M2.npy
hmc,SN128,SN128,F4-M1,train,277800,/data/gen/tokens/hmc/SN128__F4-M1.npy
hmc,SN128,SN128,C4-M1,train,277800,/data/gen/tokens/hmc/SN128__C4-M1.npy
hmc,SN128,SN128,O2-M1,train,277800,/data/gen/tokens/hmc/SN128__O2-M1.npy
hmc,SN128,SN128,C3-M2,train,277800,/data/gen/tokens/hmc/SN128__C3-M2.npy
hmc,SN129,SN129,F4-M1,train,259200,/data/gen/tokens/hmc/SN129__F4-M1.npy
hmc,SN129,SN129,C4-M1,train,259200,/data/gen/tokens/hmc/SN129__C4-M1.npy
hmc,SN129,SN129,O2-M1,train,259200,/data/gen/tokens/hmc/SN129__O2-M1.npy
hmc,SN129,SN129,C3-M2,train,259200,/data/gen/tokens/hmc/SN129__C3-M2.npy
hmc,SN136,SN136,F4-M1,train,208800,/data/gen/tokens/hmc/SN136__F4-M1.npy
hmc,SN136,SN136,C4-M1,train,208800,/data/gen/tokens/hmc/SN136__C4-M1.npy
hmc,SN136,SN136,O2-M1,train,208800,/data/gen/tokens/hmc/SN136__O2-M1.npy
hmc,SN136,SN136,C3-M2,train,208800,/data/gen/tokens/hmc/SN136__C3-M2.npy
hmc,SN133,SN133,F4-M1,train,298500,/data/gen/tokens/hmc/SN133__F4-M1.npy
hmc,SN133,SN133,C4-M1,train,298500,/data/gen/tokens/hmc/SN133__C4-M1.npy
hmc,SN133,SN133,O2-M1,train,298500,/data/gen/tokens/hmc/SN133__O2-M1.npy
hmc,SN133,SN133,C3-M2,train,298500,/data/gen/tokens/hmc/SN133__C3-M2.npy
hmc,SN132,SN132,F4-M1,train,305700,/data/gen/tokens/hmc/SN132__F4-M1.npy
hmc,SN132,SN132,C4-M1,train,305700,/data/gen/tokens/hmc/SN132__C4-M1.npy
hmc,SN132,SN132,O2-M1,train,305700,/data/gen/tokens/hmc/SN132__O2-M1.npy
hmc,SN132,SN132,C3-M2,train,305700,/data/gen/tokens/hmc/SN132__C3-M2.npy
hmc,SN139,SN139,F4-M1,train,219600,/data/gen/tokens/hmc/SN139__F4-M1.npy
hmc,SN139,SN139,C4-M1,train,219600,/data/gen/tokens/hmc/SN139__C4-M1.npy
hmc,SN139,SN139,O2-M1,train,219600,/data/gen/tokens/hmc/SN139__O2-M1.npy
hmc,SN139,SN139,C3-M2,train,219600,/data/gen/tokens/hmc/SN139__C3-M2.npy
hmc,SN138,SN138,F4-M1,train,336000,/data/gen/tokens/hmc/SN138__F4-M1.npy
hmc,SN138,SN138,C4-M1,train,336000,/data/gen/tokens/hmc/SN138__C4-M1.npy
hmc,SN138,SN138,O2-M1,train,336000,/data/gen/tokens/hmc/SN138__O2-M1.npy
hmc,SN138,SN138,C3-M2,train,336000,/data/gen/tokens/hmc/SN138__C3-M2.npy
hmc,SN137,SN137,F4-M1,train,320700,/data/gen/tokens/hmc/SN137__F4-M1.npy
hmc,SN137,SN137,C4-M1,train,320700,/data/gen/tokens/hmc/SN137__C4-M1.npy
hmc,SN137,SN137,O2-M1,train,320700,/data/gen/tokens/hmc/SN137__O2-M1.npy
hmc,SN137,SN137,C3-M2,train,320700,/data/gen/tokens/hmc/SN137__C3-M2.npy
hmc,SN134,SN134,F4-M1,train,353700,/data/gen/tokens/hmc/SN134__F4-M1.npy
hmc,SN134,SN134,C4-M1,train,353700,/data/gen/tokens/hmc/SN134__C4-M1.npy
hmc,SN134,SN134,O2-M1,train,353700,/data/gen/tokens/hmc/SN134__O2-M1.npy
hmc,SN134,SN134,C3-M2,train,353700,/data/gen/tokens/hmc/SN134__C3-M2.npy
hmc,SN142,SN142,F4-M1,train,272400,/data/gen/tokens/hmc/SN142__F4-M1.npy
hmc,SN142,SN142,C4-M1,train,272400,/data/gen/tokens/hmc/SN142__C4-M1.npy
hmc,SN142,SN142,O2-M1,train,272400,/data/gen/tokens/hmc/SN142__O2-M1.npy
hmc,SN142,SN142,C3-M2,train,272400,/data/gen/tokens/hmc/SN142__C3-M2.npy
hmc,SN140,SN140,F4-M1,train,393300,/data/gen/tokens/hmc/SN140__F4-M1.npy
hmc,SN140,SN140,C4-M1,train,393300,/data/gen/tokens/hmc/SN140__C4-M1.npy
hmc,SN140,SN140,O2-M1,train,393300,/data/gen/tokens/hmc/SN140__O2-M1.npy
hmc,SN140,SN140,C3-M2,train,393300,/data/gen/tokens/hmc/SN140__C3-M2.npy
hmc,SN143,SN143,F4-M1,train,282600,/data/gen/tokens/hmc/SN143__F4-M1.npy
hmc,SN143,SN143,C4-M1,train,282600,/data/gen/tokens/hmc/SN143__C4-M1.npy
hmc,SN143,SN143,O2-M1,train,282600,/data/gen/tokens/hmc/SN143__O2-M1.npy
hmc,SN143,SN143,C3-M2,train,282600,/data/gen/tokens/hmc/SN143__C3-M2.npy
hmc,SN145,SN145,F4-M1,train,235500,/data/gen/tokens/hmc/SN145__F4-M1.npy
hmc,SN145,SN145,C4-M1,train,235500,/data/gen/tokens/hmc/SN145__C4-M1.npy
hmc,SN145,SN145,O2-M1,train,235500,/data/gen/tokens/hmc/SN145__O2-M1.npy
hmc,SN145,SN145,C3-M2,train,235500,/data/gen/tokens/hmc/SN145__C3-M2.npy
hmc,SN144,SN144,F4-M1,train,237900,/data/gen/tokens/hmc/SN144__F4-M1.npy
hmc,SN144,SN144,C4-M1,train,237900,/data/gen/tokens/hmc/SN144__C4-M1.npy
hmc,SN144,SN144,O2-M1,train,237900,/data/gen/tokens/hmc/SN144__O2-M1.npy
hmc,SN144,SN144,C3-M2,train,237900,/data/gen/tokens/hmc/SN144__C3-M2.npy
hmc,SN141,SN141,F4-M1,train,319500,/data/gen/tokens/hmc/SN141__F4-M1.npy
hmc,SN141,SN141,C4-M1,train,319500,/data/gen/tokens/hmc/SN141__C4-M1.npy
hmc,SN141,SN141,O2-M1,train,319500,/data/gen/tokens/hmc/SN141__O2-M1.npy
hmc,SN141,SN141,C3-M2,train,319500,/data/gen/tokens/hmc/SN141__C3-M2.npy
hmc,SN147,SN147,F4-M1,train,271200,/data/gen/tokens/hmc/SN147__F4-M1.npy
hmc,SN147,SN147,C4-M1,train,271200,/data/gen/tokens/hmc/SN147__C4-M1.npy
hmc,SN147,SN147,O2-M1,train,271200,/data/gen/tokens/hmc/SN147__O2-M1.npy
hmc,SN147,SN147,C3-M2,train,271200,/data/gen/tokens/hmc/SN147__C3-M2.npy
hmc,SN146,SN146,F4-M1,train,306600,/data/gen/tokens/hmc/SN146__F4-M1.npy
hmc,SN146,SN146,C4-M1,train,306600,/data/gen/tokens/hmc/SN146__C4-M1.npy
hmc,SN146,SN146,O2-M1,train,306600,/data/gen/tokens/hmc/SN146__O2-M1.npy
hmc,SN146,SN146,C3-M2,train,306600,/data/gen/tokens/hmc/SN146__C3-M2.npy
hmc,SN150,SN150,F4-M1,train,176700,/data/gen/tokens/hmc/SN150__F4-M1.npy
hmc,SN150,SN150,C4-M1,train,176700,/data/gen/tokens/hmc/SN150__C4-M1.npy
hmc,SN150,SN150,O2-M1,train,176700,/data/gen/tokens/hmc/SN150__O2-M1.npy
hmc,SN150,SN150,C3-M2,train,176700,/data/gen/tokens/hmc/SN150__C3-M2.npy
hmc,SN149,SN149,F4-M1,train,258900,/data/gen/tokens/hmc/SN149__F4-M1.npy
hmc,SN149,SN149,C4-M1,train,258900,/data/gen/tokens/hmc/SN149__C4-M1.npy
hmc,SN149,SN149,O2-M1,train,258900,/data/gen/tokens/hmc/SN149__O2-M1.npy
hmc,SN149,SN149,C3-M2,train,258900,/data/gen/tokens/hmc/SN149__C3-M2.npy
hmc,SN148,SN148,F4-M1,train,259800,/data/gen/tokens/hmc/SN148__F4-M1.npy
hmc,SN148,SN148,C4-M1,train,259800,/data/gen/tokens/hmc/SN148__C4-M1.npy
hmc,SN148,SN148,O2-M1,train,259800,/data/gen/tokens/hmc/SN148__O2-M1.npy
hmc,SN148,SN148,C3-M2,train,259800,/data/gen/tokens/hmc/SN148__C3-M2.npy
hmc,SN151,SN151,F4-M1,heldout,253200,/data/gen/tokens/hmc/SN151__F4-M1.npy
hmc,SN151,SN151,C4-M1,heldout,253200,/data/gen/tokens/hmc/SN151__C4-M1.npy
hmc,SN151,SN151,O2-M1,heldout,253200,/data/gen/tokens/hmc/SN151__O2-M1.npy
hmc,SN151,SN151,C3-M2,heldout,253200,/data/gen/tokens/hmc/SN151__C3-M2.npy
hmc,SN153,SN153,F4-M1,heldout,270600,/data/gen/tokens/hmc/SN153__F4-M1.npy
hmc,SN153,SN153,C4-M1,heldout,270600,/data/gen/tokens/hmc/SN153__C4-M1.npy
hmc,SN153,SN153,O2-M1,heldout,270600,/data/gen/tokens/hmc/SN153__O2-M1.npy
hmc,SN153,SN153,C3-M2,heldout,270600,/data/gen/tokens/hmc/SN153__C3-M2.npy
hmc,SN154,SN154,F4-M1,train,300900,/data/gen/tokens/hmc/SN154__F4-M1.npy
hmc,SN154,SN154,C4-M1,train,300900,/data/gen/tokens/hmc/SN154__C4-M1.npy
hmc,SN154,SN154,O2-M1,train,300900,/data/gen/tokens/hmc/SN154__O2-M1.npy
hmc,SN154,SN154,C3-M2,train,300900,/data/gen/tokens/hmc/SN154__C3-M2.npy
hmc,SN152,SN152,F4-M1,train,299700,/data/gen/tokens/hmc/SN152__F4-M1.npy
hmc,SN152,SN152,C4-M1,train,299700,/data/gen/tokens/hmc/SN152__C4-M1.npy
hmc,SN152,SN152,O2-M1,train,299700,/data/gen/tokens/hmc/SN152__O2-M1.npy
hmc,SN152,SN152,C3-M2,train,299700,/data/gen/tokens/hmc/SN152__C3-M2.npy
sleepedf,SC4011,SC401,Fpz-Cz,heldout,330900,/data/gen/tokens/sleepedf/SC4011__Fpz-Cz.npy
sleepedf,SC4011,SC401,Pz-Oz,heldout,330900,/data/gen/tokens/sleepedf/SC4011__Pz-Oz.npy
sleepedf,SC4031,SC403,Fpz-Cz,train,285600,/data/gen/tokens/sleepedf/SC4031__Fpz-Cz.npy
sleepedf,SC4031,SC403,Pz-Oz,train,285600,/data/gen/tokens/sleepedf/SC4031__Pz-Oz.npy
sleepedf,SC4022,SC402,Fpz-Cz,train,303000,/data/gen/tokens/sleepedf/SC4022__Fpz-Cz.npy
sleepedf,SC4022,SC402,Pz-Oz,train,303000,/data/gen/tokens/sleepedf/SC4022__Pz-Oz.npy
sleepedf,SC4021,SC402,Fpz-Cz,train,307500,/data/gen/tokens/sleepedf/SC4021__Fpz-Cz.npy
sleepedf,SC4021,SC402,Pz-Oz,train,307500,/data/gen/tokens/sleepedf/SC4021__Pz-Oz.npy
sleepedf,SC4001,SC400,Fpz-Cz,train,252300,/data/gen/tokens/sleepedf/SC4001__Fpz-Cz.npy
sleepedf,SC4001,SC400,Pz-Oz,train,252300,/data/gen/tokens/sleepedf/SC4001__Pz-Oz.npy
sleepedf,SC4002,SC400,Fpz-Cz,train,338400,/data/gen/tokens/sleepedf/SC4002__Fpz-Cz.npy
sleepedf,SC4002,SC400,Pz-Oz,train,338400,/data/gen/tokens/sleepedf/SC4002__Pz-Oz.npy
sleepedf,SC4012,SC401,Fpz-Cz,heldout,355800,/data/gen/tokens/sleepedf/SC4012__Fpz-Cz.npy
sleepedf,SC4012,SC401,Pz-Oz,heldout,355800,/data/gen/tokens/sleepedf/SC4012__Pz-Oz.npy
sleepedf,SC4051,SC405,Fpz-Cz,train,201600,/data/gen/tokens/sleepedf/SC4051__Fpz-Cz.npy
sleepedf,SC4051,SC405,Pz-Oz,train,201600,/data/gen/tokens/sleepedf/SC4051__Pz-Oz.npy
sleepedf,SC4032,SC403,Fpz-Cz,train,273300,/data/gen/tokens/sleepedf/SC4032__Fpz-Cz.npy
sleepedf,SC4032,SC403,Pz-Oz,train,273300,/data/gen/tokens/sleepedf/SC4032__Pz-Oz.npy
sleepedf,SC4041,SC404,Fpz-Cz,train,370800,/data/gen/tokens/sleepedf/SC4041__Fpz-Cz.npy
sleepedf,SC4041,SC404,Pz-Oz,train,370800,/data/gen/tokens/sleepedf/SC4041__Pz-Oz.npy
sleepedf,SC4042,SC404,Fpz-Cz,train,361200,/data/gen/tokens/sleepedf/SC4042__Fpz-Cz.npy
sleepedf,SC4042,SC404,Pz-Oz,train,361200,/data/gen/tokens/sleepedf/SC4042__Pz-Oz.npy
sleepedf,SC4072,SC407,Fpz-Cz,train,381900,/data/gen/tokens/sleepedf/SC4072__Fpz-Cz.npy
sleepedf,SC4072,SC407,Pz-Oz,train,381900,/data/gen/tokens/sleepedf/SC4072__Pz-Oz.npy
sleepedf,SC4082,SC408,Fpz-Cz,train,316200,/data/gen/tokens/sleepedf/SC4082__Fpz-Cz.npy
sleepedf,SC4082,SC408,Pz-Oz,train,316200,/data/gen/tokens/sleepedf/SC4082__Pz-Oz.npy
sleepedf,SC4071,SC407,Fpz-Cz,train,292800,/data/gen/tokens/sleepedf/SC4071__Fpz-Cz.npy
sleepedf,SC4071,SC407,Pz-Oz,train,292800,/data/gen/tokens/sleepedf/SC4071__Pz-Oz.npy
sleepedf,SC4052,SC405,Fpz-Cz,train,374400,/data/gen/tokens/sleepedf/SC4052__Fpz-Cz.npy
sleepedf,SC4052,SC405,Pz-Oz,train,374400,/data/gen/tokens/sleepedf/SC4052__Pz-Oz.npy
sleepedf,SC4061,SC406,Fpz-Cz,train,252900,/data/gen/tokens/sleepedf/SC4061__Fpz-Cz.npy
sleepedf,SC4061,SC406,Pz-Oz,train,252900,/data/gen/tokens/sleepedf/SC4061__Pz-Oz.npy
sleepedf,SC4091,SC409,Fpz-Cz,train,342900,/data/gen/tokens/sleepedf/SC4091__Fpz-Cz.npy
sleepedf,SC4091,SC409,Pz-Oz,train,342900,/data/gen/tokens/sleepedf/SC4091__Pz-Oz.npy
sleepedf,SC4062,SC406,Fpz-Cz,train,304800,/data/gen/tokens/sleepedf/SC4062__Fpz-Cz.npy
sleepedf,SC4062,SC406,Pz-Oz,train,304800,/data/gen/tokens/sleepedf/SC4062__Pz-Oz.npy
sleepedf,SC4081,SC408,Fpz-Cz,train,340200,/data/gen/tokens/sleepedf/SC4081__Fpz-Cz.npy
sleepedf,SC4081,SC408,Pz-Oz,train,340200,/data/gen/tokens/sleepedf/SC4081__Pz-Oz.npy
sleepedf,SC4112,SC411,Fpz-Cz,train,240600,/data/gen/tokens/sleepedf/SC4112__Fpz-Cz.npy
sleepedf,SC4112,SC411,Pz-Oz,train,240600,/data/gen/tokens/sleepedf/SC4112__Pz-Oz.npy
sleepedf,SC4102,SC410,Fpz-Cz,train,327900,/data/gen/tokens/sleepedf/SC4102__Fpz-Cz.npy
sleepedf,SC4102,SC410,Pz-Oz,train,327900,/data/gen/tokens/sleepedf/SC4102__Pz-Oz.npy
sleepedf,SC4101,SC410,Fpz-Cz,train,331500,/data/gen/tokens/sleepedf/SC4101__Fpz-Cz.npy
sleepedf,SC4101,SC410,Pz-Oz,train,331500,/data/gen/tokens/sleepedf/SC4101__Pz-Oz.npy
sleepedf,SC4122,SC412,Fpz-Cz,train,293100,/data/gen/tokens/sleepedf/SC4122__Fpz-Cz.npy
sleepedf,SC4122,SC412,Pz-Oz,train,293100,/data/gen/tokens/sleepedf/SC4122__Pz-Oz.npy
sleepedf,SC4092,SC409,Fpz-Cz,train,334800,/data/gen/tokens/sleepedf/SC4092__Fpz-Cz.npy
sleepedf,SC4092,SC409,Pz-Oz,train,334800,/data/gen/tokens/sleepedf/SC4092__Pz-Oz.npy
sleepedf,SC4111,SC411,Fpz-Cz,train,278700,/data/gen/tokens/sleepedf/SC4111__Fpz-Cz.npy
sleepedf,SC4111,SC411,Pz-Oz,train,278700,/data/gen/tokens/sleepedf/SC4111__Pz-Oz.npy
sleepedf,SC4131,SC413,Fpz-Cz,train,308400,/data/gen/tokens/sleepedf/SC4131__Fpz-Cz.npy
sleepedf,SC4131,SC413,Pz-Oz,train,308400,/data/gen/tokens/sleepedf/SC4131__Pz-Oz.npy
sleepedf,SC4141,SC414,Fpz-Cz,train,301200,/data/gen/tokens/sleepedf/SC4141__Fpz-Cz.npy
sleepedf,SC4141,SC414,Pz-Oz,train,301200,/data/gen/tokens/sleepedf/SC4141__Pz-Oz.npy
sleepedf,SC4121,SC412,Fpz-Cz,train,315600,/data/gen/tokens/sleepedf/SC4121__Fpz-Cz.npy
sleepedf,SC4121,SC412,Pz-Oz,train,315600,/data/gen/tokens/sleepedf/SC4121__Pz-Oz.npy
sleepedf,SC4142,SC414,Fpz-Cz,train,285600,/data/gen/tokens/sleepedf/SC4142__Fpz-Cz.npy
sleepedf,SC4142,SC414,Pz-Oz,train,285600,/data/gen/tokens/sleepedf/SC4142__Pz-Oz.npy
sleepedf,SC4152,SC415,Fpz-Cz,train,530100,/data/gen/tokens/sleepedf/SC4152__Fpz-Cz.npy
sleepedf,SC4152,SC415,Pz-Oz,train,530100,/data/gen/tokens/sleepedf/SC4152__Pz-Oz.npy
sleepedf,SC4162,SC416,Fpz-Cz,train,301500,/data/gen/tokens/sleepedf/SC4162__Fpz-Cz.npy
sleepedf,SC4162,SC416,Pz-Oz,train,301500,/data/gen/tokens/sleepedf/SC4162__Pz-Oz.npy
sleepedf,SC4171,SC417,Fpz-Cz,train,300900,/data/gen/tokens/sleepedf/SC4171__Fpz-Cz.npy
sleepedf,SC4171,SC417,Pz-Oz,train,300900,/data/gen/tokens/sleepedf/SC4171__Pz-Oz.npy
sleepedf,SC4151,SC415,Fpz-Cz,train,286800,/data/gen/tokens/sleepedf/SC4151__Fpz-Cz.npy
sleepedf,SC4151,SC415,Pz-Oz,train,286800,/data/gen/tokens/sleepedf/SC4151__Pz-Oz.npy
sleepedf,SC4181,SC418,Fpz-Cz,train,289200,/data/gen/tokens/sleepedf/SC4181__Fpz-Cz.npy
sleepedf,SC4181,SC418,Pz-Oz,train,289200,/data/gen/tokens/sleepedf/SC4181__Pz-Oz.npy
sleepedf,SC4182,SC418,Fpz-Cz,train,276000,/data/gen/tokens/sleepedf/SC4182__Fpz-Cz.npy
sleepedf,SC4182,SC418,Pz-Oz,train,276000,/data/gen/tokens/sleepedf/SC4182__Pz-Oz.npy
sleepedf,SC4202,SC420,Fpz-Cz,train,306300,/data/gen/tokens/sleepedf/SC4202__Fpz-Cz.npy
sleepedf,SC4202,SC420,Pz-Oz,train,306300,/data/gen/tokens/sleepedf/SC4202__Pz-Oz.npy
sleepedf,SC4192,SC419,Fpz-Cz,train,383700,/data/gen/tokens/sleepedf/SC4192__Fpz-Cz.npy
sleepedf,SC4192,SC419,Pz-Oz,train,383700,/data/gen/tokens/sleepedf/SC4192__Pz-Oz.npy
sleepedf,SC4161,SC416,Fpz-Cz,train,344700,/data/gen/tokens/sleepedf/SC4161__Fpz-Cz.npy
sleepedf,SC4161,SC416,Pz-Oz,train,344700,/data/gen/tokens/sleepedf/SC4161__Pz-Oz.npy
sleepedf,SC4191,SC419,Fpz-Cz,train,460500,/data/gen/tokens/sleepedf/SC4191__Fpz-Cz.npy
sleepedf,SC4191,SC419,Pz-Oz,train,460500,/data/gen/tokens/sleepedf/SC4191__Pz-Oz.npy
sleepedf,SC4201,SC420,Fpz-Cz,train,306900,/data/gen/tokens/sleepedf/SC4201__Fpz-Cz.npy
sleepedf,SC4201,SC420,Pz-Oz,train,306900,/data/gen/tokens/sleepedf/SC4201__Pz-Oz.npy
sleepedf,SC4221,SC422,Fpz-Cz,train,329700,/data/gen/tokens/sleepedf/SC4221__Fpz-Cz.npy
sleepedf,SC4221,SC422,Pz-Oz,train,329700,/data/gen/tokens/sleepedf/SC4221__Pz-Oz.npy
sleepedf,SC4211,SC421,Fpz-Cz,heldout,474900,/data/gen/tokens/sleepedf/SC4211__Fpz-Cz.npy
sleepedf,SC4211,SC421,Pz-Oz,heldout,474900,/data/gen/tokens/sleepedf/SC4211__Pz-Oz.npy
sleepedf,SC4212,SC421,Fpz-Cz,heldout,242400,/data/gen/tokens/sleepedf/SC4212__Fpz-Cz.npy
sleepedf,SC4212,SC421,Pz-Oz,heldout,242400,/data/gen/tokens/sleepedf/SC4212__Pz-Oz.npy
sleepedf,SC4231,SC423,Fpz-Cz,train,272100,/data/gen/tokens/sleepedf/SC4231__Fpz-Cz.npy
sleepedf,SC4231,SC423,Pz-Oz,train,272100,/data/gen/tokens/sleepedf/SC4231__Pz-Oz.npy
sleepedf,SC4172,SC417,Fpz-Cz,train,533100,/data/gen/tokens/sleepedf/SC4172__Fpz-Cz.npy
sleepedf,SC4172,SC417,Pz-Oz,train,533100,/data/gen/tokens/sleepedf/SC4172__Pz-Oz.npy
sleepedf,SC4232,SC423,Fpz-Cz,train,520200,/data/gen/tokens/sleepedf/SC4232__Fpz-Cz.npy
sleepedf,SC4232,SC423,Pz-Oz,train,520200,/data/gen/tokens/sleepedf/SC4232__Pz-Oz.npy
sleepedf,SC4251,SC425,Fpz-Cz,train,291600,/data/gen/tokens/sleepedf/SC4251__Fpz-Cz.npy
sleepedf,SC4251,SC425,Pz-Oz,train,291600,/data/gen/tokens/sleepedf/SC4251__Pz-Oz.npy
sleepedf,SC4252,SC425,Fpz-Cz,train,306300,/data/gen/tokens/sleepedf/SC4252__Fpz-Cz.npy
sleepedf,SC4252,SC425,Pz-Oz,train,306300,/data/gen/tokens/sleepedf/SC4252__Pz-Oz.npy
sleepedf,SC4261,SC426,Fpz-Cz,train,479100,/data/gen/tokens/sleepedf/SC4261__Fpz-Cz.npy
sleepedf,SC4261,SC426,Pz-Oz,train,479100,/data/gen/tokens/sleepedf/SC4261__Pz-Oz.npy
sleepedf,SC4241,SC424,Fpz-Cz,heldout,502500,/data/gen/tokens/sleepedf/SC4241__Fpz-Cz.npy
sleepedf,SC4241,SC424,Pz-Oz,heldout,502500,/data/gen/tokens/sleepedf/SC4241__Pz-Oz.npy
sleepedf,SC4222,SC422,Fpz-Cz,train,332400,/data/gen/tokens/sleepedf/SC4222__Fpz-Cz.npy
sleepedf,SC4222,SC422,Pz-Oz,train,332400,/data/gen/tokens/sleepedf/SC4222__Pz-Oz.npy
sleepedf,SC4262,SC426,Fpz-Cz,train,294000,/data/gen/tokens/sleepedf/SC4262__Fpz-Cz.npy
sleepedf,SC4262,SC426,Pz-Oz,train,294000,/data/gen/tokens/sleepedf/SC4262__Pz-Oz.npy
sleepedf,SC4272,SC427,Fpz-Cz,train,327000,/data/gen/tokens/sleepedf/SC4272__Fpz-Cz.npy
sleepedf,SC4272,SC427,Pz-Oz,train,327000,/data/gen/tokens/sleepedf/SC4272__Pz-Oz.npy
sleepedf,SC4281,SC428,Fpz-Cz,train,338100,/data/gen/tokens/sleepedf/SC4281__Fpz-Cz.npy
sleepedf,SC4281,SC428,Pz-Oz,train,338100,/data/gen/tokens/sleepedf/SC4281__Pz-Oz.npy
sleepedf,SC4282,SC428,Fpz-Cz,train,321000,/data/gen/tokens/sleepedf/SC4282__Fpz-Cz.npy
sleepedf,SC4282,SC428,Pz-Oz,train,321000,/data/gen/tokens/sleepedf/SC4282__Pz-Oz.npy
sleepedf,SC4242,SC424,Fpz-Cz,heldout,532500,/data/gen/tokens/sleepedf/SC4242__Fpz-Cz.npy
sleepedf,SC4242,SC424,Pz-Oz,heldout,532500,/data/gen/tokens/sleepedf/SC4242__Pz-Oz.npy
sleepedf,SC4292,SC429,Fpz-Cz,train,482400,/data/gen/tokens/sleepedf/SC4292__Fpz-Cz.npy
sleepedf,SC4292,SC429,Pz-Oz,train,482400,/data/gen/tokens/sleepedf/SC4292__Pz-Oz.npy
sleepedf,SC4301,SC430,Fpz-Cz,heldout,279300,/data/gen/tokens/sleepedf/SC4301__Fpz-Cz.npy
sleepedf,SC4301,SC430,Pz-Oz,heldout,279300,/data/gen/tokens/sleepedf/SC4301__Pz-Oz.npy
sleepedf,SC4302,SC430,Fpz-Cz,heldout,256200,/data/gen/tokens/sleepedf/SC4302__Fpz-Cz.npy
sleepedf,SC4302,SC430,Pz-Oz,heldout,256200,/data/gen/tokens/sleepedf/SC4302__Pz-Oz.npy
sleepedf,SC4271,SC427,Fpz-Cz,train,315600,/data/gen/tokens/sleepedf/SC4271__Fpz-Cz.npy
sleepedf,SC4271,SC427,Pz-Oz,train,315600,/data/gen/tokens/sleepedf/SC4271__Pz-Oz.npy
sleepedf,SC4291,SC429,Fpz-Cz,train,339300,/data/gen/tokens/sleepedf/SC4291__Fpz-Cz.npy
sleepedf,SC4291,SC429,Pz-Oz,train,339300,/data/gen/tokens/sleepedf/SC4291__Pz-Oz.npy
sleepedf,SC4321,SC432,Fpz-Cz,train,468300,/data/gen/tokens/sleepedf/SC4321__Fpz-Cz.npy
sleepedf,SC4321,SC432,Pz-Oz,train,468300,/data/gen/tokens/sleepedf/SC4321__Pz-Oz.npy
sleepedf,SC4331,SC433,Fpz-Cz,train,566700,/data/gen/tokens/sleepedf/SC4331__Fpz-Cz.npy
sleepedf,SC4331,SC433,Pz-Oz,train,566700,/data/gen/tokens/sleepedf/SC4331__Pz-Oz.npy
sleepedf,SC4312,SC431,Fpz-Cz,train,354300,/data/gen/tokens/sleepedf/SC4312__Fpz-Cz.npy
sleepedf,SC4312,SC431,Pz-Oz,train,354300,/data/gen/tokens/sleepedf/SC4312__Pz-Oz.npy
sleepedf,SC4311,SC431,Fpz-Cz,train,316200,/data/gen/tokens/sleepedf/SC4311__Fpz-Cz.npy
sleepedf,SC4311,SC431,Pz-Oz,train,316200,/data/gen/tokens/sleepedf/SC4311__Pz-Oz.npy
sleepedf,SC4351,SC435,Fpz-Cz,train,292800,/data/gen/tokens/sleepedf/SC4351__Fpz-Cz.npy
sleepedf,SC4351,SC435,Pz-Oz,train,292800,/data/gen/tokens/sleepedf/SC4351__Pz-Oz.npy
sleepedf,SC4342,SC434,Fpz-Cz,train,474600,/data/gen/tokens/sleepedf/SC4342__Fpz-Cz.npy
sleepedf,SC4342,SC434,Pz-Oz,train,474600,/data/gen/tokens/sleepedf/SC4342__Pz-Oz.npy
sleepedf,SC4322,SC432,Fpz-Cz,train,306300,/data/gen/tokens/sleepedf/SC4322__Fpz-Cz.npy
sleepedf,SC4322,SC432,Pz-Oz,train,306300,/data/gen/tokens/sleepedf/SC4322__Pz-Oz.npy
sleepedf,SC4371,SC437,Fpz-Cz,train,275400,/data/gen/tokens/sleepedf/SC4371__Fpz-Cz.npy
sleepedf,SC4371,SC437,Pz-Oz,train,275400,/data/gen/tokens/sleepedf/SC4371__Pz-Oz.npy
sleepedf,SC4352,SC435,Fpz-Cz,train,289500,/data/gen/tokens/sleepedf/SC4352__Fpz-Cz.npy
sleepedf,SC4352,SC435,Pz-Oz,train,289500,/data/gen/tokens/sleepedf/SC4352__Pz-Oz.npy
sleepedf,SC4332,SC433,Fpz-Cz,train,394200,/data/gen/tokens/sleepedf/SC4332__Fpz-Cz.npy
sleepedf,SC4332,SC433,Pz-Oz,train,394200,/data/gen/tokens/sleepedf/SC4332__Pz-Oz.npy
sleepedf,SC4372,SC437,Fpz-Cz,train,452700,/data/gen/tokens/sleepedf/SC4372__Fpz-Cz.npy
sleepedf,SC4372,SC437,Pz-Oz,train,452700,/data/gen/tokens/sleepedf/SC4372__Pz-Oz.npy
sleepedf,SC4362,SC436,Fpz-Cz,train,247200,/data/gen/tokens/sleepedf/SC4362__Fpz-Cz.npy
sleepedf,SC4362,SC436,Pz-Oz,train,247200,/data/gen/tokens/sleepedf/SC4362__Pz-Oz.npy
sleepedf,SC4341,SC434,Fpz-Cz,train,450300,/data/gen/tokens/sleepedf/SC4341__Fpz-Cz.npy
sleepedf,SC4341,SC434,Pz-Oz,train,450300,/data/gen/tokens/sleepedf/SC4341__Pz-Oz.npy
sleepedf,SC4382,SC438,Fpz-Cz,train,561300,/data/gen/tokens/sleepedf/SC4382__Fpz-Cz.npy
sleepedf,SC4382,SC438,Pz-Oz,train,561300,/data/gen/tokens/sleepedf/SC4382__Pz-Oz.npy
sleepedf,SC4411,SC441,Fpz-Cz,train,323400,/data/gen/tokens/sleepedf/SC4411__Fpz-Cz.npy
sleepedf,SC4411,SC441,Pz-Oz,train,323400,/data/gen/tokens/sleepedf/SC4411__Pz-Oz.npy
sleepedf,SC4422,SC442,Fpz-Cz,train,265200,/data/gen/tokens/sleepedf/SC4422__Fpz-Cz.npy
sleepedf,SC4422,SC442,Pz-Oz,train,265200,/data/gen/tokens/sleepedf/SC4422__Pz-Oz.npy
sleepedf,SC4431,SC443,Fpz-Cz,train,209700,/data/gen/tokens/sleepedf/SC4431__Fpz-Cz.npy
sleepedf,SC4431,SC443,Pz-Oz,train,209700,/data/gen/tokens/sleepedf/SC4431__Pz-Oz.npy
sleepedf,SC4401,SC440,Fpz-Cz,train,319200,/data/gen/tokens/sleepedf/SC4401__Fpz-Cz.npy
sleepedf,SC4401,SC440,Pz-Oz,train,319200,/data/gen/tokens/sleepedf/SC4401__Pz-Oz.npy
sleepedf,SC4402,SC440,Fpz-Cz,train,321600,/data/gen/tokens/sleepedf/SC4402__Fpz-Cz.npy
sleepedf,SC4402,SC440,Pz-Oz,train,321600,/data/gen/tokens/sleepedf/SC4402__Pz-Oz.npy
sleepedf,SC4421,SC442,Fpz-Cz,train,235500,/data/gen/tokens/sleepedf/SC4421__Fpz-Cz.npy
sleepedf,SC4421,SC442,Pz-Oz,train,235500,/data/gen/tokens/sleepedf/SC4421__Pz-Oz.npy
sleepedf,SC4412,SC441,Fpz-Cz,train,277200,/data/gen/tokens/sleepedf/SC4412__Fpz-Cz.npy
sleepedf,SC4412,SC441,Pz-Oz,train,277200,/data/gen/tokens/sleepedf/SC4412__Pz-Oz.npy
sleepedf,SC4432,SC443,Fpz-Cz,train,288600,/data/gen/tokens/sleepedf/SC4432__Fpz-Cz.npy
sleepedf,SC4432,SC443,Pz-Oz,train,288600,/data/gen/tokens/sleepedf/SC4432__Pz-Oz.npy
sleepedf,SC4381,SC438,Fpz-Cz,train,532800,/data/gen/tokens/sleepedf/SC4381__Fpz-Cz.npy
sleepedf,SC4381,SC438,Pz-Oz,train,532800,/data/gen/tokens/sleepedf/SC4381__Pz-Oz.npy
sleepedf,SC4441,SC444,Fpz-Cz,train,358500,/data/gen/tokens/sleepedf/SC4441__Fpz-Cz.npy
sleepedf,SC4441,SC444,Pz-Oz,train,358500,/data/gen/tokens/sleepedf/SC4441__Pz-Oz.npy
sleepedf,SC4462,SC446,Fpz-Cz,train,307200,/data/gen/tokens/sleepedf/SC4462__Fpz-Cz.npy
sleepedf,SC4462,SC446,Pz-Oz,train,307200,/data/gen/tokens/sleepedf/SC4462__Pz-Oz.npy
sleepedf,SC4472,SC447,Fpz-Cz,train,648600,/data/gen/tokens/sleepedf/SC4472__Fpz-Cz.npy
sleepedf,SC4472,SC447,Pz-Oz,train,648600,/data/gen/tokens/sleepedf/SC4472__Pz-Oz.npy
sleepedf,SC4442,SC444,Fpz-Cz,train,327600,/data/gen/tokens/sleepedf/SC4442__Fpz-Cz.npy
sleepedf,SC4442,SC444,Pz-Oz,train,327600,/data/gen/tokens/sleepedf/SC4442__Pz-Oz.npy
sleepedf,SC4451,SC445,Fpz-Cz,train,362400,/data/gen/tokens/sleepedf/SC4451__Fpz-Cz.npy
sleepedf,SC4451,SC445,Pz-Oz,train,362400,/data/gen/tokens/sleepedf/SC4451__Pz-Oz.npy
sleepedf,SC4461,SC446,Fpz-Cz,train,295200,/data/gen/tokens/sleepedf/SC4461__Fpz-Cz.npy
sleepedf,SC4461,SC446,Pz-Oz,train,295200,/data/gen/tokens/sleepedf/SC4461__Pz-Oz.npy
sleepedf,SC4452,SC445,Fpz-Cz,train,349800,/data/gen/tokens/sleepedf/SC4452__Fpz-Cz.npy
sleepedf,SC4452,SC445,Pz-Oz,train,349800,/data/gen/tokens/sleepedf/SC4452__Pz-Oz.npy
sleepedf,SC4471,SC447,Fpz-Cz,train,356400,/data/gen/tokens/sleepedf/SC4471__Fpz-Cz.npy
sleepedf,SC4471,SC447,Pz-Oz,train,356400,/data/gen/tokens/sleepedf/SC4471__Pz-Oz.npy
sleepedf,SC4481,SC448,Fpz-Cz,train,608100,/data/gen/tokens/sleepedf/SC4481__Fpz-Cz.npy
sleepedf,SC4481,SC448,Pz-Oz,train,608100,/data/gen/tokens/sleepedf/SC4481__Pz-Oz.npy
sleepedf,SC4482,SC448,Fpz-Cz,train,573000,/data/gen/tokens/sleepedf/SC4482__Fpz-Cz.npy
sleepedf,SC4482,SC448,Pz-Oz,train,573000,/data/gen/tokens/sleepedf/SC4482__Pz-Oz.npy
sleepedf,SC4492,SC449,Fpz-Cz,train,312300,/data/gen/tokens/sleepedf/SC4492__Fpz-Cz.npy
sleepedf,SC4492,SC449,Pz-Oz,train,312300,/data/gen/tokens/sleepedf/SC4492__Pz-Oz.npy
sleepedf,SC4512,SC451,Fpz-Cz,train,286200,/data/gen/tokens/sleepedf/SC4512__Fpz-Cz.npy
sleepedf,SC4512,SC451,Pz-Oz,train,286200,/data/gen/tokens/sleepedf/SC4512__Pz-Oz.npy
sleepedf,SC4491,SC449,Fpz-Cz,train,330300,/data/gen/tokens/sleepedf/SC4491__Fpz-Cz.npy
sleepedf,SC4491,SC449,Pz-Oz,train,330300,/data/gen/tokens/sleepedf/SC4491__Pz-Oz.npy
sleepedf,SC4501,SC450,Fpz-Cz,train,397800,/data/gen/tokens/sleepedf/SC4501__Fpz-Cz.npy
sleepedf,SC4501,SC450,Pz-Oz,train,397800,/data/gen/tokens/sleepedf/SC4501__Pz-Oz.npy
sleepedf,SC4502,SC450,Fpz-Cz,train,330900,/data/gen/tokens/sleepedf/SC4502__Fpz-Cz.npy
sleepedf,SC4502,SC450,Pz-Oz,train,330900,/data/gen/tokens/sleepedf/SC4502__Pz-Oz.npy
sleepedf,SC4522,SC452,Fpz-Cz,train,299100,/data/gen/tokens/sleepedf/SC4522__Fpz-Cz.npy
sleepedf,SC4522,SC452,Pz-Oz,train,299100,/data/gen/tokens/sleepedf/SC4522__Pz-Oz.npy
sleepedf,SC4511,SC451,Fpz-Cz,train,326100,/data/gen/tokens/sleepedf/SC4511__Fpz-Cz.npy
sleepedf,SC4511,SC451,Pz-Oz,train,326100,/data/gen/tokens/sleepedf/SC4511__Pz-Oz.npy
sleepedf,SC4531,SC453,Fpz-Cz,train,328800,/data/gen/tokens/sleepedf/SC4531__Fpz-Cz.npy
sleepedf,SC4531,SC453,Pz-Oz,train,328800,/data/gen/tokens/sleepedf/SC4531__Pz-Oz.npy
sleepedf,SC4532,SC453,Fpz-Cz,train,316800,/data/gen/tokens/sleepedf/SC4532__Fpz-Cz.npy
sleepedf,SC4532,SC453,Pz-Oz,train,316800,/data/gen/tokens/sleepedf/SC4532__Pz-Oz.npy
sleepedf,SC4552,SC455,Fpz-Cz,train,327000,/data/gen/tokens/sleepedf/SC4552__Fpz-Cz.npy
sleepedf,SC4552,SC455,Pz-Oz,train,327000,/data/gen/tokens/sleepedf/SC4552__Pz-Oz.npy
sleepedf,SC4551,SC455,Fpz-Cz,train,314100,/data/gen/tokens/sleepedf/SC4551__Fpz-Cz.npy
sleepedf,SC4551,SC455,Pz-Oz,train,314100,/data/gen/tokens/sleepedf/SC4551__Pz-Oz.npy
sleepedf,SC4542,SC454,Fpz-Cz,train,344400,/data/gen/tokens/sleepedf/SC4542__Fpz-Cz.npy
sleepedf,SC4542,SC454,Pz-Oz,train,344400,/data/gen/tokens/sleepedf/SC4542__Pz-Oz.npy
sleepedf,SC4541,SC454,Fpz-Cz,train,515100,/data/gen/tokens/sleepedf/SC4541__Fpz-Cz.npy
sleepedf,SC4541,SC454,Pz-Oz,train,515100,/data/gen/tokens/sleepedf/SC4541__Pz-Oz.npy
sleepedf,SC4562,SC456,Fpz-Cz,train,344400,/data/gen/tokens/sleepedf/SC4562__Fpz-Cz.npy
sleepedf,SC4562,SC456,Pz-Oz,train,344400,/data/gen/tokens/sleepedf/SC4562__Pz-Oz.npy
sleepedf,SC4561,SC456,Fpz-Cz,train,371700,/data/gen/tokens/sleepedf/SC4561__Fpz-Cz.npy
sleepedf,SC4561,SC456,Pz-Oz,train,371700,/data/gen/tokens/sleepedf/SC4561__Pz-Oz.npy
sleepedf,SC4571,SC457,Fpz-Cz,train,370800,/data/gen/tokens/sleepedf/SC4571__Fpz-Cz.npy
sleepedf,SC4571,SC457,Pz-Oz,train,370800,/data/gen/tokens/sleepedf/SC4571__Pz-Oz.npy
sleepedf,SC4572,SC457,Fpz-Cz,train,330600,/data/gen/tokens/sleepedf/SC4572__Fpz-Cz.npy
sleepedf,SC4572,SC457,Pz-Oz,train,330600,/data/gen/tokens/sleepedf/SC4572__Pz-Oz.npy
sleepedf,SC4582,SC458,Fpz-Cz,train,352500,/data/gen/tokens/sleepedf/SC4582__Fpz-Cz.npy
sleepedf,SC4582,SC458,Pz-Oz,train,352500,/data/gen/tokens/sleepedf/SC4582__Pz-Oz.npy
sleepedf,SC4602,SC460,Fpz-Cz,heldout,612900,/data/gen/tokens/sleepedf/SC4602__Fpz-Cz.npy
sleepedf,SC4602,SC460,Pz-Oz,heldout,612900,/data/gen/tokens/sleepedf/SC4602__Pz-Oz.npy
sleepedf,SC4581,SC458,Fpz-Cz,train,328500,/data/gen/tokens/sleepedf/SC4581__Fpz-Cz.npy
sleepedf,SC4581,SC458,Pz-Oz,train,328500,/data/gen/tokens/sleepedf/SC4581__Pz-Oz.npy
sleepedf,SC4611,SC461,Fpz-Cz,train,497400,/data/gen/tokens/sleepedf/SC4611__Fpz-Cz.npy
sleepedf,SC4611,SC461,Pz-Oz,train,497400,/data/gen/tokens/sleepedf/SC4611__Pz-Oz.npy
sleepedf,SC4592,SC459,Fpz-Cz,heldout,369300,/data/gen/tokens/sleepedf/SC4592__Fpz-Cz.npy
sleepedf,SC4592,SC459,Pz-Oz,heldout,369300,/data/gen/tokens/sleepedf/SC4592__Pz-Oz.npy
sleepedf,SC4612,SC461,Fpz-Cz,train,318600,/data/gen/tokens/sleepedf/SC4612__Fpz-Cz.npy
sleepedf,SC4612,SC461,Pz-Oz,train,318600,/data/gen/tokens/sleepedf/SC4612__Pz-Oz.npy
sleepedf,SC4601,SC460,Fpz-Cz,heldout,404700,/data/gen/tokens/sleepedf/SC4601__Fpz-Cz.npy
sleepedf,SC4601,SC460,Pz-Oz,heldout,404700,/data/gen/tokens/sleepedf/SC4601__Pz-Oz.npy
sleepedf,SC4591,SC459,Fpz-Cz,heldout,552300,/data/gen/tokens/sleepedf/SC4591__Fpz-Cz.npy
sleepedf,SC4591,SC459,Pz-Oz,heldout,552300,/data/gen/tokens/sleepedf/SC4591__Pz-Oz.npy
sleepedf,SC4621,SC462,Fpz-Cz,train,433500,/data/gen/tokens/sleepedf/SC4621__Fpz-Cz.npy
sleepedf,SC4621,SC462,Pz-Oz,train,433500,/data/gen/tokens/sleepedf/SC4621__Pz-Oz.npy
sleepedf,SC4631,SC463,Fpz-Cz,train,318900,/data/gen/tokens/sleepedf/SC4631__Fpz-Cz.npy
sleepedf,SC4631,SC463,Pz-Oz,train,318900,/data/gen/tokens/sleepedf/SC4631__Pz-Oz.npy
sleepedf,SC4641,SC464,Fpz-Cz,train,381300,/data/gen/tokens/sleepedf/SC4641__Fpz-Cz.npy
sleepedf,SC4641,SC464,Pz-Oz,train,381300,/data/gen/tokens/sleepedf/SC4641__Pz-Oz.npy
sleepedf,SC4632,SC463,Fpz-Cz,train,332100,/data/gen/tokens/sleepedf/SC4632__Fpz-Cz.npy
sleepedf,SC4632,SC463,Pz-Oz,train,332100,/data/gen/tokens/sleepedf/SC4632__Pz-Oz.npy
sleepedf,SC4652,SC465,Fpz-Cz,train,579300,/data/gen/tokens/sleepedf/SC4652__Fpz-Cz.npy
sleepedf,SC4652,SC465,Pz-Oz,train,579300,/data/gen/tokens/sleepedf/SC4652__Pz-Oz.npy
sleepedf,SC4661,SC466,Fpz-Cz,train,608100,/data/gen/tokens/sleepedf/SC4661__Fpz-Cz.npy
sleepedf,SC4661,SC466,Pz-Oz,train,608100,/data/gen/tokens/sleepedf/SC4661__Pz-Oz.npy
sleepedf,SC4622,SC462,Fpz-Cz,train,546900,/data/gen/tokens/sleepedf/SC4622__Fpz-Cz.npy
sleepedf,SC4622,SC462,Pz-Oz,train,546900,/data/gen/tokens/sleepedf/SC4622__Pz-Oz.npy
sleepedf,SC4662,SC466,Fpz-Cz,train,598200,/data/gen/tokens/sleepedf/SC4662__Fpz-Cz.npy
sleepedf,SC4662,SC466,Pz-Oz,train,598200,/data/gen/tokens/sleepedf/SC4662__Pz-Oz.npy
sleepedf,SC4642,SC464,Fpz-Cz,train,614700,/data/gen/tokens/sleepedf/SC4642__Fpz-Cz.npy
sleepedf,SC4642,SC464,Pz-Oz,train,614700,/data/gen/tokens/sleepedf/SC4642__Pz-Oz.npy
sleepedf,SC4651,SC465,Fpz-Cz,train,793200,/data/gen/tokens/sleepedf/SC4651__Fpz-Cz.npy
sleepedf,SC4651,SC465,Pz-Oz,train,793200,/data/gen/tokens/sleepedf/SC4651__Pz-Oz.npy
sleepedf,SC4671,SC467,Fpz-Cz,train,590400,/data/gen/tokens/sleepedf/SC4671__Fpz-Cz.npy
sleepedf,SC4671,SC467,Pz-Oz,train,590400,/data/gen/tokens/sleepedf/SC4671__Pz-Oz.npy
sleepedf,SC4702,SC470,Fpz-Cz,train,454500,/data/gen/tokens/sleepedf/SC4702__Fpz-Cz.npy
sleepedf,SC4702,SC470,Pz-Oz,train,454500,/data/gen/tokens/sleepedf/SC4702__Pz-Oz.npy
sleepedf,SC4712,SC471,Fpz-Cz,heldout,372300,/data/gen/tokens/sleepedf/SC4712__Fpz-Cz.npy
sleepedf,SC4712,SC471,Pz-Oz,heldout,372300,/data/gen/tokens/sleepedf/SC4712__Pz-Oz.npy
sleepedf,SC4672,SC467,Fpz-Cz,train,306300,/data/gen/tokens/sleepedf/SC4672__Fpz-Cz.npy
sleepedf,SC4672,SC467,Pz-Oz,train,306300,/data/gen/tokens/sleepedf/SC4672__Pz-Oz.npy
sleepedf,SC4711,SC471,Fpz-Cz,heldout,423900,/data/gen/tokens/sleepedf/SC4711__Fpz-Cz.npy
sleepedf,SC4711,SC471,Pz-Oz,heldout,423900,/data/gen/tokens/sleepedf/SC4711__Pz-Oz.npy
sleepedf,SC4701,SC470,Fpz-Cz,train,515400,/data/gen/tokens/sleepedf/SC4701__Fpz-Cz.npy
sleepedf,SC4701,SC470,Pz-Oz,train,515400,/data/gen/tokens/sleepedf/SC4701__Pz-Oz.npy
sleepedf,SC4721,SC472,Fpz-Cz,train,309300,/data/gen/tokens/sleepedf/SC4721__Fpz-Cz.npy
sleepedf,SC4721,SC472,Pz-Oz,train,309300,/data/gen/tokens/sleepedf/SC4721__Pz-Oz.npy
sleepedf,SC4722,SC472,Fpz-Cz,train,339000,/data/gen/tokens/sleepedf/SC4722__Fpz-Cz.npy
sleepedf,SC4722,SC472,Pz-Oz,train,339000,/data/gen/tokens/sleepedf/SC4722__Pz-Oz.npy
sleepedf,SC4731,SC473,Fpz-Cz,train,800100,/data/gen/tokens/sleepedf/SC4731__Fpz-Cz.npy
sleepedf,SC4731,SC473,Pz-Oz,train,800100,/data/gen/tokens/sleepedf/SC4731__Pz-Oz.npy
sleepedf,SC4742,SC474,Fpz-Cz,train,318900,/data/gen/tokens/sleepedf/SC4742__Fpz-Cz.npy
sleepedf,SC4742,SC474,Pz-Oz,train,318900,/data/gen/tokens/sleepedf/SC4742__Pz-Oz.npy
sleepedf,SC4741,SC474,Fpz-Cz,train,663300,/data/gen/tokens/sleepedf/SC4741__Fpz-Cz.npy
sleepedf,SC4741,SC474,Pz-Oz,train,663300,/data/gen/tokens/sleepedf/SC4741__Pz-Oz.npy
sleepedf,SC4752,SC475,Fpz-Cz,train,314700,/data/gen/tokens/sleepedf/SC4752__Fpz-Cz.npy
sleepedf,SC4752,SC475,Pz-Oz,train,314700,/data/gen/tokens/sleepedf/SC4752__Pz-Oz.npy
sleepedf,SC4732,SC473,Fpz-Cz,train,695700,/data/gen/tokens/sleepedf/SC4732__Fpz-Cz.npy
sleepedf,SC4732,SC473,Pz-Oz,train,695700,/data/gen/tokens/sleepedf/SC4732__Pz-Oz.npy
sleepedf,SC4751,SC475,Fpz-Cz,train,613200,/data/gen/tokens/sleepedf/SC4751__Fpz-Cz.npy
sleepedf,SC4751,SC475,Pz-Oz,train,613200,/data/gen/tokens/sleepedf/SC4751__Pz-Oz.npy
sleepedf,SC4761,SC476,Fpz-Cz,train,510900,/data/gen/tokens/sleepedf/SC4761__Fpz-Cz.npy
sleepedf,SC4761,SC476,Pz-Oz,train,510900,/data/gen/tokens/sleepedf/SC4761__Pz-Oz.npy
sleepedf,SC4771,SC477,Fpz-Cz,train,397500,/data/gen/tokens/sleepedf/SC4771__Fpz-Cz.npy
sleepedf,SC4771,SC477,Pz-Oz,train,397500,/data/gen/tokens/sleepedf/SC4771__Pz-Oz.npy
sleepedf,SC4772,SC477,Fpz-Cz,train,397200,/data/gen/tokens/sleepedf/SC4772__Fpz-Cz.npy
sleepedf,SC4772,SC477,Pz-Oz,train,397200,/data/gen/tokens/sleepedf/SC4772__Pz-Oz.npy
sleepedf,SC4811,SC481,Fpz-Cz,train,387900,/data/gen/tokens/sleepedf/SC4811__Fpz-Cz.npy
sleepedf,SC4811,SC481,Pz-Oz,train,387900,/data/gen/tokens/sleepedf/SC4811__Pz-Oz.npy
sleepedf,SC4801,SC480,Fpz-Cz,train,372300,/data/gen/tokens/sleepedf/SC4801__Fpz-Cz.npy
sleepedf,SC4801,SC480,Pz-Oz,train,372300,/data/gen/tokens/sleepedf/SC4801__Pz-Oz.npy
sleepedf,SC4802,SC480,Fpz-Cz,train,368700,/data/gen/tokens/sleepedf/SC4802__Fpz-Cz.npy
sleepedf,SC4802,SC480,Pz-Oz,train,368700,/data/gen/tokens/sleepedf/SC4802__Pz-Oz.npy
sleepedf,SC4762,SC476,Fpz-Cz,train,843000,/data/gen/tokens/sleepedf/SC4762__Fpz-Cz.npy
sleepedf,SC4762,SC476,Pz-Oz,train,843000,/data/gen/tokens/sleepedf/SC4762__Pz-Oz.npy
sleepedf,SC4812,SC481,Fpz-Cz,train,355500,/data/gen/tokens/sleepedf/SC4812__Fpz-Cz.npy
sleepedf,SC4812,SC481,Pz-Oz,train,355500,/data/gen/tokens/sleepedf/SC4812__Pz-Oz.npy
sleepedf,SC4822,SC482,Fpz-Cz,train,409800,/data/gen/tokens/sleepedf/SC4822__Fpz-Cz.npy
sleepedf,SC4822,SC482,Pz-Oz,train,409800,/data/gen/tokens/sleepedf/SC4822__Pz-Oz.npy
sleepedf,SC4821,SC482,Fpz-Cz,train,511500,/data/gen/tokens/sleepedf/SC4821__Fpz-Cz.npy
sleepedf,SC4821,SC482,Pz-Oz,train,511500,/data/gen/tokens/sleepedf/SC4821__Pz-Oz.npy
sleepedf,ST7011,ST701,Fpz-Cz,train,333000,/data/gen/tokens/sleepedf/ST7011__Fpz-Cz.npy
sleepedf,ST7011,ST701,Pz-Oz,train,333000,/data/gen/tokens/sleepedf/ST7011__Pz-Oz.npy
sleepedf,ST7012,ST701,Fpz-Cz,train,313200,/data/gen/tokens/sleepedf/ST7012__Fpz-Cz.npy
sleepedf,ST7012,ST701,Pz-Oz,train,313200,/data/gen/tokens/sleepedf/ST7012__Pz-Oz.npy
sleepedf,ST7021,ST702,Fpz-Cz,train,290400,/data/gen/tokens/sleepedf/ST7021__Fpz-Cz.npy
sleepedf,ST7021,ST702,Pz-Oz,train,290400,/data/gen/tokens/sleepedf/ST7021__Pz-Oz.npy
sleepedf,ST7022,ST702,Fpz-Cz,train,295200,/data/gen/tokens/sleepedf/ST7022__Fpz-Cz.npy
sleepedf,ST7022,ST702,Pz-Oz,train,295200,/data/gen/tokens/sleepedf/ST7022__Pz-Oz.npy
sleepedf,ST7041,ST704,Fpz-Cz,train,311400,/data/gen/tokens/sleepedf/ST7041__Fpz-Cz.npy
sleepedf,ST7041,ST704,Pz-Oz,train,311400,/data/gen/tokens/sleepedf/ST7041__Pz-Oz.npy
sleepedf,ST7042,ST704,Fpz-Cz,train,337800,/data/gen/tokens/sleepedf/ST7042__Fpz-Cz.npy
sleepedf,ST7042,ST704,Pz-Oz,train,337800,/data/gen/tokens/sleepedf/ST7042__Pz-Oz.npy
sleepedf,ST7052,ST705,Fpz-Cz,train,327300,/data/gen/tokens/sleepedf/ST7052__Fpz-Cz.npy
sleepedf,ST7052,ST705,Pz-Oz,train,327300,/data/gen/tokens/sleepedf/ST7052__Pz-Oz.npy
sleepedf,ST7051,ST705,Fpz-Cz,train,321900,/data/gen/tokens/sleepedf/ST7051__Fpz-Cz.npy
sleepedf,ST7051,ST705,Pz-Oz,train,321900,/data/gen/tokens/sleepedf/ST7051__Pz-Oz.npy
sleepedf,ST7061,ST706,Fpz-Cz,train,317100,/data/gen/tokens/sleepedf/ST7061__Fpz-Cz.npy
sleepedf,ST7061,ST706,Pz-Oz,train,317100,/data/gen/tokens/sleepedf/ST7061__Pz-Oz.npy
sleepedf,ST7062,ST706,Fpz-Cz,train,299400,/data/gen/tokens/sleepedf/ST7062__Fpz-Cz.npy
sleepedf,ST7062,ST706,Pz-Oz,train,299400,/data/gen/tokens/sleepedf/ST7062__Pz-Oz.npy
sleepedf,ST7071,ST707,Fpz-Cz,train,254100,/data/gen/tokens/sleepedf/ST7071__Fpz-Cz.npy
sleepedf,ST7071,ST707,Pz-Oz,train,254100,/data/gen/tokens/sleepedf/ST7071__Pz-Oz.npy
sleepedf,ST7072,ST707,Fpz-Cz,train,241200,/data/gen/tokens/sleepedf/ST7072__Fpz-Cz.npy
sleepedf,ST7072,ST707,Pz-Oz,train,241200,/data/gen/tokens/sleepedf/ST7072__Pz-Oz.npy
sleepedf,ST7081,ST708,Fpz-Cz,heldout,284100,/data/gen/tokens/sleepedf/ST7081__Fpz-Cz.npy
sleepedf,ST7081,ST708,Pz-Oz,heldout,284100,/data/gen/tokens/sleepedf/ST7081__Pz-Oz.npy
sleepedf,ST7082,ST708,Fpz-Cz,heldout,285300,/data/gen/tokens/sleepedf/ST7082__Fpz-Cz.npy
sleepedf,ST7082,ST708,Pz-Oz,heldout,285300,/data/gen/tokens/sleepedf/ST7082__Pz-Oz.npy
sleepedf,ST7091,ST709,Fpz-Cz,train,298500,/data/gen/tokens/sleepedf/ST7091__Fpz-Cz.npy
sleepedf,ST7091,ST709,Pz-Oz,train,298500,/data/gen/tokens/sleepedf/ST7091__Pz-Oz.npy
sleepedf,ST7092,ST709,Fpz-Cz,train,283200,/data/gen/tokens/sleepedf/ST7092__Fpz-Cz.npy
sleepedf,ST7092,ST709,Pz-Oz,train,283200,/data/gen/tokens/sleepedf/ST7092__Pz-Oz.npy
sleepedf,ST7101,ST710,Fpz-Cz,train,329400,/data/gen/tokens/sleepedf/ST7101__Fpz-Cz.npy
sleepedf,ST7101,ST710,Pz-Oz,train,329400,/data/gen/tokens/sleepedf/ST7101__Pz-Oz.npy
sleepedf,ST7111,ST711,Fpz-Cz,heldout,313800,/data/gen/tokens/sleepedf/ST7111__Fpz-Cz.npy
sleepedf,ST7111,ST711,Pz-Oz,heldout,313800,/data/gen/tokens/sleepedf/ST7111__Pz-Oz.npy
sleepedf,ST7102,ST710,Fpz-Cz,train,298200,/data/gen/tokens/sleepedf/ST7102__Fpz-Cz.npy
sleepedf,ST7102,ST710,Pz-Oz,train,298200,/data/gen/tokens/sleepedf/ST7102__Pz-Oz.npy
sleepedf,ST7122,ST712,Fpz-Cz,train,303300,/data/gen/tokens/sleepedf/ST7122__Fpz-Cz.npy
sleepedf,ST7122,ST712,Pz-Oz,train,303300,/data/gen/tokens/sleepedf/ST7122__Pz-Oz.npy
sleepedf,ST7141,ST714,Fpz-Cz,train,276000,/data/gen/tokens/sleepedf/ST7141__Fpz-Cz.npy
sleepedf,ST7141,ST714,Pz-Oz,train,276000,/data/gen/tokens/sleepedf/ST7141__Pz-Oz.npy
sleepedf,ST7121,ST712,Fpz-Cz,train,312000,/data/gen/tokens/sleepedf/ST7121__Fpz-Cz.npy
sleepedf,ST7121,ST712,Pz-Oz,train,312000,/data/gen/tokens/sleepedf/ST7121__Pz-Oz.npy
sleepedf,ST7112,ST711,Fpz-Cz,heldout,306600,/data/gen/tokens/sleepedf/ST7112__Fpz-Cz.npy
sleepedf,ST7112,ST711,Pz-Oz,heldout,306600,/data/gen/tokens/sleepedf/ST7112__Pz-Oz.npy
sleepedf,ST7131,ST713,Fpz-Cz,train,275700,/data/gen/tokens/sleepedf/ST7131__Fpz-Cz.npy
sleepedf,ST7131,ST713,Pz-Oz,train,275700,/data/gen/tokens/sleepedf/ST7131__Pz-Oz.npy
sleepedf,ST7132,ST713,Fpz-Cz,train,269700,/data/gen/tokens/sleepedf/ST7132__Fpz-Cz.npy
sleepedf,ST7132,ST713,Pz-Oz,train,269700,/data/gen/tokens/sleepedf/ST7132__Pz-Oz.npy
sleepedf,ST7142,ST714,Fpz-Cz,train,275100,/data/gen/tokens/sleepedf/ST7142__Fpz-Cz.npy
sleepedf,ST7142,ST714,Pz-Oz,train,275100,/data/gen/tokens/sleepedf/ST7142__Pz-Oz.npy
sleepedf,ST7152,ST715,Fpz-Cz,heldout,322500,/data/gen/tokens/sleepedf/ST7152__Fpz-Cz.npy
sleepedf,ST7152,ST715,Pz-Oz,heldout,322500,/data/gen/tokens/sleepedf/ST7152__Pz-Oz.npy
sleepedf,ST7151,ST715,Fpz-Cz,heldout,297600,/data/gen/tokens/sleepedf/ST7151__Fpz-Cz.npy
sleepedf,ST7151,ST715,Pz-Oz,heldout,297600,/data/gen/tokens/sleepedf/ST7151__Pz-Oz.npy
sleepedf,ST7172,ST717,Fpz-Cz,train,301800,/data/gen/tokens/sleepedf/ST7172__Fpz-Cz.npy
sleepedf,ST7172,ST717,Pz-Oz,train,301800,/data/gen/tokens/sleepedf/ST7172__Pz-Oz.npy
sleepedf,ST7171,ST717,Fpz-Cz,train,275400,/data/gen/tokens/sleepedf/ST7171__Fpz-Cz.npy
sleepedf,ST7171,ST717,Pz-Oz,train,275400,/data/gen/tokens/sleepedf/ST7171__Pz-Oz.npy
sleepedf,ST7162,ST716,Fpz-Cz,train,300300,/data/gen/tokens/sleepedf/ST7162__Fpz-Cz.npy
sleepedf,ST7162,ST716,Pz-Oz,train,300300,/data/gen/tokens/sleepedf/ST7162__Pz-Oz.npy
sleepedf,ST7161,ST716,Fpz-Cz,train,319200,/data/gen/tokens/sleepedf/ST7161__Fpz-Cz.npy
sleepedf,ST7161,ST716,Pz-Oz,train,319200,/data/gen/tokens/sleepedf/ST7161__Pz-Oz.npy
sleepedf,ST7182,ST718,Fpz-Cz,train,320100,/data/gen/tokens/sleepedf/ST7182__Fpz-Cz.npy
sleepedf,ST7182,ST718,Pz-Oz,train,320100,/data/gen/tokens/sleepedf/ST7182__Pz-Oz.npy
sleepedf,ST7181,ST718,Fpz-Cz,train,304500,/data/gen/tokens/sleepedf/ST7181__Fpz-Cz.npy
sleepedf,ST7181,ST718,Pz-Oz,train,304500,/data/gen/tokens/sleepedf/ST7181__Pz-Oz.npy
sleepedf,ST7191,ST719,Fpz-Cz,train,309000,/data/gen/tokens/sleepedf/ST7191__Fpz-Cz.npy
sleepedf,ST7191,ST719,Pz-Oz,train,309000,/data/gen/tokens/sleepedf/ST7191__Pz-Oz.npy
sleepedf,ST7192,ST719,Fpz-Cz,train,296700,/data/gen/tokens/sleepedf/ST7192__Fpz-Cz.npy
sleepedf,ST7192,ST719,Pz-Oz,train,296700,/data/gen/tokens/sleepedf/ST7192__Pz-Oz.npy
sleepedf,ST7202,ST720,Fpz-Cz,train,299400,/data/gen/tokens/sleepedf/ST7202__Fpz-Cz.npy
sleepedf,ST7202,ST720,Pz-Oz,train,299400,/data/gen/tokens/sleepedf/ST7202__Pz-Oz.npy
sleepedf,ST7201,ST720,Fpz-Cz,train,291000,/data/gen/tokens/sleepedf/ST7201__Fpz-Cz.npy
sleepedf,ST7201,ST720,Pz-Oz,train,291000,/data/gen/tokens/sleepedf/ST7201__Pz-Oz.npy
sleepedf,ST7211,ST721,Fpz-Cz,train,318900,/data/gen/tokens/sleepedf/ST7211__Fpz-Cz.npy
sleepedf,ST7211,ST721,Pz-Oz,train,318900,/data/gen/tokens/sleepedf/ST7211__Pz-Oz.npy
sleepedf,ST7241,ST724,Fpz-Cz,train,326100,/data/gen/tokens/sleepedf/ST7241__Fpz-Cz.npy
sleepedf,ST7241,ST724,Pz-Oz,train,326100,/data/gen/tokens/sleepedf/ST7241__Pz-Oz.npy
sleepedf,ST7212,ST721,Fpz-Cz,train,316200,/data/gen/tokens/sleepedf/ST7212__Fpz-Cz.npy
sleepedf,ST7212,ST721,Pz-Oz,train,316200,/data/gen/tokens/sleepedf/ST7212__Pz-Oz.npy
sleepedf,ST7242,ST724,Fpz-Cz,train,294600,/data/gen/tokens/sleepedf/ST7242__Fpz-Cz.npy
sleepedf,ST7242,ST724,Pz-Oz,train,294600,/data/gen/tokens/sleepedf/ST7242__Pz-Oz.npy
sleepedf,ST7222,ST722,Fpz-Cz,train,287400,/data/gen/tokens/sleepedf/ST7222__Fpz-Cz.npy
sleepedf,ST7222,ST722,Pz-Oz,train,287400,/data/gen/tokens/sleepedf/ST7222__Pz-Oz.npy
sleepedf,ST7221,ST722,Fpz-Cz,train,313500,/data/gen/tokens/sleepedf/ST7221__Fpz-Cz.npy
sleepedf,ST7221,ST722,Pz-Oz,train,313500,/data/gen/tokens/sleepedf/ST7221__Pz-Oz.npy
bitbrain,sub-104_psg,sub-104,F3,train,251700,/data/gen/tokens/bitbrain/sub-104_psg__F3.npy
bitbrain,sub-104_psg,sub-104,F4,train,251700,/data/gen/tokens/bitbrain/sub-104_psg__F4.npy
bitbrain,sub-104_psg,sub-104,C3,train,251700,/data/gen/tokens/bitbrain/sub-104_psg__C3.npy
bitbrain,sub-104_psg,sub-104,C4,train,251700,/data/gen/tokens/bitbrain/sub-104_psg__C4.npy
bitbrain,sub-104_psg,sub-104,O1,train,251700,/data/gen/tokens/bitbrain/sub-104_psg__O1.npy
bitbrain,sub-104_psg,sub-104,O2,train,251700,/data/gen/tokens/bitbrain/sub-104_psg__O2.npy
bitbrain,sub-104_psg,sub-104,F3-F4,train,251700,/data/gen/tokens/bitbrain/sub-104_psg__F3-F4.npy
bitbrain,sub-104_headband,sub-104,HB_1,train,251700,/data/gen/tokens/bitbrain/sub-104_headband__HB_1.npy
bitbrain,sub-104_headband,sub-104,HB_2,train,251700,/data/gen/tokens/bitbrain/sub-104_headband__HB_2.npy
bitbrain,sub-104_headband,sub-104,HB_1-HB_2,train,251700,/data/gen/tokens/bitbrain/sub-104_headband__HB_1-HB_2.npy
bitbrain,sub-103_psg,sub-103,F3,train,257400,/data/gen/tokens/bitbrain/sub-103_psg__F3.npy
bitbrain,sub-103_psg,sub-103,F4,train,257400,/data/gen/tokens/bitbrain/sub-103_psg__F4.npy
bitbrain,sub-103_psg,sub-103,C3,train,257400,/data/gen/tokens/bitbrain/sub-103_psg__C3.npy
bitbrain,sub-103_psg,sub-103,C4,train,257400,/data/gen/tokens/bitbrain/sub-103_psg__C4.npy
bitbrain,sub-103_psg,sub-103,O1,train,257400,/data/gen/tokens/bitbrain/sub-103_psg__O1.npy
bitbrain,sub-103_psg,sub-103,O2,train,257400,/data/gen/tokens/bitbrain/sub-103_psg__O2.npy
bitbrain,sub-103_psg,sub-103,F3-F4,train,257400,/data/gen/tokens/bitbrain/sub-103_psg__F3-F4.npy
bitbrain,sub-103_headband,sub-103,HB_1,train,257400,/data/gen/tokens/bitbrain/sub-103_headband__HB_1.npy
bitbrain,sub-103_headband,sub-103,HB_2,train,257400,/data/gen/tokens/bitbrain/sub-103_headband__HB_2.npy
bitbrain,sub-103_headband,sub-103,HB_1-HB_2,train,257400,/data/gen/tokens/bitbrain/sub-103_headband__HB_1-HB_2.npy
bitbrain,sub-1_psg,sub-1,F3,train,274500,/data/gen/tokens/bitbrain/sub-1_psg__F3.npy
bitbrain,sub-1_psg,sub-1,F4,train,274500,/data/gen/tokens/bitbrain/sub-1_psg__F4.npy
bitbrain,sub-1_psg,sub-1,C3,train,274500,/data/gen/tokens/bitbrain/sub-1_psg__C3.npy
bitbrain,sub-1_psg,sub-1,C4,train,274500,/data/gen/tokens/bitbrain/sub-1_psg__C4.npy
bitbrain,sub-1_psg,sub-1,O1,train,274500,/data/gen/tokens/bitbrain/sub-1_psg__O1.npy
bitbrain,sub-1_psg,sub-1,O2,train,274500,/data/gen/tokens/bitbrain/sub-1_psg__O2.npy
bitbrain,sub-1_psg,sub-1,F3-F4,train,274500,/data/gen/tokens/bitbrain/sub-1_psg__F3-F4.npy
bitbrain,sub-1_headband,sub-1,HB_1,train,274500,/data/gen/tokens/bitbrain/sub-1_headband__HB_1.npy
bitbrain,sub-1_headband,sub-1,HB_2,train,274500,/data/gen/tokens/bitbrain/sub-1_headband__HB_2.npy
bitbrain,sub-1_headband,sub-1,HB_1-HB_2,train,274500,/data/gen/tokens/bitbrain/sub-1_headband__HB_1-HB_2.npy
bitbrain,sub-10_psg,sub-10,F3,train,297900,/data/gen/tokens/bitbrain/sub-10_psg__F3.npy
bitbrain,sub-10_psg,sub-10,F4,train,297900,/data/gen/tokens/bitbrain/sub-10_psg__F4.npy
bitbrain,sub-10_psg,sub-10,C3,train,297900,/data/gen/tokens/bitbrain/sub-10_psg__C3.npy
bitbrain,sub-10_psg,sub-10,C4,train,297900,/data/gen/tokens/bitbrain/sub-10_psg__C4.npy
bitbrain,sub-10_psg,sub-10,O1,train,297900,/data/gen/tokens/bitbrain/sub-10_psg__O1.npy
bitbrain,sub-10_psg,sub-10,O2,train,297900,/data/gen/tokens/bitbrain/sub-10_psg__O2.npy
bitbrain,sub-10_psg,sub-10,F3-F4,train,297900,/data/gen/tokens/bitbrain/sub-10_psg__F3-F4.npy
bitbrain,sub-10_headband,sub-10,HB_1,train,297900,/data/gen/tokens/bitbrain/sub-10_headband__HB_1.npy
bitbrain,sub-10_headband,sub-10,HB_2,train,297900,/data/gen/tokens/bitbrain/sub-10_headband__HB_2.npy
bitbrain,sub-10_headband,sub-10,HB_1-HB_2,train,297900,/data/gen/tokens/bitbrain/sub-10_headband__HB_1-HB_2.npy
bitbrain,sub-105_psg,sub-105,F3,train,291900,/data/gen/tokens/bitbrain/sub-105_psg__F3.npy
bitbrain,sub-105_psg,sub-105,F4,train,291900,/data/gen/tokens/bitbrain/sub-105_psg__F4.npy
bitbrain,sub-105_psg,sub-105,C3,train,291900,/data/gen/tokens/bitbrain/sub-105_psg__C3.npy
bitbrain,sub-105_psg,sub-105,C4,train,291900,/data/gen/tokens/bitbrain/sub-105_psg__C4.npy
bitbrain,sub-105_psg,sub-105,O1,train,291900,/data/gen/tokens/bitbrain/sub-105_psg__O1.npy
bitbrain,sub-105_psg,sub-105,O2,train,291900,/data/gen/tokens/bitbrain/sub-105_psg__O2.npy
bitbrain,sub-105_psg,sub-105,F3-F4,train,291900,/data/gen/tokens/bitbrain/sub-105_psg__F3-F4.npy
bitbrain,sub-105_headband,sub-105,HB_1,train,291900,/data/gen/tokens/bitbrain/sub-105_headband__HB_1.npy
bitbrain,sub-105_headband,sub-105,HB_2,train,291900,/data/gen/tokens/bitbrain/sub-105_headband__HB_2.npy
bitbrain,sub-105_headband,sub-105,HB_1-HB_2,train,291900,/data/gen/tokens/bitbrain/sub-105_headband__HB_1-HB_2.npy
bitbrain,sub-101_psg,sub-101,F3,train,280500,/data/gen/tokens/bitbrain/sub-101_psg__F3.npy
bitbrain,sub-101_psg,sub-101,F4,train,280500,/data/gen/tokens/bitbrain/sub-101_psg__F4.npy
bitbrain,sub-101_psg,sub-101,C3,train,280500,/data/gen/tokens/bitbrain/sub-101_psg__C3.npy
bitbrain,sub-101_psg,sub-101,C4,train,280500,/data/gen/tokens/bitbrain/sub-101_psg__C4.npy
bitbrain,sub-101_psg,sub-101,O1,train,280500,/data/gen/tokens/bitbrain/sub-101_psg__O1.npy
bitbrain,sub-101_psg,sub-101,O2,train,280500,/data/gen/tokens/bitbrain/sub-101_psg__O2.npy
bitbrain,sub-101_psg,sub-101,F3-F4,train,280500,/data/gen/tokens/bitbrain/sub-101_psg__F3-F4.npy
bitbrain,sub-101_headband,sub-101,HB_1,train,280500,/data/gen/tokens/bitbrain/sub-101_headband__HB_1.npy
bitbrain,sub-101_headband,sub-101,HB_2,train,280500,/data/gen/tokens/bitbrain/sub-101_headband__HB_2.npy
bitbrain,sub-101_headband,sub-101,HB_1-HB_2,train,280500,/data/gen/tokens/bitbrain/sub-101_headband__HB_1-HB_2.npy
bitbrain,sub-100_psg,sub-100,F3,train,298800,/data/gen/tokens/bitbrain/sub-100_psg__F3.npy
bitbrain,sub-100_psg,sub-100,F4,train,298800,/data/gen/tokens/bitbrain/sub-100_psg__F4.npy
bitbrain,sub-100_psg,sub-100,C3,train,298800,/data/gen/tokens/bitbrain/sub-100_psg__C3.npy
bitbrain,sub-100_psg,sub-100,C4,train,298800,/data/gen/tokens/bitbrain/sub-100_psg__C4.npy
bitbrain,sub-100_psg,sub-100,O1,train,298800,/data/gen/tokens/bitbrain/sub-100_psg__O1.npy
bitbrain,sub-100_psg,sub-100,O2,train,298800,/data/gen/tokens/bitbrain/sub-100_psg__O2.npy
bitbrain,sub-100_psg,sub-100,F3-F4,train,298800,/data/gen/tokens/bitbrain/sub-100_psg__F3-F4.npy
bitbrain,sub-100_headband,sub-100,HB_1,train,298800,/data/gen/tokens/bitbrain/sub-100_headband__HB_1.npy
bitbrain,sub-100_headband,sub-100,HB_2,train,298800,/data/gen/tokens/bitbrain/sub-100_headband__HB_2.npy
bitbrain,sub-100_headband,sub-100,HB_1-HB_2,train,298800,/data/gen/tokens/bitbrain/sub-100_headband__HB_1-HB_2.npy
bitbrain,sub-102_psg,sub-102,F3,train,288900,/data/gen/tokens/bitbrain/sub-102_psg__F3.npy
bitbrain,sub-102_psg,sub-102,F4,train,288900,/data/gen/tokens/bitbrain/sub-102_psg__F4.npy
bitbrain,sub-102_psg,sub-102,C3,train,288900,/data/gen/tokens/bitbrain/sub-102_psg__C3.npy
bitbrain,sub-102_psg,sub-102,C4,train,288900,/data/gen/tokens/bitbrain/sub-102_psg__C4.npy
bitbrain,sub-102_psg,sub-102,O1,train,288900,/data/gen/tokens/bitbrain/sub-102_psg__O1.npy
bitbrain,sub-102_psg,sub-102,O2,train,288900,/data/gen/tokens/bitbrain/sub-102_psg__O2.npy
bitbrain,sub-102_psg,sub-102,F3-F4,train,288900,/data/gen/tokens/bitbrain/sub-102_psg__F3-F4.npy
bitbrain,sub-102_headband,sub-102,HB_1,train,288900,/data/gen/tokens/bitbrain/sub-102_headband__HB_1.npy
bitbrain,sub-102_headband,sub-102,HB_2,train,288900,/data/gen/tokens/bitbrain/sub-102_headband__HB_2.npy
bitbrain,sub-102_headband,sub-102,HB_1-HB_2,train,288900,/data/gen/tokens/bitbrain/sub-102_headband__HB_1-HB_2.npy
bitbrain,sub-106_psg,sub-106,F3,train,263400,/data/gen/tokens/bitbrain/sub-106_psg__F3.npy
bitbrain,sub-106_psg,sub-106,F4,train,263400,/data/gen/tokens/bitbrain/sub-106_psg__F4.npy
bitbrain,sub-106_psg,sub-106,C3,train,263400,/data/gen/tokens/bitbrain/sub-106_psg__C3.npy
bitbrain,sub-106_psg,sub-106,C4,train,263400,/data/gen/tokens/bitbrain/sub-106_psg__C4.npy
bitbrain,sub-106_psg,sub-106,O1,train,263400,/data/gen/tokens/bitbrain/sub-106_psg__O1.npy
bitbrain,sub-106_psg,sub-106,O2,train,263400,/data/gen/tokens/bitbrain/sub-106_psg__O2.npy
bitbrain,sub-106_psg,sub-106,F3-F4,train,263400,/data/gen/tokens/bitbrain/sub-106_psg__F3-F4.npy
bitbrain,sub-106_headband,sub-106,HB_1,train,263400,/data/gen/tokens/bitbrain/sub-106_headband__HB_1.npy
bitbrain,sub-106_headband,sub-106,HB_2,train,263400,/data/gen/tokens/bitbrain/sub-106_headband__HB_2.npy
bitbrain,sub-106_headband,sub-106,HB_1-HB_2,train,263400,/data/gen/tokens/bitbrain/sub-106_headband__HB_1-HB_2.npy
bitbrain,sub-107_psg,sub-107,F3,train,285600,/data/gen/tokens/bitbrain/sub-107_psg__F3.npy
bitbrain,sub-107_psg,sub-107,F4,train,285600,/data/gen/tokens/bitbrain/sub-107_psg__F4.npy
bitbrain,sub-107_psg,sub-107,C3,train,285600,/data/gen/tokens/bitbrain/sub-107_psg__C3.npy
bitbrain,sub-107_psg,sub-107,C4,train,285600,/data/gen/tokens/bitbrain/sub-107_psg__C4.npy
bitbrain,sub-107_psg,sub-107,O1,train,285600,/data/gen/tokens/bitbrain/sub-107_psg__O1.npy
bitbrain,sub-107_psg,sub-107,O2,train,285600,/data/gen/tokens/bitbrain/sub-107_psg__O2.npy
bitbrain,sub-107_psg,sub-107,F3-F4,train,285600,/data/gen/tokens/bitbrain/sub-107_psg__F3-F4.npy
bitbrain,sub-107_headband,sub-107,HB_1,train,285600,/data/gen/tokens/bitbrain/sub-107_headband__HB_1.npy
bitbrain,sub-107_headband,sub-107,HB_2,train,285600,/data/gen/tokens/bitbrain/sub-107_headband__HB_2.npy
bitbrain,sub-107_headband,sub-107,HB_1-HB_2,train,285600,/data/gen/tokens/bitbrain/sub-107_headband__HB_1-HB_2.npy
bitbrain,sub-109_psg,sub-109,F3,train,252900,/data/gen/tokens/bitbrain/sub-109_psg__F3.npy
bitbrain,sub-109_psg,sub-109,F4,train,252900,/data/gen/tokens/bitbrain/sub-109_psg__F4.npy
bitbrain,sub-109_psg,sub-109,C3,train,252900,/data/gen/tokens/bitbrain/sub-109_psg__C3.npy
bitbrain,sub-109_psg,sub-109,C4,train,252900,/data/gen/tokens/bitbrain/sub-109_psg__C4.npy
bitbrain,sub-109_psg,sub-109,O1,train,252900,/data/gen/tokens/bitbrain/sub-109_psg__O1.npy
bitbrain,sub-109_psg,sub-109,O2,train,252900,/data/gen/tokens/bitbrain/sub-109_psg__O2.npy
bitbrain,sub-109_psg,sub-109,F3-F4,train,252900,/data/gen/tokens/bitbrain/sub-109_psg__F3-F4.npy
bitbrain,sub-109_headband,sub-109,HB_1,train,252900,/data/gen/tokens/bitbrain/sub-109_headband__HB_1.npy
bitbrain,sub-109_headband,sub-109,HB_2,train,252900,/data/gen/tokens/bitbrain/sub-109_headband__HB_2.npy
bitbrain,sub-109_headband,sub-109,HB_1-HB_2,train,252900,/data/gen/tokens/bitbrain/sub-109_headband__HB_1-HB_2.npy
bitbrain,sub-108_psg,sub-108,F3,train,300300,/data/gen/tokens/bitbrain/sub-108_psg__F3.npy
bitbrain,sub-108_psg,sub-108,F4,train,300300,/data/gen/tokens/bitbrain/sub-108_psg__F4.npy
bitbrain,sub-108_psg,sub-108,C3,train,300300,/data/gen/tokens/bitbrain/sub-108_psg__C3.npy
bitbrain,sub-108_psg,sub-108,C4,train,300300,/data/gen/tokens/bitbrain/sub-108_psg__C4.npy
bitbrain,sub-108_psg,sub-108,O1,train,300300,/data/gen/tokens/bitbrain/sub-108_psg__O1.npy
bitbrain,sub-108_psg,sub-108,O2,train,300300,/data/gen/tokens/bitbrain/sub-108_psg__O2.npy
bitbrain,sub-108_psg,sub-108,F3-F4,train,300300,/data/gen/tokens/bitbrain/sub-108_psg__F3-F4.npy
bitbrain,sub-108_headband,sub-108,HB_1,train,300300,/data/gen/tokens/bitbrain/sub-108_headband__HB_1.npy
bitbrain,sub-108_headband,sub-108,HB_2,train,300300,/data/gen/tokens/bitbrain/sub-108_headband__HB_2.npy
bitbrain,sub-108_headband,sub-108,HB_1-HB_2,train,300300,/data/gen/tokens/bitbrain/sub-108_headband__HB_1-HB_2.npy
bitbrain,sub-110_psg,sub-110,F3,train,285900,/data/gen/tokens/bitbrain/sub-110_psg__F3.npy
bitbrain,sub-110_psg,sub-110,F4,train,285900,/data/gen/tokens/bitbrain/sub-110_psg__F4.npy
bitbrain,sub-110_psg,sub-110,C3,train,285900,/data/gen/tokens/bitbrain/sub-110_psg__C3.npy
bitbrain,sub-110_psg,sub-110,C4,train,285900,/data/gen/tokens/bitbrain/sub-110_psg__C4.npy
bitbrain,sub-110_psg,sub-110,O1,train,285900,/data/gen/tokens/bitbrain/sub-110_psg__O1.npy
bitbrain,sub-110_psg,sub-110,O2,train,285900,/data/gen/tokens/bitbrain/sub-110_psg__O2.npy
bitbrain,sub-110_psg,sub-110,F3-F4,train,285900,/data/gen/tokens/bitbrain/sub-110_psg__F3-F4.npy
bitbrain,sub-110_headband,sub-110,HB_1,train,285900,/data/gen/tokens/bitbrain/sub-110_headband__HB_1.npy
bitbrain,sub-110_headband,sub-110,HB_2,train,285900,/data/gen/tokens/bitbrain/sub-110_headband__HB_2.npy
bitbrain,sub-110_headband,sub-110,HB_1-HB_2,train,285900,/data/gen/tokens/bitbrain/sub-110_headband__HB_1-HB_2.npy
bitbrain,sub-113_psg,sub-113,F3,train,281100,/data/gen/tokens/bitbrain/sub-113_psg__F3.npy
bitbrain,sub-113_psg,sub-113,F4,train,281100,/data/gen/tokens/bitbrain/sub-113_psg__F4.npy
bitbrain,sub-113_psg,sub-113,C3,train,281100,/data/gen/tokens/bitbrain/sub-113_psg__C3.npy
bitbrain,sub-113_psg,sub-113,C4,train,281100,/data/gen/tokens/bitbrain/sub-113_psg__C4.npy
bitbrain,sub-113_psg,sub-113,O1,train,281100,/data/gen/tokens/bitbrain/sub-113_psg__O1.npy
bitbrain,sub-113_psg,sub-113,O2,train,281100,/data/gen/tokens/bitbrain/sub-113_psg__O2.npy
bitbrain,sub-113_psg,sub-113,F3-F4,train,281100,/data/gen/tokens/bitbrain/sub-113_psg__F3-F4.npy
bitbrain,sub-113_headband,sub-113,HB_1,train,281100,/data/gen/tokens/bitbrain/sub-113_headband__HB_1.npy
bitbrain,sub-113_headband,sub-113,HB_2,train,281100,/data/gen/tokens/bitbrain/sub-113_headband__HB_2.npy
bitbrain,sub-113_headband,sub-113,HB_1-HB_2,train,281100,/data/gen/tokens/bitbrain/sub-113_headband__HB_1-HB_2.npy
bitbrain,sub-11_psg,sub-11,F3,train,295500,/data/gen/tokens/bitbrain/sub-11_psg__F3.npy
bitbrain,sub-11_psg,sub-11,F4,train,295500,/data/gen/tokens/bitbrain/sub-11_psg__F4.npy
bitbrain,sub-11_psg,sub-11,C3,train,295500,/data/gen/tokens/bitbrain/sub-11_psg__C3.npy
bitbrain,sub-11_psg,sub-11,C4,train,295500,/data/gen/tokens/bitbrain/sub-11_psg__C4.npy
bitbrain,sub-11_psg,sub-11,O1,train,295500,/data/gen/tokens/bitbrain/sub-11_psg__O1.npy
bitbrain,sub-11_psg,sub-11,O2,train,295500,/data/gen/tokens/bitbrain/sub-11_psg__O2.npy
bitbrain,sub-11_psg,sub-11,F3-F4,train,295500,/data/gen/tokens/bitbrain/sub-11_psg__F3-F4.npy
bitbrain,sub-11_headband,sub-11,HB_1,train,295500,/data/gen/tokens/bitbrain/sub-11_headband__HB_1.npy
bitbrain,sub-11_headband,sub-11,HB_2,train,295500,/data/gen/tokens/bitbrain/sub-11_headband__HB_2.npy
bitbrain,sub-11_headband,sub-11,HB_1-HB_2,train,295500,/data/gen/tokens/bitbrain/sub-11_headband__HB_1-HB_2.npy
bitbrain,sub-112_psg,sub-112,F3,heldout,275700,/data/gen/tokens/bitbrain/sub-112_psg__F3.npy
bitbrain,sub-112_psg,sub-112,F4,heldout,275700,/data/gen/tokens/bitbrain/sub-112_psg__F4.npy
bitbrain,sub-112_psg,sub-112,C3,heldout,275700,/data/gen/tokens/bitbrain/sub-112_psg__C3.npy
bitbrain,sub-112_psg,sub-112,C4,heldout,275700,/data/gen/tokens/bitbrain/sub-112_psg__C4.npy
bitbrain,sub-112_psg,sub-112,O1,heldout,275700,/data/gen/tokens/bitbrain/sub-112_psg__O1.npy
bitbrain,sub-112_psg,sub-112,O2,heldout,275700,/data/gen/tokens/bitbrain/sub-112_psg__O2.npy
bitbrain,sub-112_psg,sub-112,F3-F4,heldout,275700,/data/gen/tokens/bitbrain/sub-112_psg__F3-F4.npy
bitbrain,sub-112_headband,sub-112,HB_1,heldout,275700,/data/gen/tokens/bitbrain/sub-112_headband__HB_1.npy
bitbrain,sub-112_headband,sub-112,HB_2,heldout,275700,/data/gen/tokens/bitbrain/sub-112_headband__HB_2.npy
bitbrain,sub-112_headband,sub-112,HB_1-HB_2,heldout,275700,/data/gen/tokens/bitbrain/sub-112_headband__HB_1-HB_2.npy
bitbrain,sub-114_psg,sub-114,F3,train,279900,/data/gen/tokens/bitbrain/sub-114_psg__F3.npy
bitbrain,sub-114_psg,sub-114,F4,train,279900,/data/gen/tokens/bitbrain/sub-114_psg__F4.npy
bitbrain,sub-114_psg,sub-114,C3,train,279900,/data/gen/tokens/bitbrain/sub-114_psg__C3.npy
bitbrain,sub-114_psg,sub-114,C4,train,279900,/data/gen/tokens/bitbrain/sub-114_psg__C4.npy
bitbrain,sub-114_psg,sub-114,O1,train,279900,/data/gen/tokens/bitbrain/sub-114_psg__O1.npy
bitbrain,sub-114_psg,sub-114,O2,train,279900,/data/gen/tokens/bitbrain/sub-114_psg__O2.npy
bitbrain,sub-114_psg,sub-114,F3-F4,train,279900,/data/gen/tokens/bitbrain/sub-114_psg__F3-F4.npy
bitbrain,sub-114_headband,sub-114,HB_1,train,279900,/data/gen/tokens/bitbrain/sub-114_headband__HB_1.npy
bitbrain,sub-114_headband,sub-114,HB_2,train,279900,/data/gen/tokens/bitbrain/sub-114_headband__HB_2.npy
bitbrain,sub-114_headband,sub-114,HB_1-HB_2,train,279900,/data/gen/tokens/bitbrain/sub-114_headband__HB_1-HB_2.npy
bitbrain,sub-111_psg,sub-111,F3,heldout,288300,/data/gen/tokens/bitbrain/sub-111_psg__F3.npy
bitbrain,sub-111_psg,sub-111,F4,heldout,288300,/data/gen/tokens/bitbrain/sub-111_psg__F4.npy
bitbrain,sub-111_psg,sub-111,C3,heldout,288300,/data/gen/tokens/bitbrain/sub-111_psg__C3.npy
bitbrain,sub-111_psg,sub-111,C4,heldout,288300,/data/gen/tokens/bitbrain/sub-111_psg__C4.npy
bitbrain,sub-111_psg,sub-111,O1,heldout,288300,/data/gen/tokens/bitbrain/sub-111_psg__O1.npy
bitbrain,sub-111_psg,sub-111,O2,heldout,288300,/data/gen/tokens/bitbrain/sub-111_psg__O2.npy
bitbrain,sub-111_psg,sub-111,F3-F4,heldout,288300,/data/gen/tokens/bitbrain/sub-111_psg__F3-F4.npy
bitbrain,sub-111_headband,sub-111,HB_1,heldout,288300,/data/gen/tokens/bitbrain/sub-111_headband__HB_1.npy
bitbrain,sub-111_headband,sub-111,HB_2,heldout,288300,/data/gen/tokens/bitbrain/sub-111_headband__HB_2.npy
bitbrain,sub-111_headband,sub-111,HB_1-HB_2,heldout,288300,/data/gen/tokens/bitbrain/sub-111_headband__HB_1-HB_2.npy
bitbrain,sub-116_psg,sub-116,F3,train,261900,/data/gen/tokens/bitbrain/sub-116_psg__F3.npy
bitbrain,sub-116_psg,sub-116,F4,train,261900,/data/gen/tokens/bitbrain/sub-116_psg__F4.npy
bitbrain,sub-116_psg,sub-116,C3,train,261900,/data/gen/tokens/bitbrain/sub-116_psg__C3.npy
bitbrain,sub-116_psg,sub-116,C4,train,261900,/data/gen/tokens/bitbrain/sub-116_psg__C4.npy
bitbrain,sub-116_psg,sub-116,O1,train,261900,/data/gen/tokens/bitbrain/sub-116_psg__O1.npy
bitbrain,sub-116_psg,sub-116,O2,train,261900,/data/gen/tokens/bitbrain/sub-116_psg__O2.npy
bitbrain,sub-116_psg,sub-116,F3-F4,train,261900,/data/gen/tokens/bitbrain/sub-116_psg__F3-F4.npy
bitbrain,sub-116_headband,sub-116,HB_1,train,261900,/data/gen/tokens/bitbrain/sub-116_headband__HB_1.npy
bitbrain,sub-116_headband,sub-116,HB_2,train,261900,/data/gen/tokens/bitbrain/sub-116_headband__HB_2.npy
bitbrain,sub-116_headband,sub-116,HB_1-HB_2,train,261900,/data/gen/tokens/bitbrain/sub-116_headband__HB_1-HB_2.npy
bitbrain,sub-115_psg,sub-115,F3,train,257400,/data/gen/tokens/bitbrain/sub-115_psg__F3.npy
bitbrain,sub-115_psg,sub-115,F4,train,257400,/data/gen/tokens/bitbrain/sub-115_psg__F4.npy
bitbrain,sub-115_psg,sub-115,C3,train,257400,/data/gen/tokens/bitbrain/sub-115_psg__C3.npy
bitbrain,sub-115_psg,sub-115,C4,train,257400,/data/gen/tokens/bitbrain/sub-115_psg__C4.npy
bitbrain,sub-115_psg,sub-115,O1,train,257400,/data/gen/tokens/bitbrain/sub-115_psg__O1.npy
bitbrain,sub-115_psg,sub-115,O2,train,257400,/data/gen/tokens/bitbrain/sub-115_psg__O2.npy
bitbrain,sub-115_psg,sub-115,F3-F4,train,257400,/data/gen/tokens/bitbrain/sub-115_psg__F3-F4.npy
bitbrain,sub-115_headband,sub-115,HB_1,train,257400,/data/gen/tokens/bitbrain/sub-115_headband__HB_1.npy
bitbrain,sub-115_headband,sub-115,HB_2,train,257400,/data/gen/tokens/bitbrain/sub-115_headband__HB_2.npy
bitbrain,sub-115_headband,sub-115,HB_1-HB_2,train,257400,/data/gen/tokens/bitbrain/sub-115_headband__HB_1-HB_2.npy
bitbrain,sub-117_psg,sub-117,F3,train,237900,/data/gen/tokens/bitbrain/sub-117_psg__F3.npy
bitbrain,sub-117_psg,sub-117,F4,train,237900,/data/gen/tokens/bitbrain/sub-117_psg__F4.npy
bitbrain,sub-117_psg,sub-117,C3,train,237900,/data/gen/tokens/bitbrain/sub-117_psg__C3.npy
bitbrain,sub-117_psg,sub-117,C4,train,237900,/data/gen/tokens/bitbrain/sub-117_psg__C4.npy
bitbrain,sub-117_psg,sub-117,O1,train,237900,/data/gen/tokens/bitbrain/sub-117_psg__O1.npy
bitbrain,sub-117_psg,sub-117,O2,train,237900,/data/gen/tokens/bitbrain/sub-117_psg__O2.npy
bitbrain,sub-117_psg,sub-117,F3-F4,train,237900,/data/gen/tokens/bitbrain/sub-117_psg__F3-F4.npy
bitbrain,sub-117_headband,sub-117,HB_1,train,237900,/data/gen/tokens/bitbrain/sub-117_headband__HB_1.npy
bitbrain,sub-117_headband,sub-117,HB_2,train,237900,/data/gen/tokens/bitbrain/sub-117_headband__HB_2.npy
bitbrain,sub-117_headband,sub-117,HB_1-HB_2,train,237900,/data/gen/tokens/bitbrain/sub-117_headband__HB_1-HB_2.npy
bitbrain,sub-118_psg,sub-118,F3,train,268200,/data/gen/tokens/bitbrain/sub-118_psg__F3.npy
bitbrain,sub-118_psg,sub-118,F4,train,268200,/data/gen/tokens/bitbrain/sub-118_psg__F4.npy
bitbrain,sub-118_psg,sub-118,C3,train,268200,/data/gen/tokens/bitbrain/sub-118_psg__C3.npy
bitbrain,sub-118_psg,sub-118,C4,train,268200,/data/gen/tokens/bitbrain/sub-118_psg__C4.npy
bitbrain,sub-118_psg,sub-118,O1,train,268200,/data/gen/tokens/bitbrain/sub-118_psg__O1.npy
bitbrain,sub-118_psg,sub-118,O2,train,268200,/data/gen/tokens/bitbrain/sub-118_psg__O2.npy
bitbrain,sub-118_psg,sub-118,F3-F4,train,268200,/data/gen/tokens/bitbrain/sub-118_psg__F3-F4.npy
bitbrain,sub-118_headband,sub-118,HB_1,train,268200,/data/gen/tokens/bitbrain/sub-118_headband__HB_1.npy
bitbrain,sub-118_headband,sub-118,HB_2,train,268200,/data/gen/tokens/bitbrain/sub-118_headband__HB_2.npy
bitbrain,sub-118_headband,sub-118,HB_1-HB_2,train,268200,/data/gen/tokens/bitbrain/sub-118_headband__HB_1-HB_2.npy
bitbrain,sub-120_psg,sub-120,F3,train,236700,/data/gen/tokens/bitbrain/sub-120_psg__F3.npy
bitbrain,sub-120_psg,sub-120,F4,train,236700,/data/gen/tokens/bitbrain/sub-120_psg__F4.npy
bitbrain,sub-120_psg,sub-120,C3,train,236700,/data/gen/tokens/bitbrain/sub-120_psg__C3.npy
bitbrain,sub-120_psg,sub-120,C4,train,236700,/data/gen/tokens/bitbrain/sub-120_psg__C4.npy
bitbrain,sub-120_psg,sub-120,O1,train,236700,/data/gen/tokens/bitbrain/sub-120_psg__O1.npy
bitbrain,sub-120_psg,sub-120,O2,train,236700,/data/gen/tokens/bitbrain/sub-120_psg__O2.npy
bitbrain,sub-120_psg,sub-120,F3-F4,train,236700,/data/gen/tokens/bitbrain/sub-120_psg__F3-F4.npy
bitbrain,sub-120_headband,sub-120,HB_1,train,236700,/data/gen/tokens/bitbrain/sub-120_headband__HB_1.npy
bitbrain,sub-120_headband,sub-120,HB_2,train,236700,/data/gen/tokens/bitbrain/sub-120_headband__HB_2.npy
bitbrain,sub-120_headband,sub-120,HB_1-HB_2,train,236700,/data/gen/tokens/bitbrain/sub-120_headband__HB_1-HB_2.npy
bitbrain,sub-122_psg,sub-122,F3,train,262800,/data/gen/tokens/bitbrain/sub-122_psg__F3.npy
bitbrain,sub-122_psg,sub-122,F4,train,262800,/data/gen/tokens/bitbrain/sub-122_psg__F4.npy
bitbrain,sub-122_psg,sub-122,C3,train,262800,/data/gen/tokens/bitbrain/sub-122_psg__C3.npy
bitbrain,sub-122_psg,sub-122,C4,train,262800,/data/gen/tokens/bitbrain/sub-122_psg__C4.npy
bitbrain,sub-122_psg,sub-122,O1,train,262800,/data/gen/tokens/bitbrain/sub-122_psg__O1.npy
bitbrain,sub-122_psg,sub-122,O2,train,262800,/data/gen/tokens/bitbrain/sub-122_psg__O2.npy
bitbrain,sub-122_psg,sub-122,F3-F4,train,262800,/data/gen/tokens/bitbrain/sub-122_psg__F3-F4.npy
bitbrain,sub-122_headband,sub-122,HB_1,train,262800,/data/gen/tokens/bitbrain/sub-122_headband__HB_1.npy
bitbrain,sub-122_headband,sub-122,HB_2,train,262800,/data/gen/tokens/bitbrain/sub-122_headband__HB_2.npy
bitbrain,sub-122_headband,sub-122,HB_1-HB_2,train,262800,/data/gen/tokens/bitbrain/sub-122_headband__HB_1-HB_2.npy
bitbrain,sub-121_psg,sub-121,F3,train,267900,/data/gen/tokens/bitbrain/sub-121_psg__F3.npy
bitbrain,sub-121_psg,sub-121,F4,train,267900,/data/gen/tokens/bitbrain/sub-121_psg__F4.npy
bitbrain,sub-121_psg,sub-121,C3,train,267900,/data/gen/tokens/bitbrain/sub-121_psg__C3.npy
bitbrain,sub-121_psg,sub-121,C4,train,267900,/data/gen/tokens/bitbrain/sub-121_psg__C4.npy
bitbrain,sub-121_psg,sub-121,O1,train,267900,/data/gen/tokens/bitbrain/sub-121_psg__O1.npy
bitbrain,sub-121_psg,sub-121,O2,train,267900,/data/gen/tokens/bitbrain/sub-121_psg__O2.npy
bitbrain,sub-121_psg,sub-121,F3-F4,train,267900,/data/gen/tokens/bitbrain/sub-121_psg__F3-F4.npy
bitbrain,sub-121_headband,sub-121,HB_1,train,267900,/data/gen/tokens/bitbrain/sub-121_headband__HB_1.npy
bitbrain,sub-121_headband,sub-121,HB_2,train,267900,/data/gen/tokens/bitbrain/sub-121_headband__HB_2.npy
bitbrain,sub-121_headband,sub-121,HB_1-HB_2,train,267900,/data/gen/tokens/bitbrain/sub-121_headband__HB_1-HB_2.npy
bitbrain,sub-119_psg,sub-119,F3,train,269400,/data/gen/tokens/bitbrain/sub-119_psg__F3.npy
bitbrain,sub-119_psg,sub-119,F4,train,269400,/data/gen/tokens/bitbrain/sub-119_psg__F4.npy
bitbrain,sub-119_psg,sub-119,C3,train,269400,/data/gen/tokens/bitbrain/sub-119_psg__C3.npy
bitbrain,sub-119_psg,sub-119,C4,train,269400,/data/gen/tokens/bitbrain/sub-119_psg__C4.npy
bitbrain,sub-119_psg,sub-119,O1,train,269400,/data/gen/tokens/bitbrain/sub-119_psg__O1.npy
bitbrain,sub-119_psg,sub-119,O2,train,269400,/data/gen/tokens/bitbrain/sub-119_psg__O2.npy
bitbrain,sub-119_psg,sub-119,F3-F4,train,269400,/data/gen/tokens/bitbrain/sub-119_psg__F3-F4.npy
bitbrain,sub-119_headband,sub-119,HB_1,train,269400,/data/gen/tokens/bitbrain/sub-119_headband__HB_1.npy
bitbrain,sub-119_headband,sub-119,HB_2,train,269400,/data/gen/tokens/bitbrain/sub-119_headband__HB_2.npy
bitbrain,sub-119_headband,sub-119,HB_1-HB_2,train,269400,/data/gen/tokens/bitbrain/sub-119_headband__HB_1-HB_2.npy
bitbrain,sub-123_psg,sub-123,F3,train,263700,/data/gen/tokens/bitbrain/sub-123_psg__F3.npy
bitbrain,sub-123_psg,sub-123,F4,train,263700,/data/gen/tokens/bitbrain/sub-123_psg__F4.npy
bitbrain,sub-123_psg,sub-123,C3,train,263700,/data/gen/tokens/bitbrain/sub-123_psg__C3.npy
bitbrain,sub-123_psg,sub-123,C4,train,263700,/data/gen/tokens/bitbrain/sub-123_psg__C4.npy
bitbrain,sub-123_psg,sub-123,O1,train,263700,/data/gen/tokens/bitbrain/sub-123_psg__O1.npy
bitbrain,sub-123_psg,sub-123,O2,train,263700,/data/gen/tokens/bitbrain/sub-123_psg__O2.npy
bitbrain,sub-123_psg,sub-123,F3-F4,train,263700,/data/gen/tokens/bitbrain/sub-123_psg__F3-F4.npy
bitbrain,sub-123_headband,sub-123,HB_1,train,263700,/data/gen/tokens/bitbrain/sub-123_headband__HB_1.npy
bitbrain,sub-123_headband,sub-123,HB_2,train,263700,/data/gen/tokens/bitbrain/sub-123_headband__HB_2.npy
bitbrain,sub-123_headband,sub-123,HB_1-HB_2,train,263700,/data/gen/tokens/bitbrain/sub-123_headband__HB_1-HB_2.npy
bitbrain,sub-12_psg,sub-12,F3,train,303900,/data/gen/tokens/bitbrain/sub-12_psg__F3.npy
bitbrain,sub-12_psg,sub-12,F4,train,303900,/data/gen/tokens/bitbrain/sub-12_psg__F4.npy
bitbrain,sub-12_psg,sub-12,C3,train,303900,/data/gen/tokens/bitbrain/sub-12_psg__C3.npy
bitbrain,sub-12_psg,sub-12,C4,train,303900,/data/gen/tokens/bitbrain/sub-12_psg__C4.npy
bitbrain,sub-12_psg,sub-12,O1,train,303900,/data/gen/tokens/bitbrain/sub-12_psg__O1.npy
bitbrain,sub-12_psg,sub-12,O2,train,303900,/data/gen/tokens/bitbrain/sub-12_psg__O2.npy
bitbrain,sub-12_psg,sub-12,F3-F4,train,303900,/data/gen/tokens/bitbrain/sub-12_psg__F3-F4.npy
bitbrain,sub-12_headband,sub-12,HB_1,train,303900,/data/gen/tokens/bitbrain/sub-12_headband__HB_1.npy
bitbrain,sub-12_headband,sub-12,HB_2,train,303900,/data/gen/tokens/bitbrain/sub-12_headband__HB_2.npy
bitbrain,sub-12_headband,sub-12,HB_1-HB_2,train,303900,/data/gen/tokens/bitbrain/sub-12_headband__HB_1-HB_2.npy
bitbrain,sub-124_psg,sub-124,F3,train,266700,/data/gen/tokens/bitbrain/sub-124_psg__F3.npy
bitbrain,sub-124_psg,sub-124,F4,train,266700,/data/gen/tokens/bitbrain/sub-124_psg__F4.npy
bitbrain,sub-124_psg,sub-124,C3,train,266700,/data/gen/tokens/bitbrain/sub-124_psg__C3.npy
bitbrain,sub-124_psg,sub-124,C4,train,266700,/data/gen/tokens/bitbrain/sub-124_psg__C4.npy
bitbrain,sub-124_psg,sub-124,O1,train,266700,/data/gen/tokens/bitbrain/sub-124_psg__O1.npy
bitbrain,sub-124_psg,sub-124,O2,train,266700,/data/gen/tokens/bitbrain/sub-124_psg__O2.npy
bitbrain,sub-124_psg,sub-124,F3-F4,train,266700,/data/gen/tokens/bitbrain/sub-124_psg__F3-F4.npy
bitbrain,sub-124_headband,sub-124,HB_1,train,266700,/data/gen/tokens/bitbrain/sub-124_headband__HB_1.npy
bitbrain,sub-124_headband,sub-124,HB_2,train,266700,/data/gen/tokens/bitbrain/sub-124_headband__HB_2.npy
bitbrain,sub-124_headband,sub-124,HB_1-HB_2,train,266700,/data/gen/tokens/bitbrain/sub-124_headband__HB_1-HB_2.npy
bitbrain,sub-125_psg,sub-125,F3,train,293100,/data/gen/tokens/bitbrain/sub-125_psg__F3.npy
bitbrain,sub-125_psg,sub-125,F4,train,293100,/data/gen/tokens/bitbrain/sub-125_psg__F4.npy
bitbrain,sub-125_psg,sub-125,C3,train,293100,/data/gen/tokens/bitbrain/sub-125_psg__C3.npy
bitbrain,sub-125_psg,sub-125,C4,train,293100,/data/gen/tokens/bitbrain/sub-125_psg__C4.npy
bitbrain,sub-125_psg,sub-125,O1,train,293100,/data/gen/tokens/bitbrain/sub-125_psg__O1.npy
bitbrain,sub-125_psg,sub-125,O2,train,293100,/data/gen/tokens/bitbrain/sub-125_psg__O2.npy
bitbrain,sub-125_psg,sub-125,F3-F4,train,293100,/data/gen/tokens/bitbrain/sub-125_psg__F3-F4.npy
bitbrain,sub-125_headband,sub-125,HB_1,train,293100,/data/gen/tokens/bitbrain/sub-125_headband__HB_1.npy
bitbrain,sub-125_headband,sub-125,HB_2,train,293100,/data/gen/tokens/bitbrain/sub-125_headband__HB_2.npy
bitbrain,sub-125_headband,sub-125,HB_1-HB_2,train,293100,/data/gen/tokens/bitbrain/sub-125_headband__HB_1-HB_2.npy
bitbrain,sub-128_psg,sub-128,F3,train,246300,/data/gen/tokens/bitbrain/sub-128_psg__F3.npy
bitbrain,sub-128_psg,sub-128,F4,train,246300,/data/gen/tokens/bitbrain/sub-128_psg__F4.npy
bitbrain,sub-128_psg,sub-128,C3,train,246300,/data/gen/tokens/bitbrain/sub-128_psg__C3.npy
bitbrain,sub-128_psg,sub-128,C4,train,246300,/data/gen/tokens/bitbrain/sub-128_psg__C4.npy
bitbrain,sub-128_psg,sub-128,O1,train,246300,/data/gen/tokens/bitbrain/sub-128_psg__O1.npy
bitbrain,sub-128_psg,sub-128,O2,train,246300,/data/gen/tokens/bitbrain/sub-128_psg__O2.npy
bitbrain,sub-128_psg,sub-128,F3-F4,train,246300,/data/gen/tokens/bitbrain/sub-128_psg__F3-F4.npy
bitbrain,sub-128_headband,sub-128,HB_1,train,246300,/data/gen/tokens/bitbrain/sub-128_headband__HB_1.npy
bitbrain,sub-128_headband,sub-128,HB_2,train,246300,/data/gen/tokens/bitbrain/sub-128_headband__HB_2.npy
bitbrain,sub-128_headband,sub-128,HB_1-HB_2,train,246300,/data/gen/tokens/bitbrain/sub-128_headband__HB_1-HB_2.npy
bitbrain,sub-13_psg,sub-13,F3,train,299100,/data/gen/tokens/bitbrain/sub-13_psg__F3.npy
bitbrain,sub-13_psg,sub-13,F4,train,299100,/data/gen/tokens/bitbrain/sub-13_psg__F4.npy
bitbrain,sub-13_psg,sub-13,C3,train,299100,/data/gen/tokens/bitbrain/sub-13_psg__C3.npy
bitbrain,sub-13_psg,sub-13,C4,train,299100,/data/gen/tokens/bitbrain/sub-13_psg__C4.npy
bitbrain,sub-13_psg,sub-13,O1,train,299100,/data/gen/tokens/bitbrain/sub-13_psg__O1.npy
bitbrain,sub-13_psg,sub-13,O2,train,299100,/data/gen/tokens/bitbrain/sub-13_psg__O2.npy
bitbrain,sub-13_psg,sub-13,F3-F4,train,299100,/data/gen/tokens/bitbrain/sub-13_psg__F3-F4.npy
bitbrain,sub-13_headband,sub-13,HB_1,train,299100,/data/gen/tokens/bitbrain/sub-13_headband__HB_1.npy
bitbrain,sub-13_headband,sub-13,HB_2,train,299100,/data/gen/tokens/bitbrain/sub-13_headband__HB_2.npy
bitbrain,sub-13_headband,sub-13,HB_1-HB_2,train,299100,/data/gen/tokens/bitbrain/sub-13_headband__HB_1-HB_2.npy
bitbrain,sub-127_psg,sub-127,F3,train,249600,/data/gen/tokens/bitbrain/sub-127_psg__F3.npy
bitbrain,sub-127_psg,sub-127,F4,train,249600,/data/gen/tokens/bitbrain/sub-127_psg__F4.npy
bitbrain,sub-127_psg,sub-127,C3,train,249600,/data/gen/tokens/bitbrain/sub-127_psg__C3.npy
bitbrain,sub-127_psg,sub-127,C4,train,249600,/data/gen/tokens/bitbrain/sub-127_psg__C4.npy
bitbrain,sub-127_psg,sub-127,O1,train,249600,/data/gen/tokens/bitbrain/sub-127_psg__O1.npy
bitbrain,sub-127_psg,sub-127,O2,train,249600,/data/gen/tokens/bitbrain/sub-127_psg__O2.npy
bitbrain,sub-127_psg,sub-127,F3-F4,train,249600,/data/gen/tokens/bitbrain/sub-127_psg__F3-F4.npy
bitbrain,sub-127_headband,sub-127,HB_1,train,249600,/data/gen/tokens/bitbrain/sub-127_headband__HB_1.npy
bitbrain,sub-127_headband,sub-127,HB_2,train,249600,/data/gen/tokens/bitbrain/sub-127_headband__HB_2.npy
bitbrain,sub-127_headband,sub-127,HB_1-HB_2,train,249600,/data/gen/tokens/bitbrain/sub-127_headband__HB_1-HB_2.npy
bitbrain,sub-126_psg,sub-126,F3,train,261300,/data/gen/tokens/bitbrain/sub-126_psg__F3.npy
bitbrain,sub-126_psg,sub-126,F4,train,261300,/data/gen/tokens/bitbrain/sub-126_psg__F4.npy
bitbrain,sub-126_psg,sub-126,C3,train,261300,/data/gen/tokens/bitbrain/sub-126_psg__C3.npy
bitbrain,sub-126_psg,sub-126,C4,train,261300,/data/gen/tokens/bitbrain/sub-126_psg__C4.npy
bitbrain,sub-126_psg,sub-126,O1,train,261300,/data/gen/tokens/bitbrain/sub-126_psg__O1.npy
bitbrain,sub-126_psg,sub-126,O2,train,261300,/data/gen/tokens/bitbrain/sub-126_psg__O2.npy
bitbrain,sub-126_psg,sub-126,F3-F4,train,261300,/data/gen/tokens/bitbrain/sub-126_psg__F3-F4.npy
bitbrain,sub-126_headband,sub-126,HB_1,train,261300,/data/gen/tokens/bitbrain/sub-126_headband__HB_1.npy
bitbrain,sub-126_headband,sub-126,HB_2,train,261300,/data/gen/tokens/bitbrain/sub-126_headband__HB_2.npy
bitbrain,sub-126_headband,sub-126,HB_1-HB_2,train,261300,/data/gen/tokens/bitbrain/sub-126_headband__HB_1-HB_2.npy
bitbrain,sub-14_psg,sub-14,F3,train,321000,/data/gen/tokens/bitbrain/sub-14_psg__F3.npy
bitbrain,sub-14_psg,sub-14,F4,train,321000,/data/gen/tokens/bitbrain/sub-14_psg__F4.npy
bitbrain,sub-14_psg,sub-14,C3,train,321000,/data/gen/tokens/bitbrain/sub-14_psg__C3.npy
bitbrain,sub-14_psg,sub-14,C4,train,321000,/data/gen/tokens/bitbrain/sub-14_psg__C4.npy
bitbrain,sub-14_psg,sub-14,O1,train,321000,/data/gen/tokens/bitbrain/sub-14_psg__O1.npy
bitbrain,sub-14_psg,sub-14,O2,train,321000,/data/gen/tokens/bitbrain/sub-14_psg__O2.npy
bitbrain,sub-14_psg,sub-14,F3-F4,train,321000,/data/gen/tokens/bitbrain/sub-14_psg__F3-F4.npy
bitbrain,sub-14_headband,sub-14,HB_1,train,321000,/data/gen/tokens/bitbrain/sub-14_headband__HB_1.npy
bitbrain,sub-14_headband,sub-14,HB_2,train,321000,/data/gen/tokens/bitbrain/sub-14_headband__HB_2.npy
bitbrain,sub-14_headband,sub-14,HB_1-HB_2,train,321000,/data/gen/tokens/bitbrain/sub-14_headband__HB_1-HB_2.npy
bitbrain,sub-16_psg,sub-16,F3,train,308400,/data/gen/tokens/bitbrain/sub-16_psg__F3.npy
bitbrain,sub-16_psg,sub-16,F4,train,308400,/data/gen/tokens/bitbrain/sub-16_psg__F4.npy
bitbrain,sub-16_psg,sub-16,C3,train,308400,/data/gen/tokens/bitbrain/sub-16_psg__C3.npy
bitbrain,sub-16_psg,sub-16,C4,train,308400,/data/gen/tokens/bitbrain/sub-16_psg__C4.npy
bitbrain,sub-16_psg,sub-16,O1,train,308400,/data/gen/tokens/bitbrain/sub-16_psg__O1.npy
bitbrain,sub-16_psg,sub-16,O2,train,308400,/data/gen/tokens/bitbrain/sub-16_psg__O2.npy
bitbrain,sub-16_psg,sub-16,F3-F4,train,308400,/data/gen/tokens/bitbrain/sub-16_psg__F3-F4.npy
bitbrain,sub-16_headband,sub-16,HB_1,train,308400,/data/gen/tokens/bitbrain/sub-16_headband__HB_1.npy
bitbrain,sub-16_headband,sub-16,HB_2,train,308400,/data/gen/tokens/bitbrain/sub-16_headband__HB_2.npy
bitbrain,sub-16_headband,sub-16,HB_1-HB_2,train,308400,/data/gen/tokens/bitbrain/sub-16_headband__HB_1-HB_2.npy
bitbrain,sub-15_psg,sub-15,F3,heldout,328200,/data/gen/tokens/bitbrain/sub-15_psg__F3.npy
bitbrain,sub-15_psg,sub-15,F4,heldout,328200,/data/gen/tokens/bitbrain/sub-15_psg__F4.npy
bitbrain,sub-15_psg,sub-15,C3,heldout,328200,/data/gen/tokens/bitbrain/sub-15_psg__C3.npy
bitbrain,sub-15_psg,sub-15,C4,heldout,328200,/data/gen/tokens/bitbrain/sub-15_psg__C4.npy
bitbrain,sub-15_psg,sub-15,O1,heldout,328200,/data/gen/tokens/bitbrain/sub-15_psg__O1.npy
bitbrain,sub-15_psg,sub-15,O2,heldout,328200,/data/gen/tokens/bitbrain/sub-15_psg__O2.npy
bitbrain,sub-15_psg,sub-15,F3-F4,heldout,328200,/data/gen/tokens/bitbrain/sub-15_psg__F3-F4.npy
bitbrain,sub-15_headband,sub-15,HB_1,heldout,328200,/data/gen/tokens/bitbrain/sub-15_headband__HB_1.npy
bitbrain,sub-15_headband,sub-15,HB_2,heldout,328200,/data/gen/tokens/bitbrain/sub-15_headband__HB_2.npy
bitbrain,sub-15_headband,sub-15,HB_1-HB_2,heldout,328200,/data/gen/tokens/bitbrain/sub-15_headband__HB_1-HB_2.npy
bitbrain,sub-17_psg,sub-17,F3,heldout,296100,/data/gen/tokens/bitbrain/sub-17_psg__F3.npy
bitbrain,sub-17_psg,sub-17,F4,heldout,296100,/data/gen/tokens/bitbrain/sub-17_psg__F4.npy
bitbrain,sub-17_psg,sub-17,C3,heldout,296100,/data/gen/tokens/bitbrain/sub-17_psg__C3.npy
bitbrain,sub-17_psg,sub-17,C4,heldout,296100,/data/gen/tokens/bitbrain/sub-17_psg__C4.npy
bitbrain,sub-17_psg,sub-17,O1,heldout,296100,/data/gen/tokens/bitbrain/sub-17_psg__O1.npy
bitbrain,sub-17_psg,sub-17,O2,heldout,296100,/data/gen/tokens/bitbrain/sub-17_psg__O2.npy
bitbrain,sub-17_psg,sub-17,F3-F4,heldout,296100,/data/gen/tokens/bitbrain/sub-17_psg__F3-F4.npy
bitbrain,sub-17_headband,sub-17,HB_1,heldout,296100,/data/gen/tokens/bitbrain/sub-17_headband__HB_1.npy
bitbrain,sub-17_headband,sub-17,HB_2,heldout,296100,/data/gen/tokens/bitbrain/sub-17_headband__HB_2.npy
bitbrain,sub-17_headband,sub-17,HB_1-HB_2,heldout,296100,/data/gen/tokens/bitbrain/sub-17_headband__HB_1-HB_2.npy
bitbrain,sub-20_psg,sub-20,F3,train,314400,/data/gen/tokens/bitbrain/sub-20_psg__F3.npy
bitbrain,sub-20_psg,sub-20,F4,train,314400,/data/gen/tokens/bitbrain/sub-20_psg__F4.npy
bitbrain,sub-20_psg,sub-20,C3,train,314400,/data/gen/tokens/bitbrain/sub-20_psg__C3.npy
bitbrain,sub-20_psg,sub-20,C4,train,314400,/data/gen/tokens/bitbrain/sub-20_psg__C4.npy
bitbrain,sub-20_psg,sub-20,O1,train,314400,/data/gen/tokens/bitbrain/sub-20_psg__O1.npy
bitbrain,sub-20_psg,sub-20,O2,train,314400,/data/gen/tokens/bitbrain/sub-20_psg__O2.npy
bitbrain,sub-20_psg,sub-20,F3-F4,train,314400,/data/gen/tokens/bitbrain/sub-20_psg__F3-F4.npy
bitbrain,sub-20_headband,sub-20,HB_1,train,314400,/data/gen/tokens/bitbrain/sub-20_headband__HB_1.npy
bitbrain,sub-20_headband,sub-20,HB_2,train,314400,/data/gen/tokens/bitbrain/sub-20_headband__HB_2.npy
bitbrain,sub-20_headband,sub-20,HB_1-HB_2,train,314400,/data/gen/tokens/bitbrain/sub-20_headband__HB_1-HB_2.npy
bitbrain,sub-19_psg,sub-19,F3,train,303600,/data/gen/tokens/bitbrain/sub-19_psg__F3.npy
bitbrain,sub-19_psg,sub-19,F4,train,303600,/data/gen/tokens/bitbrain/sub-19_psg__F4.npy
bitbrain,sub-19_psg,sub-19,C3,train,303600,/data/gen/tokens/bitbrain/sub-19_psg__C3.npy
bitbrain,sub-19_psg,sub-19,C4,train,303600,/data/gen/tokens/bitbrain/sub-19_psg__C4.npy
bitbrain,sub-19_psg,sub-19,O1,train,303600,/data/gen/tokens/bitbrain/sub-19_psg__O1.npy
bitbrain,sub-19_psg,sub-19,O2,train,303600,/data/gen/tokens/bitbrain/sub-19_psg__O2.npy
bitbrain,sub-19_psg,sub-19,F3-F4,train,303600,/data/gen/tokens/bitbrain/sub-19_psg__F3-F4.npy
bitbrain,sub-19_headband,sub-19,HB_1,train,303600,/data/gen/tokens/bitbrain/sub-19_headband__HB_1.npy
bitbrain,sub-19_headband,sub-19,HB_2,train,303600,/data/gen/tokens/bitbrain/sub-19_headband__HB_2.npy
bitbrain,sub-19_headband,sub-19,HB_1-HB_2,train,303600,/data/gen/tokens/bitbrain/sub-19_headband__HB_1-HB_2.npy
bitbrain,sub-18_psg,sub-18,F3,train,314100,/data/gen/tokens/bitbrain/sub-18_psg__F3.npy
bitbrain,sub-18_psg,sub-18,F4,train,314100,/data/gen/tokens/bitbrain/sub-18_psg__F4.npy
bitbrain,sub-18_psg,sub-18,C3,train,314100,/data/gen/tokens/bitbrain/sub-18_psg__C3.npy
bitbrain,sub-18_psg,sub-18,C4,train,314100,/data/gen/tokens/bitbrain/sub-18_psg__C4.npy
bitbrain,sub-18_psg,sub-18,O1,train,314100,/data/gen/tokens/bitbrain/sub-18_psg__O1.npy
bitbrain,sub-18_psg,sub-18,O2,train,314100,/data/gen/tokens/bitbrain/sub-18_psg__O2.npy
bitbrain,sub-18_psg,sub-18,F3-F4,train,314100,/data/gen/tokens/bitbrain/sub-18_psg__F3-F4.npy
bitbrain,sub-18_headband,sub-18,HB_1,train,314100,/data/gen/tokens/bitbrain/sub-18_headband__HB_1.npy
bitbrain,sub-18_headband,sub-18,HB_2,train,314100,/data/gen/tokens/bitbrain/sub-18_headband__HB_2.npy
bitbrain,sub-18_headband,sub-18,HB_1-HB_2,train,314100,/data/gen/tokens/bitbrain/sub-18_headband__HB_1-HB_2.npy
bitbrain,sub-2_psg,sub-2,F3,train,273900,/data/gen/tokens/bitbrain/sub-2_psg__F3.npy
bitbrain,sub-2_psg,sub-2,F4,train,273900,/data/gen/tokens/bitbrain/sub-2_psg__F4.npy
bitbrain,sub-2_psg,sub-2,C3,train,273900,/data/gen/tokens/bitbrain/sub-2_psg__C3.npy
bitbrain,sub-2_psg,sub-2,C4,train,273900,/data/gen/tokens/bitbrain/sub-2_psg__C4.npy
bitbrain,sub-2_psg,sub-2,O1,train,273900,/data/gen/tokens/bitbrain/sub-2_psg__O1.npy
bitbrain,sub-2_psg,sub-2,O2,train,273900,/data/gen/tokens/bitbrain/sub-2_psg__O2.npy
bitbrain,sub-2_psg,sub-2,F3-F4,train,273900,/data/gen/tokens/bitbrain/sub-2_psg__F3-F4.npy
bitbrain,sub-2_headband,sub-2,HB_1,train,273900,/data/gen/tokens/bitbrain/sub-2_headband__HB_1.npy
bitbrain,sub-2_headband,sub-2,HB_2,train,273900,/data/gen/tokens/bitbrain/sub-2_headband__HB_2.npy
bitbrain,sub-2_headband,sub-2,HB_1-HB_2,train,273900,/data/gen/tokens/bitbrain/sub-2_headband__HB_1-HB_2.npy
bitbrain,sub-21_psg,sub-21,F3,train,312900,/data/gen/tokens/bitbrain/sub-21_psg__F3.npy
bitbrain,sub-21_psg,sub-21,F4,train,312900,/data/gen/tokens/bitbrain/sub-21_psg__F4.npy
bitbrain,sub-21_psg,sub-21,C3,train,312900,/data/gen/tokens/bitbrain/sub-21_psg__C3.npy
bitbrain,sub-21_psg,sub-21,C4,train,312900,/data/gen/tokens/bitbrain/sub-21_psg__C4.npy
bitbrain,sub-21_psg,sub-21,O1,train,312900,/data/gen/tokens/bitbrain/sub-21_psg__O1.npy
bitbrain,sub-21_psg,sub-21,O2,train,312900,/data/gen/tokens/bitbrain/sub-21_psg__O2.npy
bitbrain,sub-21_psg,sub-21,F3-F4,train,312900,/data/gen/tokens/bitbrain/sub-21_psg__F3-F4.npy
bitbrain,sub-21_headband,sub-21,HB_1,train,312900,/data/gen/tokens/bitbrain/sub-21_headband__HB_1.npy
bitbrain,sub-21_headband,sub-21,HB_2,train,312900,/data/gen/tokens/bitbrain/sub-21_headband__HB_2.npy
bitbrain,sub-21_headband,sub-21,HB_1-HB_2,train,312900,/data/gen/tokens/bitbrain/sub-21_headband__HB_1-HB_2.npy
bitbrain,sub-22_psg,sub-22,F3,train,310200,/data/gen/tokens/bitbrain/sub-22_psg__F3.npy
bitbrain,sub-22_psg,sub-22,F4,train,310200,/data/gen/tokens/bitbrain/sub-22_psg__F4.npy
bitbrain,sub-22_psg,sub-22,C3,train,310200,/data/gen/tokens/bitbrain/sub-22_psg__C3.npy
bitbrain,sub-22_psg,sub-22,C4,train,310200,/data/gen/tokens/bitbrain/sub-22_psg__C4.npy
bitbrain,sub-22_psg,sub-22,O1,train,310200,/data/gen/tokens/bitbrain/sub-22_psg__O1.npy
bitbrain,sub-22_psg,sub-22,O2,train,310200,/data/gen/tokens/bitbrain/sub-22_psg__O2.npy
bitbrain,sub-22_psg,sub-22,F3-F4,train,310200,/data/gen/tokens/bitbrain/sub-22_psg__F3-F4.npy
bitbrain,sub-22_headband,sub-22,HB_1,train,310200,/data/gen/tokens/bitbrain/sub-22_headband__HB_1.npy
bitbrain,sub-22_headband,sub-22,HB_2,train,310200,/data/gen/tokens/bitbrain/sub-22_headband__HB_2.npy
bitbrain,sub-22_headband,sub-22,HB_1-HB_2,train,310200,/data/gen/tokens/bitbrain/sub-22_headband__HB_1-HB_2.npy
bitbrain,sub-24_psg,sub-24,F3,train,279900,/data/gen/tokens/bitbrain/sub-24_psg__F3.npy
bitbrain,sub-24_psg,sub-24,F4,train,279900,/data/gen/tokens/bitbrain/sub-24_psg__F4.npy
bitbrain,sub-24_psg,sub-24,C3,train,279900,/data/gen/tokens/bitbrain/sub-24_psg__C3.npy
bitbrain,sub-24_psg,sub-24,C4,train,279900,/data/gen/tokens/bitbrain/sub-24_psg__C4.npy
bitbrain,sub-24_psg,sub-24,O1,train,279900,/data/gen/tokens/bitbrain/sub-24_psg__O1.npy
bitbrain,sub-24_psg,sub-24,O2,train,279900,/data/gen/tokens/bitbrain/sub-24_psg__O2.npy
bitbrain,sub-24_psg,sub-24,F3-F4,train,279900,/data/gen/tokens/bitbrain/sub-24_psg__F3-F4.npy
bitbrain,sub-24_headband,sub-24,HB_1,train,279900,/data/gen/tokens/bitbrain/sub-24_headband__HB_1.npy
bitbrain,sub-24_headband,sub-24,HB_2,train,279900,/data/gen/tokens/bitbrain/sub-24_headband__HB_2.npy
bitbrain,sub-24_headband,sub-24,HB_1-HB_2,train,279900,/data/gen/tokens/bitbrain/sub-24_headband__HB_1-HB_2.npy
bitbrain,sub-23_psg,sub-23,F3,train,335700,/data/gen/tokens/bitbrain/sub-23_psg__F3.npy
bitbrain,sub-23_psg,sub-23,F4,train,335700,/data/gen/tokens/bitbrain/sub-23_psg__F4.npy
bitbrain,sub-23_psg,sub-23,C3,train,335700,/data/gen/tokens/bitbrain/sub-23_psg__C3.npy
bitbrain,sub-23_psg,sub-23,C4,train,335700,/data/gen/tokens/bitbrain/sub-23_psg__C4.npy
bitbrain,sub-23_psg,sub-23,O1,train,335700,/data/gen/tokens/bitbrain/sub-23_psg__O1.npy
bitbrain,sub-23_psg,sub-23,O2,train,335700,/data/gen/tokens/bitbrain/sub-23_psg__O2.npy
bitbrain,sub-23_psg,sub-23,F3-F4,train,335700,/data/gen/tokens/bitbrain/sub-23_psg__F3-F4.npy
bitbrain,sub-23_headband,sub-23,HB_1,train,335700,/data/gen/tokens/bitbrain/sub-23_headband__HB_1.npy
bitbrain,sub-23_headband,sub-23,HB_2,train,335700,/data/gen/tokens/bitbrain/sub-23_headband__HB_2.npy
bitbrain,sub-23_headband,sub-23,HB_1-HB_2,train,335700,/data/gen/tokens/bitbrain/sub-23_headband__HB_1-HB_2.npy
bitbrain,sub-27_psg,sub-27,F3,train,285600,/data/gen/tokens/bitbrain/sub-27_psg__F3.npy
bitbrain,sub-27_psg,sub-27,F4,train,285600,/data/gen/tokens/bitbrain/sub-27_psg__F4.npy
bitbrain,sub-27_psg,sub-27,C3,train,285600,/data/gen/tokens/bitbrain/sub-27_psg__C3.npy
bitbrain,sub-27_psg,sub-27,C4,train,285600,/data/gen/tokens/bitbrain/sub-27_psg__C4.npy
bitbrain,sub-27_psg,sub-27,O1,train,285600,/data/gen/tokens/bitbrain/sub-27_psg__O1.npy
bitbrain,sub-27_psg,sub-27,O2,train,285600,/data/gen/tokens/bitbrain/sub-27_psg__O2.npy
bitbrain,sub-27_psg,sub-27,F3-F4,train,285600,/data/gen/tokens/bitbrain/sub-27_psg__F3-F4.npy
bitbrain,sub-27_headband,sub-27,HB_1,train,285600,/data/gen/tokens/bitbrain/sub-27_headband__HB_1.npy
bitbrain,sub-27_headband,sub-27,HB_2,train,285600,/data/gen/tokens/bitbrain/sub-27_headband__HB_2.npy
bitbrain,sub-27_headband,sub-27,HB_1-HB_2,train,285600,/data/gen/tokens/bitbrain/sub-27_headband__HB_1-HB_2.npy
bitbrain,sub-26_psg,sub-26,F3,train,291600,/data/gen/tokens/bitbrain/sub-26_psg__F3.npy
bitbrain,sub-26_psg,sub-26,F4,train,291600,/data/gen/tokens/bitbrain/sub-26_psg__F4.npy
bitbrain,sub-26_psg,sub-26,C3,train,291600,/data/gen/tokens/bitbrain/sub-26_psg__C3.npy
bitbrain,sub-26_psg,sub-26,C4,train,291600,/data/gen/tokens/bitbrain/sub-26_psg__C4.npy
bitbrain,sub-26_psg,sub-26,O1,train,291600,/data/gen/tokens/bitbrain/sub-26_psg__O1.npy
bitbrain,sub-26_psg,sub-26,O2,train,291600,/data/gen/tokens/bitbrain/sub-26_psg__O2.npy
bitbrain,sub-26_psg,sub-26,F3-F4,train,291600,/data/gen/tokens/bitbrain/sub-26_psg__F3-F4.npy
bitbrain,sub-26_headband,sub-26,HB_1,train,291600,/data/gen/tokens/bitbrain/sub-26_headband__HB_1.npy
bitbrain,sub-26_headband,sub-26,HB_2,train,291600,/data/gen/tokens/bitbrain/sub-26_headband__HB_2.npy
bitbrain,sub-26_headband,sub-26,HB_1-HB_2,train,291600,/data/gen/tokens/bitbrain/sub-26_headband__HB_1-HB_2.npy
bitbrain,sub-25_psg,sub-25,F3,train,324900,/data/gen/tokens/bitbrain/sub-25_psg__F3.npy
bitbrain,sub-25_psg,sub-25,F4,train,324900,/data/gen/tokens/bitbrain/sub-25_psg__F4.npy
bitbrain,sub-25_psg,sub-25,C3,train,324900,/data/gen/tokens/bitbrain/sub-25_psg__C3.npy
bitbrain,sub-25_psg,sub-25,C4,train,324900,/data/gen/tokens/bitbrain/sub-25_psg__C4.npy
bitbrain,sub-25_psg,sub-25,O1,train,324900,/data/gen/tokens/bitbrain/sub-25_psg__O1.npy
bitbrain,sub-25_psg,sub-25,O2,train,324900,/data/gen/tokens/bitbrain/sub-25_psg__O2.npy
bitbrain,sub-25_psg,sub-25,F3-F4,train,324900,/data/gen/tokens/bitbrain/sub-25_psg__F3-F4.npy
bitbrain,sub-25_headband,sub-25,HB_1,train,324900,/data/gen/tokens/bitbrain/sub-25_headband__HB_1.npy
bitbrain,sub-25_headband,sub-25,HB_2,train,324900,/data/gen/tokens/bitbrain/sub-25_headband__HB_2.npy
bitbrain,sub-25_headband,sub-25,HB_1-HB_2,train,324900,/data/gen/tokens/bitbrain/sub-25_headband__HB_1-HB_2.npy
bitbrain,sub-28_psg,sub-28,F3,heldout,257700,/data/gen/tokens/bitbrain/sub-28_psg__F3.npy
bitbrain,sub-28_psg,sub-28,F4,heldout,257700,/data/gen/tokens/bitbrain/sub-28_psg__F4.npy
bitbrain,sub-28_psg,sub-28,C3,heldout,257700,/data/gen/tokens/bitbrain/sub-28_psg__C3.npy
bitbrain,sub-28_psg,sub-28,C4,heldout,257700,/data/gen/tokens/bitbrain/sub-28_psg__C4.npy
bitbrain,sub-28_psg,sub-28,O1,heldout,257700,/data/gen/tokens/bitbrain/sub-28_psg__O1.npy
bitbrain,sub-28_psg,sub-28,O2,heldout,257700,/data/gen/tokens/bitbrain/sub-28_psg__O2.npy
bitbrain,sub-28_psg,sub-28,F3-F4,heldout,257700,/data/gen/tokens/bitbrain/sub-28_psg__F3-F4.npy
bitbrain,sub-28_headband,sub-28,HB_1,heldout,257700,/data/gen/tokens/bitbrain/sub-28_headband__HB_1.npy
bitbrain,sub-28_headband,sub-28,HB_2,heldout,257700,/data/gen/tokens/bitbrain/sub-28_headband__HB_2.npy
bitbrain,sub-28_headband,sub-28,HB_1-HB_2,heldout,257700,/data/gen/tokens/bitbrain/sub-28_headband__HB_1-HB_2.npy
bitbrain,sub-3_psg,sub-3,F3,heldout,299100,/data/gen/tokens/bitbrain/sub-3_psg__F3.npy
bitbrain,sub-3_psg,sub-3,F4,heldout,299100,/data/gen/tokens/bitbrain/sub-3_psg__F4.npy
bitbrain,sub-3_psg,sub-3,C3,heldout,299100,/data/gen/tokens/bitbrain/sub-3_psg__C3.npy
bitbrain,sub-3_psg,sub-3,C4,heldout,299100,/data/gen/tokens/bitbrain/sub-3_psg__C4.npy
bitbrain,sub-3_psg,sub-3,O1,heldout,299100,/data/gen/tokens/bitbrain/sub-3_psg__O1.npy
bitbrain,sub-3_psg,sub-3,O2,heldout,299100,/data/gen/tokens/bitbrain/sub-3_psg__O2.npy
bitbrain,sub-3_psg,sub-3,F3-F4,heldout,299100,/data/gen/tokens/bitbrain/sub-3_psg__F3-F4.npy
bitbrain,sub-3_headband,sub-3,HB_1,heldout,299100,/data/gen/tokens/bitbrain/sub-3_headband__HB_1.npy
bitbrain,sub-3_headband,sub-3,HB_2,heldout,299100,/data/gen/tokens/bitbrain/sub-3_headband__HB_2.npy
bitbrain,sub-3_headband,sub-3,HB_1-HB_2,heldout,299100,/data/gen/tokens/bitbrain/sub-3_headband__HB_1-HB_2.npy
bitbrain,sub-30_psg,sub-30,F3,heldout,250200,/data/gen/tokens/bitbrain/sub-30_psg__F3.npy
bitbrain,sub-30_psg,sub-30,F4,heldout,250200,/data/gen/tokens/bitbrain/sub-30_psg__F4.npy
bitbrain,sub-30_psg,sub-30,C3,heldout,250200,/data/gen/tokens/bitbrain/sub-30_psg__C3.npy
bitbrain,sub-30_psg,sub-30,C4,heldout,250200,/data/gen/tokens/bitbrain/sub-30_psg__C4.npy
bitbrain,sub-30_psg,sub-30,O1,heldout,250200,/data/gen/tokens/bitbrain/sub-30_psg__O1.npy
bitbrain,sub-30_psg,sub-30,O2,heldout,250200,/data/gen/tokens/bitbrain/sub-30_psg__O2.npy
bitbrain,sub-30_psg,sub-30,F3-F4,heldout,250200,/data/gen/tokens/bitbrain/sub-30_psg__F3-F4.npy
bitbrain,sub-30_headband,sub-30,HB_1,heldout,250200,/data/gen/tokens/bitbrain/sub-30_headband__HB_1.npy
bitbrain,sub-30_headband,sub-30,HB_2,heldout,250200,/data/gen/tokens/bitbrain/sub-30_headband__HB_2.npy
bitbrain,sub-30_headband,sub-30,HB_1-HB_2,heldout,250200,/data/gen/tokens/bitbrain/sub-30_headband__HB_1-HB_2.npy
bitbrain,sub-29_psg,sub-29,F3,train,332400,/data/gen/tokens/bitbrain/sub-29_psg__F3.npy
bitbrain,sub-29_psg,sub-29,F4,train,332400,/data/gen/tokens/bitbrain/sub-29_psg__F4.npy
bitbrain,sub-29_psg,sub-29,C3,train,332400,/data/gen/tokens/bitbrain/sub-29_psg__C3.npy
bitbrain,sub-29_psg,sub-29,C4,train,332400,/data/gen/tokens/bitbrain/sub-29_psg__C4.npy
bitbrain,sub-29_psg,sub-29,O1,train,332400,/data/gen/tokens/bitbrain/sub-29_psg__O1.npy
bitbrain,sub-29_psg,sub-29,O2,train,332400,/data/gen/tokens/bitbrain/sub-29_psg__O2.npy
bitbrain,sub-29_psg,sub-29,F3-F4,train,332400,/data/gen/tokens/bitbrain/sub-29_psg__F3-F4.npy
bitbrain,sub-29_headband,sub-29,HB_1,train,332400,/data/gen/tokens/bitbrain/sub-29_headband__HB_1.npy
bitbrain,sub-29_headband,sub-29,HB_2,train,332400,/data/gen/tokens/bitbrain/sub-29_headband__HB_2.npy
bitbrain,sub-29_headband,sub-29,HB_1-HB_2,train,332400,/data/gen/tokens/bitbrain/sub-29_headband__HB_1-HB_2.npy
bitbrain,sub-32_psg,sub-32,F3,train,249600,/data/gen/tokens/bitbrain/sub-32_psg__F3.npy
bitbrain,sub-32_psg,sub-32,F4,train,249600,/data/gen/tokens/bitbrain/sub-32_psg__F4.npy
bitbrain,sub-32_psg,sub-32,C3,train,249600,/data/gen/tokens/bitbrain/sub-32_psg__C3.npy
bitbrain,sub-32_psg,sub-32,C4,train,249600,/data/gen/tokens/bitbrain/sub-32_psg__C4.npy
bitbrain,sub-32_psg,sub-32,O1,train,249600,/data/gen/tokens/bitbrain/sub-32_psg__O1.npy
bitbrain,sub-32_psg,sub-32,O2,train,249600,/data/gen/tokens/bitbrain/sub-32_psg__O2.npy
bitbrain,sub-32_psg,sub-32,F3-F4,train,249600,/data/gen/tokens/bitbrain/sub-32_psg__F3-F4.npy
bitbrain,sub-32_headband,sub-32,HB_1,train,249600,/data/gen/tokens/bitbrain/sub-32_headband__HB_1.npy
bitbrain,sub-32_headband,sub-32,HB_2,train,249600,/data/gen/tokens/bitbrain/sub-32_headband__HB_2.npy
bitbrain,sub-32_headband,sub-32,HB_1-HB_2,train,249600,/data/gen/tokens/bitbrain/sub-32_headband__HB_1-HB_2.npy
bitbrain,sub-31_psg,sub-31,F3,train,255000,/data/gen/tokens/bitbrain/sub-31_psg__F3.npy
bitbrain,sub-31_psg,sub-31,F4,train,255000,/data/gen/tokens/bitbrain/sub-31_psg__F4.npy
bitbrain,sub-31_psg,sub-31,C3,train,255000,/data/gen/tokens/bitbrain/sub-31_psg__C3.npy
bitbrain,sub-31_psg,sub-31,C4,train,255000,/data/gen/tokens/bitbrain/sub-31_psg__C4.npy
bitbrain,sub-31_psg,sub-31,O1,train,255000,/data/gen/tokens/bitbrain/sub-31_psg__O1.npy
bitbrain,sub-31_psg,sub-31,O2,train,255000,/data/gen/tokens/bitbrain/sub-31_psg__O2.npy
bitbrain,sub-31_psg,sub-31,F3-F4,train,255000,/data/gen/tokens/bitbrain/sub-31_psg__F3-F4.npy
bitbrain,sub-31_headband,sub-31,HB_1,train,255000,/data/gen/tokens/bitbrain/sub-31_headband__HB_1.npy
bitbrain,sub-31_headband,sub-31,HB_2,train,255000,/data/gen/tokens/bitbrain/sub-31_headband__HB_2.npy
bitbrain,sub-31_headband,sub-31,HB_1-HB_2,train,255000,/data/gen/tokens/bitbrain/sub-31_headband__HB_1-HB_2.npy
bitbrain,sub-33_psg,sub-33,F3,train,262800,/data/gen/tokens/bitbrain/sub-33_psg__F3.npy
bitbrain,sub-33_psg,sub-33,F4,train,262800,/data/gen/tokens/bitbrain/sub-33_psg__F4.npy
bitbrain,sub-33_psg,sub-33,C3,train,262800,/data/gen/tokens/bitbrain/sub-33_psg__C3.npy
bitbrain,sub-33_psg,sub-33,C4,train,262800,/data/gen/tokens/bitbrain/sub-33_psg__C4.npy
bitbrain,sub-33_psg,sub-33,O1,train,262800,/data/gen/tokens/bitbrain/sub-33_psg__O1.npy
bitbrain,sub-33_psg,sub-33,O2,train,262800,/data/gen/tokens/bitbrain/sub-33_psg__O2.npy
bitbrain,sub-33_psg,sub-33,F3-F4,train,262800,/data/gen/tokens/bitbrain/sub-33_psg__F3-F4.npy
bitbrain,sub-33_headband,sub-33,HB_1,train,262800,/data/gen/tokens/bitbrain/sub-33_headband__HB_1.npy
bitbrain,sub-33_headband,sub-33,HB_2,train,262800,/data/gen/tokens/bitbrain/sub-33_headband__HB_2.npy
bitbrain,sub-33_headband,sub-33,HB_1-HB_2,train,262800,/data/gen/tokens/bitbrain/sub-33_headband__HB_1-HB_2.npy
bitbrain,sub-34_psg,sub-34,F3,train,281700,/data/gen/tokens/bitbrain/sub-34_psg__F3.npy
bitbrain,sub-34_psg,sub-34,F4,train,281700,/data/gen/tokens/bitbrain/sub-34_psg__F4.npy
bitbrain,sub-34_psg,sub-34,C3,train,281700,/data/gen/tokens/bitbrain/sub-34_psg__C3.npy
bitbrain,sub-34_psg,sub-34,C4,train,281700,/data/gen/tokens/bitbrain/sub-34_psg__C4.npy
bitbrain,sub-34_psg,sub-34,O1,train,281700,/data/gen/tokens/bitbrain/sub-34_psg__O1.npy
bitbrain,sub-34_psg,sub-34,O2,train,281700,/data/gen/tokens/bitbrain/sub-34_psg__O2.npy
bitbrain,sub-34_psg,sub-34,F3-F4,train,281700,/data/gen/tokens/bitbrain/sub-34_psg__F3-F4.npy
bitbrain,sub-34_headband,sub-34,HB_1,train,281700,/data/gen/tokens/bitbrain/sub-34_headband__HB_1.npy
bitbrain,sub-34_headband,sub-34,HB_2,train,281700,/data/gen/tokens/bitbrain/sub-34_headband__HB_2.npy
bitbrain,sub-34_headband,sub-34,HB_1-HB_2,train,281700,/data/gen/tokens/bitbrain/sub-34_headband__HB_1-HB_2.npy
bitbrain,sub-36_psg,sub-36,F3,train,268500,/data/gen/tokens/bitbrain/sub-36_psg__F3.npy
bitbrain,sub-36_psg,sub-36,F4,train,268500,/data/gen/tokens/bitbrain/sub-36_psg__F4.npy
bitbrain,sub-36_psg,sub-36,C3,train,268500,/data/gen/tokens/bitbrain/sub-36_psg__C3.npy
bitbrain,sub-36_psg,sub-36,C4,train,268500,/data/gen/tokens/bitbrain/sub-36_psg__C4.npy
bitbrain,sub-36_psg,sub-36,O1,train,268500,/data/gen/tokens/bitbrain/sub-36_psg__O1.npy
bitbrain,sub-36_psg,sub-36,O2,train,268500,/data/gen/tokens/bitbrain/sub-36_psg__O2.npy
bitbrain,sub-36_psg,sub-36,F3-F4,train,268500,/data/gen/tokens/bitbrain/sub-36_psg__F3-F4.npy
bitbrain,sub-36_headband,sub-36,HB_1,train,268500,/data/gen/tokens/bitbrain/sub-36_headband__HB_1.npy
bitbrain,sub-36_headband,sub-36,HB_2,train,268500,/data/gen/tokens/bitbrain/sub-36_headband__HB_2.npy
bitbrain,sub-36_headband,sub-36,HB_1-HB_2,train,268500,/data/gen/tokens/bitbrain/sub-36_headband__HB_1-HB_2.npy
bitbrain,sub-35_psg,sub-35,F3,heldout,262800,/data/gen/tokens/bitbrain/sub-35_psg__F3.npy
bitbrain,sub-35_psg,sub-35,F4,heldout,262800,/data/gen/tokens/bitbrain/sub-35_psg__F4.npy
bitbrain,sub-35_psg,sub-35,C3,heldout,262800,/data/gen/tokens/bitbrain/sub-35_psg__C3.npy
bitbrain,sub-35_psg,sub-35,C4,heldout,262800,/data/gen/tokens/bitbrain/sub-35_psg__C4.npy
bitbrain,sub-35_psg,sub-35,O1,heldout,262800,/data/gen/tokens/bitbrain/sub-35_psg__O1.npy
bitbrain,sub-35_psg,sub-35,O2,heldout,262800,/data/gen/tokens/bitbrain/sub-35_psg__O2.npy
bitbrain,sub-35_psg,sub-35,F3-F4,heldout,262800,/data/gen/tokens/bitbrain/sub-35_psg__F3-F4.npy
bitbrain,sub-35_headband,sub-35,HB_1,heldout,262800,/data/gen/tokens/bitbrain/sub-35_headband__HB_1.npy
bitbrain,sub-35_headband,sub-35,HB_2,heldout,262800,/data/gen/tokens/bitbrain/sub-35_headband__HB_2.npy
bitbrain,sub-35_headband,sub-35,HB_1-HB_2,heldout,262800,/data/gen/tokens/bitbrain/sub-35_headband__HB_1-HB_2.npy
bitbrain,sub-37_psg,sub-37,F3,train,257100,/data/gen/tokens/bitbrain/sub-37_psg__F3.npy
bitbrain,sub-37_psg,sub-37,F4,train,257100,/data/gen/tokens/bitbrain/sub-37_psg__F4.npy
bitbrain,sub-37_psg,sub-37,C3,train,257100,/data/gen/tokens/bitbrain/sub-37_psg__C3.npy
bitbrain,sub-37_psg,sub-37,C4,train,257100,/data/gen/tokens/bitbrain/sub-37_psg__C4.npy
bitbrain,sub-37_psg,sub-37,O1,train,257100,/data/gen/tokens/bitbrain/sub-37_psg__O1.npy
bitbrain,sub-37_psg,sub-37,O2,train,257100,/data/gen/tokens/bitbrain/sub-37_psg__O2.npy
bitbrain,sub-37_psg,sub-37,F3-F4,train,257100,/data/gen/tokens/bitbrain/sub-37_psg__F3-F4.npy
bitbrain,sub-37_headband,sub-37,HB_1,train,257100,/data/gen/tokens/bitbrain/sub-37_headband__HB_1.npy
bitbrain,sub-37_headband,sub-37,HB_2,train,257100,/data/gen/tokens/bitbrain/sub-37_headband__HB_2.npy
bitbrain,sub-37_headband,sub-37,HB_1-HB_2,train,257100,/data/gen/tokens/bitbrain/sub-37_headband__HB_1-HB_2.npy
bitbrain,sub-39_psg,sub-39,F3,train,272100,/data/gen/tokens/bitbrain/sub-39_psg__F3.npy
bitbrain,sub-39_psg,sub-39,F4,train,272100,/data/gen/tokens/bitbrain/sub-39_psg__F4.npy
bitbrain,sub-39_psg,sub-39,C3,train,272100,/data/gen/tokens/bitbrain/sub-39_psg__C3.npy
bitbrain,sub-39_psg,sub-39,C4,train,272100,/data/gen/tokens/bitbrain/sub-39_psg__C4.npy
bitbrain,sub-39_psg,sub-39,O1,train,272100,/data/gen/tokens/bitbrain/sub-39_psg__O1.npy
bitbrain,sub-39_psg,sub-39,O2,train,272100,/data/gen/tokens/bitbrain/sub-39_psg__O2.npy
bitbrain,sub-39_psg,sub-39,F3-F4,train,272100,/data/gen/tokens/bitbrain/sub-39_psg__F3-F4.npy
bitbrain,sub-39_headband,sub-39,HB_1,train,272100,/data/gen/tokens/bitbrain/sub-39_headband__HB_1.npy
bitbrain,sub-39_headband,sub-39,HB_2,train,272100,/data/gen/tokens/bitbrain/sub-39_headband__HB_2.npy
bitbrain,sub-39_headband,sub-39,HB_1-HB_2,train,272100,/data/gen/tokens/bitbrain/sub-39_headband__HB_1-HB_2.npy
bitbrain,sub-38_psg,sub-38,F3,train,255300,/data/gen/tokens/bitbrain/sub-38_psg__F3.npy
bitbrain,sub-38_psg,sub-38,F4,train,255300,/data/gen/tokens/bitbrain/sub-38_psg__F4.npy
bitbrain,sub-38_psg,sub-38,C3,train,255300,/data/gen/tokens/bitbrain/sub-38_psg__C3.npy
bitbrain,sub-38_psg,sub-38,C4,train,255300,/data/gen/tokens/bitbrain/sub-38_psg__C4.npy
bitbrain,sub-38_psg,sub-38,O1,train,255300,/data/gen/tokens/bitbrain/sub-38_psg__O1.npy
bitbrain,sub-38_psg,sub-38,O2,train,255300,/data/gen/tokens/bitbrain/sub-38_psg__O2.npy
bitbrain,sub-38_psg,sub-38,F3-F4,train,255300,/data/gen/tokens/bitbrain/sub-38_psg__F3-F4.npy
bitbrain,sub-38_headband,sub-38,HB_1,train,255300,/data/gen/tokens/bitbrain/sub-38_headband__HB_1.npy
bitbrain,sub-38_headband,sub-38,HB_2,train,255300,/data/gen/tokens/bitbrain/sub-38_headband__HB_2.npy
bitbrain,sub-38_headband,sub-38,HB_1-HB_2,train,255300,/data/gen/tokens/bitbrain/sub-38_headband__HB_1-HB_2.npy
bitbrain,sub-4_psg,sub-4,F3,train,321000,/data/gen/tokens/bitbrain/sub-4_psg__F3.npy
bitbrain,sub-4_psg,sub-4,F4,train,321000,/data/gen/tokens/bitbrain/sub-4_psg__F4.npy
bitbrain,sub-4_psg,sub-4,C3,train,321000,/data/gen/tokens/bitbrain/sub-4_psg__C3.npy
bitbrain,sub-4_psg,sub-4,C4,train,321000,/data/gen/tokens/bitbrain/sub-4_psg__C4.npy
bitbrain,sub-4_psg,sub-4,O1,train,321000,/data/gen/tokens/bitbrain/sub-4_psg__O1.npy
bitbrain,sub-4_psg,sub-4,O2,train,321000,/data/gen/tokens/bitbrain/sub-4_psg__O2.npy
bitbrain,sub-4_psg,sub-4,F3-F4,train,321000,/data/gen/tokens/bitbrain/sub-4_psg__F3-F4.npy
bitbrain,sub-4_headband,sub-4,HB_1,train,321000,/data/gen/tokens/bitbrain/sub-4_headband__HB_1.npy
bitbrain,sub-4_headband,sub-4,HB_2,train,321000,/data/gen/tokens/bitbrain/sub-4_headband__HB_2.npy
bitbrain,sub-4_headband,sub-4,HB_1-HB_2,train,321000,/data/gen/tokens/bitbrain/sub-4_headband__HB_1-HB_2.npy
bitbrain,sub-40_psg,sub-40,F3,heldout,249900,/data/gen/tokens/bitbrain/sub-40_psg__F3.npy
bitbrain,sub-40_psg,sub-40,F4,heldout,249900,/data/gen/tokens/bitbrain/sub-40_psg__F4.npy
bitbrain,sub-40_psg,sub-40,C3,heldout,249900,/data/gen/tokens/bitbrain/sub-40_psg__C3.npy
bitbrain,sub-40_psg,sub-40,C4,heldout,249900,/data/gen/tokens/bitbrain/sub-40_psg__C4.npy
bitbrain,sub-40_psg,sub-40,O1,heldout,249900,/data/gen/tokens/bitbrain/sub-40_psg__O1.npy
bitbrain,sub-40_psg,sub-40,O2,heldout,249900,/data/gen/tokens/bitbrain/sub-40_psg__O2.npy
bitbrain,sub-40_psg,sub-40,F3-F4,heldout,249900,/data/gen/tokens/bitbrain/sub-40_psg__F3-F4.npy
bitbrain,sub-40_headband,sub-40,HB_1,heldout,249900,/data/gen/tokens/bitbrain/sub-40_headband__HB_1.npy
bitbrain,sub-40_headband,sub-40,HB_2,heldout,249900,/data/gen/tokens/bitbrain/sub-40_headband__HB_2.npy
bitbrain,sub-40_headband,sub-40,HB_1-HB_2,heldout,249900,/data/gen/tokens/bitbrain/sub-40_headband__HB_1-HB_2.npy
bitbrain,sub-41_psg,sub-41,F3,train,274800,/data/gen/tokens/bitbrain/sub-41_psg__F3.npy
bitbrain,sub-41_psg,sub-41,F4,train,274800,/data/gen/tokens/bitbrain/sub-41_psg__F4.npy
bitbrain,sub-41_psg,sub-41,C3,train,274800,/data/gen/tokens/bitbrain/sub-41_psg__C3.npy
bitbrain,sub-41_psg,sub-41,C4,train,274800,/data/gen/tokens/bitbrain/sub-41_psg__C4.npy
bitbrain,sub-41_psg,sub-41,O1,train,274800,/data/gen/tokens/bitbrain/sub-41_psg__O1.npy
bitbrain,sub-41_psg,sub-41,O2,train,274800,/data/gen/tokens/bitbrain/sub-41_psg__O2.npy
bitbrain,sub-41_psg,sub-41,F3-F4,train,274800,/data/gen/tokens/bitbrain/sub-41_psg__F3-F4.npy
bitbrain,sub-41_headband,sub-41,HB_1,train,274800,/data/gen/tokens/bitbrain/sub-41_headband__HB_1.npy
bitbrain,sub-41_headband,sub-41,HB_2,train,274800,/data/gen/tokens/bitbrain/sub-41_headband__HB_2.npy
bitbrain,sub-41_headband,sub-41,HB_1-HB_2,train,274800,/data/gen/tokens/bitbrain/sub-41_headband__HB_1-HB_2.npy
bitbrain,sub-42_psg,sub-42,F3,train,268200,/data/gen/tokens/bitbrain/sub-42_psg__F3.npy
bitbrain,sub-42_psg,sub-42,F4,train,268200,/data/gen/tokens/bitbrain/sub-42_psg__F4.npy
bitbrain,sub-42_psg,sub-42,C3,train,268200,/data/gen/tokens/bitbrain/sub-42_psg__C3.npy
bitbrain,sub-42_psg,sub-42,C4,train,268200,/data/gen/tokens/bitbrain/sub-42_psg__C4.npy
bitbrain,sub-42_psg,sub-42,O1,train,268200,/data/gen/tokens/bitbrain/sub-42_psg__O1.npy
bitbrain,sub-42_psg,sub-42,O2,train,268200,/data/gen/tokens/bitbrain/sub-42_psg__O2.npy
bitbrain,sub-42_psg,sub-42,F3-F4,train,268200,/data/gen/tokens/bitbrain/sub-42_psg__F3-F4.npy
bitbrain,sub-42_headband,sub-42,HB_1,train,268200,/data/gen/tokens/bitbrain/sub-42_headband__HB_1.npy
bitbrain,sub-42_headband,sub-42,HB_2,train,268200,/data/gen/tokens/bitbrain/sub-42_headband__HB_2.npy
bitbrain,sub-42_headband,sub-42,HB_1-HB_2,train,268200,/data/gen/tokens/bitbrain/sub-42_headband__HB_1-HB_2.npy
bitbrain,sub-44_psg,sub-44,F3,train,255000,/data/gen/tokens/bitbrain/sub-44_psg__F3.npy
bitbrain,sub-44_psg,sub-44,F4,train,255000,/data/gen/tokens/bitbrain/sub-44_psg__F4.npy
bitbrain,sub-44_psg,sub-44,C3,train,255000,/data/gen/tokens/bitbrain/sub-44_psg__C3.npy
bitbrain,sub-44_psg,sub-44,C4,train,255000,/data/gen/tokens/bitbrain/sub-44_psg__C4.npy
bitbrain,sub-44_psg,sub-44,O1,train,255000,/data/gen/tokens/bitbrain/sub-44_psg__O1.npy
bitbrain,sub-44_psg,sub-44,O2,train,255000,/data/gen/tokens/bitbrain/sub-44_psg__O2.npy
bitbrain,sub-44_psg,sub-44,F3-F4,train,255000,/data/gen/tokens/bitbrain/sub-44_psg__F3-F4.npy
bitbrain,sub-44_headband,sub-44,HB_1,train,255000,/data/gen/tokens/bitbrain/sub-44_headband__HB_1.npy
bitbrain,sub-44_headband,sub-44,HB_2,train,255000,/data/gen/tokens/bitbrain/sub-44_headband__HB_2.npy
bitbrain,sub-44_headband,sub-44,HB_1-HB_2,train,255000,/data/gen/tokens/bitbrain/sub-44_headband__HB_1-HB_2.npy
bitbrain,sub-43_psg,sub-43,F3,train,252000,/data/gen/tokens/bitbrain/sub-43_psg__F3.npy
bitbrain,sub-43_psg,sub-43,F4,train,252000,/data/gen/tokens/bitbrain/sub-43_psg__F4.npy
bitbrain,sub-43_psg,sub-43,C3,train,252000,/data/gen/tokens/bitbrain/sub-43_psg__C3.npy
bitbrain,sub-43_psg,sub-43,C4,train,252000,/data/gen/tokens/bitbrain/sub-43_psg__C4.npy
bitbrain,sub-43_psg,sub-43,O1,train,252000,/data/gen/tokens/bitbrain/sub-43_psg__O1.npy
bitbrain,sub-43_psg,sub-43,O2,train,252000,/data/gen/tokens/bitbrain/sub-43_psg__O2.npy
bitbrain,sub-43_psg,sub-43,F3-F4,train,252000,/data/gen/tokens/bitbrain/sub-43_psg__F3-F4.npy
bitbrain,sub-43_headband,sub-43,HB_1,train,252000,/data/gen/tokens/bitbrain/sub-43_headband__HB_1.npy
bitbrain,sub-43_headband,sub-43,HB_2,train,252000,/data/gen/tokens/bitbrain/sub-43_headband__HB_2.npy
bitbrain,sub-43_headband,sub-43,HB_1-HB_2,train,252000,/data/gen/tokens/bitbrain/sub-43_headband__HB_1-HB_2.npy
bitbrain,sub-45_psg,sub-45,F3,train,246300,/data/gen/tokens/bitbrain/sub-45_psg__F3.npy
bitbrain,sub-45_psg,sub-45,F4,train,246300,/data/gen/tokens/bitbrain/sub-45_psg__F4.npy
bitbrain,sub-45_psg,sub-45,C3,train,246300,/data/gen/tokens/bitbrain/sub-45_psg__C3.npy
bitbrain,sub-45_psg,sub-45,C4,train,246300,/data/gen/tokens/bitbrain/sub-45_psg__C4.npy
bitbrain,sub-45_psg,sub-45,O1,train,246300,/data/gen/tokens/bitbrain/sub-45_psg__O1.npy
bitbrain,sub-45_psg,sub-45,O2,train,246300,/data/gen/tokens/bitbrain/sub-45_psg__O2.npy
bitbrain,sub-45_psg,sub-45,F3-F4,train,246300,/data/gen/tokens/bitbrain/sub-45_psg__F3-F4.npy
bitbrain,sub-45_headband,sub-45,HB_1,train,246300,/data/gen/tokens/bitbrain/sub-45_headband__HB_1.npy
bitbrain,sub-45_headband,sub-45,HB_2,train,246300,/data/gen/tokens/bitbrain/sub-45_headband__HB_2.npy
bitbrain,sub-45_headband,sub-45,HB_1-HB_2,train,246300,/data/gen/tokens/bitbrain/sub-45_headband__HB_1-HB_2.npy
bitbrain,sub-46_psg,sub-46,F3,train,290400,/data/gen/tokens/bitbrain/sub-46_psg__F3.npy
bitbrain,sub-46_psg,sub-46,F4,train,290400,/data/gen/tokens/bitbrain/sub-46_psg__F4.npy
bitbrain,sub-46_psg,sub-46,C3,train,290400,/data/gen/tokens/bitbrain/sub-46_psg__C3.npy
bitbrain,sub-46_psg,sub-46,C4,train,290400,/data/gen/tokens/bitbrain/sub-46_psg__C4.npy
bitbrain,sub-46_psg,sub-46,O1,train,290400,/data/gen/tokens/bitbrain/sub-46_psg__O1.npy
bitbrain,sub-46_psg,sub-46,O2,train,290400,/data/gen/tokens/bitbrain/sub-46_psg__O2.npy
bitbrain,sub-46_psg,sub-46,F3-F4,train,290400,/data/gen/tokens/bitbrain/sub-46_psg__F3-F4.npy
bitbrain,sub-46_headband,sub-46,HB_1,train,290400,/data/gen/tokens/bitbrain/sub-46_headband__HB_1.npy
bitbrain,sub-46_headband,sub-46,HB_2,train,290400,/data/gen/tokens/bitbrain/sub-46_headband__HB_2.npy
bitbrain,sub-46_headband,sub-46,HB_1-HB_2,train,290400,/data/gen/tokens/bitbrain/sub-46_headband__HB_1-HB_2.npy
bitbrain,sub-47_psg,sub-47,F3,train,243600,/data/gen/tokens/bitbrain/sub-47_psg__F3.npy
bitbrain,sub-47_psg,sub-47,F4,train,243600,/data/gen/tokens/bitbrain/sub-47_psg__F4.npy
bitbrain,sub-47_psg,sub-47,C3,train,243600,/data/gen/tokens/bitbrain/sub-47_psg__C3.npy
bitbrain,sub-47_psg,sub-47,C4,train,243600,/data/gen/tokens/bitbrain/sub-47_psg__C4.npy
bitbrain,sub-47_psg,sub-47,O1,train,243600,/data/gen/tokens/bitbrain/sub-47_psg__O1.npy
bitbrain,sub-47_psg,sub-47,O2,train,243600,/data/gen/tokens/bitbrain/sub-47_psg__O2.npy
bitbrain,sub-47_psg,sub-47,F3-F4,train,243600,/data/gen/tokens/bitbrain/sub-47_psg__F3-F4.npy
bitbrain,sub-47_headband,sub-47,HB_1,train,243600,/data/gen/tokens/bitbrain/sub-47_headband__HB_1.npy
bitbrain,sub-47_headband,sub-47,HB_2,train,243600,/data/gen/tokens/bitbrain/sub-47_headband__HB_2.npy
bitbrain,sub-47_headband,sub-47,HB_1-HB_2,train,243600,/data/gen/tokens/bitbrain/sub-47_headband__HB_1-HB_2.npy
bitbrain,sub-48_psg,sub-48,F3,train,314400,/data/gen/tokens/bitbrain/sub-48_psg__F3.npy
bitbrain,sub-48_psg,sub-48,F4,train,314400,/data/gen/tokens/bitbrain/sub-48_psg__F4.npy
bitbrain,sub-48_psg,sub-48,C3,train,314400,/data/gen/tokens/bitbrain/sub-48_psg__C3.npy
bitbrain,sub-48_psg,sub-48,C4,train,314400,/data/gen/tokens/bitbrain/sub-48_psg__C4.npy
bitbrain,sub-48_psg,sub-48,O1,train,314400,/data/gen/tokens/bitbrain/sub-48_psg__O1.npy
bitbrain,sub-48_psg,sub-48,O2,train,314400,/data/gen/tokens/bitbrain/sub-48_psg__O2.npy
bitbrain,sub-48_psg,sub-48,F3-F4,train,314400,/data/gen/tokens/bitbrain/sub-48_psg__F3-F4.npy
bitbrain,sub-48_headband,sub-48,HB_1,train,314400,/data/gen/tokens/bitbrain/sub-48_headband__HB_1.npy
bitbrain,sub-48_headband,sub-48,HB_2,train,314400,/data/gen/tokens/bitbrain/sub-48_headband__HB_2.npy
bitbrain,sub-48_headband,sub-48,HB_1-HB_2,train,314400,/data/gen/tokens/bitbrain/sub-48_headband__HB_1-HB_2.npy
bitbrain,sub-49_psg,sub-49,F3,train,270600,/data/gen/tokens/bitbrain/sub-49_psg__F3.npy
bitbrain,sub-49_psg,sub-49,F4,train,270600,/data/gen/tokens/bitbrain/sub-49_psg__F4.npy
bitbrain,sub-49_psg,sub-49,C3,train,270600,/data/gen/tokens/bitbrain/sub-49_psg__C3.npy
bitbrain,sub-49_psg,sub-49,C4,train,270600,/data/gen/tokens/bitbrain/sub-49_psg__C4.npy
bitbrain,sub-49_psg,sub-49,O1,train,270600,/data/gen/tokens/bitbrain/sub-49_psg__O1.npy
bitbrain,sub-49_psg,sub-49,O2,train,270600,/data/gen/tokens/bitbrain/sub-49_psg__O2.npy
bitbrain,sub-49_psg,sub-49,F3-F4,train,270600,/data/gen/tokens/bitbrain/sub-49_psg__F3-F4.npy
bitbrain,sub-49_headband,sub-49,HB_1,train,270600,/data/gen/tokens/bitbrain/sub-49_headband__HB_1.npy
bitbrain,sub-49_headband,sub-49,HB_2,train,270600,/data/gen/tokens/bitbrain/sub-49_headband__HB_2.npy
bitbrain,sub-49_headband,sub-49,HB_1-HB_2,train,270600,/data/gen/tokens/bitbrain/sub-49_headband__HB_1-HB_2.npy
bitbrain,sub-51_psg,sub-51,F3,train,268500,/data/gen/tokens/bitbrain/sub-51_psg__F3.npy
bitbrain,sub-51_psg,sub-51,F4,train,268500,/data/gen/tokens/bitbrain/sub-51_psg__F4.npy
bitbrain,sub-51_psg,sub-51,C3,train,268500,/data/gen/tokens/bitbrain/sub-51_psg__C3.npy
bitbrain,sub-51_psg,sub-51,C4,train,268500,/data/gen/tokens/bitbrain/sub-51_psg__C4.npy
bitbrain,sub-51_psg,sub-51,O1,train,268500,/data/gen/tokens/bitbrain/sub-51_psg__O1.npy
bitbrain,sub-51_psg,sub-51,O2,train,268500,/data/gen/tokens/bitbrain/sub-51_psg__O2.npy
bitbrain,sub-51_psg,sub-51,F3-F4,train,268500,/data/gen/tokens/bitbrain/sub-51_psg__F3-F4.npy
bitbrain,sub-51_headband,sub-51,HB_1,train,268500,/data/gen/tokens/bitbrain/sub-51_headband__HB_1.npy
bitbrain,sub-51_headband,sub-51,HB_2,train,268500,/data/gen/tokens/bitbrain/sub-51_headband__HB_2.npy
bitbrain,sub-51_headband,sub-51,HB_1-HB_2,train,268500,/data/gen/tokens/bitbrain/sub-51_headband__HB_1-HB_2.npy
bitbrain,sub-50_psg,sub-50,F3,train,268500,/data/gen/tokens/bitbrain/sub-50_psg__F3.npy
bitbrain,sub-50_psg,sub-50,F4,train,268500,/data/gen/tokens/bitbrain/sub-50_psg__F4.npy
bitbrain,sub-50_psg,sub-50,C3,train,268500,/data/gen/tokens/bitbrain/sub-50_psg__C3.npy
bitbrain,sub-50_psg,sub-50,C4,train,268500,/data/gen/tokens/bitbrain/sub-50_psg__C4.npy
bitbrain,sub-50_psg,sub-50,O1,train,268500,/data/gen/tokens/bitbrain/sub-50_psg__O1.npy
bitbrain,sub-50_psg,sub-50,O2,train,268500,/data/gen/tokens/bitbrain/sub-50_psg__O2.npy
bitbrain,sub-50_psg,sub-50,F3-F4,train,268500,/data/gen/tokens/bitbrain/sub-50_psg__F3-F4.npy
bitbrain,sub-50_headband,sub-50,HB_1,train,268500,/data/gen/tokens/bitbrain/sub-50_headband__HB_1.npy
bitbrain,sub-50_headband,sub-50,HB_2,train,268500,/data/gen/tokens/bitbrain/sub-50_headband__HB_2.npy
bitbrain,sub-50_headband,sub-50,HB_1-HB_2,train,268500,/data/gen/tokens/bitbrain/sub-50_headband__HB_1-HB_2.npy
bitbrain,sub-5_psg,sub-5,F3,train,301500,/data/gen/tokens/bitbrain/sub-5_psg__F3.npy
bitbrain,sub-5_psg,sub-5,F4,train,301500,/data/gen/tokens/bitbrain/sub-5_psg__F4.npy
bitbrain,sub-5_psg,sub-5,C3,train,301500,/data/gen/tokens/bitbrain/sub-5_psg__C3.npy
bitbrain,sub-5_psg,sub-5,C4,train,301500,/data/gen/tokens/bitbrain/sub-5_psg__C4.npy
bitbrain,sub-5_psg,sub-5,O1,train,301500,/data/gen/tokens/bitbrain/sub-5_psg__O1.npy
bitbrain,sub-5_psg,sub-5,O2,train,301500,/data/gen/tokens/bitbrain/sub-5_psg__O2.npy
bitbrain,sub-5_psg,sub-5,F3-F4,train,301500,/data/gen/tokens/bitbrain/sub-5_psg__F3-F4.npy
bitbrain,sub-5_headband,sub-5,HB_1,train,301500,/data/gen/tokens/bitbrain/sub-5_headband__HB_1.npy
bitbrain,sub-5_headband,sub-5,HB_2,train,301500,/data/gen/tokens/bitbrain/sub-5_headband__HB_2.npy
bitbrain,sub-5_headband,sub-5,HB_1-HB_2,train,301500,/data/gen/tokens/bitbrain/sub-5_headband__HB_1-HB_2.npy
bitbrain,sub-53_psg,sub-53,F3,train,199800,/data/gen/tokens/bitbrain/sub-53_psg__F3.npy
bitbrain,sub-53_psg,sub-53,F4,train,199800,/data/gen/tokens/bitbrain/sub-53_psg__F4.npy
bitbrain,sub-53_psg,sub-53,C3,train,199800,/data/gen/tokens/bitbrain/sub-53_psg__C3.npy
bitbrain,sub-53_psg,sub-53,C4,train,199800,/data/gen/tokens/bitbrain/sub-53_psg__C4.npy
bitbrain,sub-53_psg,sub-53,O1,train,199800,/data/gen/tokens/bitbrain/sub-53_psg__O1.npy
bitbrain,sub-53_psg,sub-53,O2,train,199800,/data/gen/tokens/bitbrain/sub-53_psg__O2.npy
bitbrain,sub-53_psg,sub-53,F3-F4,train,199800,/data/gen/tokens/bitbrain/sub-53_psg__F3-F4.npy
bitbrain,sub-53_headband,sub-53,HB_1,train,199800,/data/gen/tokens/bitbrain/sub-53_headband__HB_1.npy
bitbrain,sub-53_headband,sub-53,HB_2,train,199800,/data/gen/tokens/bitbrain/sub-53_headband__HB_2.npy
bitbrain,sub-53_headband,sub-53,HB_1-HB_2,train,199800,/data/gen/tokens/bitbrain/sub-53_headband__HB_1-HB_2.npy
bitbrain,sub-52_psg,sub-52,F3,train,276900,/data/gen/tokens/bitbrain/sub-52_psg__F3.npy
bitbrain,sub-52_psg,sub-52,F4,train,276900,/data/gen/tokens/bitbrain/sub-52_psg__F4.npy
bitbrain,sub-52_psg,sub-52,C3,train,276900,/data/gen/tokens/bitbrain/sub-52_psg__C3.npy
bitbrain,sub-52_psg,sub-52,C4,train,276900,/data/gen/tokens/bitbrain/sub-52_psg__C4.npy
bitbrain,sub-52_psg,sub-52,O1,train,276900,/data/gen/tokens/bitbrain/sub-52_psg__O1.npy
bitbrain,sub-52_psg,sub-52,O2,train,276900,/data/gen/tokens/bitbrain/sub-52_psg__O2.npy
bitbrain,sub-52_psg,sub-52,F3-F4,train,276900,/data/gen/tokens/bitbrain/sub-52_psg__F3-F4.npy
bitbrain,sub-52_headband,sub-52,HB_1,train,276900,/data/gen/tokens/bitbrain/sub-52_headband__HB_1.npy
bitbrain,sub-52_headband,sub-52,HB_2,train,276900,/data/gen/tokens/bitbrain/sub-52_headband__HB_2.npy
bitbrain,sub-52_headband,sub-52,HB_1-HB_2,train,276900,/data/gen/tokens/bitbrain/sub-52_headband__HB_1-HB_2.npy
bitbrain,sub-54_psg,sub-54,F3,train,237000,/data/gen/tokens/bitbrain/sub-54_psg__F3.npy
bitbrain,sub-54_psg,sub-54,F4,train,237000,/data/gen/tokens/bitbrain/sub-54_psg__F4.npy
bitbrain,sub-54_psg,sub-54,C3,train,237000,/data/gen/tokens/bitbrain/sub-54_psg__C3.npy
bitbrain,sub-54_psg,sub-54,C4,train,237000,/data/gen/tokens/bitbrain/sub-54_psg__C4.npy
bitbrain,sub-54_psg,sub-54,O1,train,237000,/data/gen/tokens/bitbrain/sub-54_psg__O1.npy
bitbrain,sub-54_psg,sub-54,O2,train,237000,/data/gen/tokens/bitbrain/sub-54_psg__O2.npy
bitbrain,sub-54_psg,sub-54,F3-F4,train,237000,/data/gen/tokens/bitbrain/sub-54_psg__F3-F4.npy
bitbrain,sub-54_headband,sub-54,HB_1,train,237000,/data/gen/tokens/bitbrain/sub-54_headband__HB_1.npy
bitbrain,sub-54_headband,sub-54,HB_2,train,237000,/data/gen/tokens/bitbrain/sub-54_headband__HB_2.npy
bitbrain,sub-54_headband,sub-54,HB_1-HB_2,train,237000,/data/gen/tokens/bitbrain/sub-54_headband__HB_1-HB_2.npy
bitbrain,sub-56_psg,sub-56,F3,train,287400,/data/gen/tokens/bitbrain/sub-56_psg__F3.npy
bitbrain,sub-56_psg,sub-56,F4,train,287400,/data/gen/tokens/bitbrain/sub-56_psg__F4.npy
bitbrain,sub-56_psg,sub-56,C3,train,287400,/data/gen/tokens/bitbrain/sub-56_psg__C3.npy
bitbrain,sub-56_psg,sub-56,C4,train,287400,/data/gen/tokens/bitbrain/sub-56_psg__C4.npy
bitbrain,sub-56_psg,sub-56,O1,train,287400,/data/gen/tokens/bitbrain/sub-56_psg__O1.npy
bitbrain,sub-56_psg,sub-56,O2,train,287400,/data/gen/tokens/bitbrain/sub-56_psg__O2.npy
bitbrain,sub-56_psg,sub-56,F3-F4,train,287400,/data/gen/tokens/bitbrain/sub-56_psg__F3-F4.npy
bitbrain,sub-56_headband,sub-56,HB_1,train,287400,/data/gen/tokens/bitbrain/sub-56_headband__HB_1.npy
bitbrain,sub-56_headband,sub-56,HB_2,train,287400,/data/gen/tokens/bitbrain/sub-56_headband__HB_2.npy
bitbrain,sub-56_headband,sub-56,HB_1-HB_2,train,287400,/data/gen/tokens/bitbrain/sub-56_headband__HB_1-HB_2.npy
bitbrain,sub-55_psg,sub-55,F3,train,321900,/data/gen/tokens/bitbrain/sub-55_psg__F3.npy
bitbrain,sub-55_psg,sub-55,F4,train,321900,/data/gen/tokens/bitbrain/sub-55_psg__F4.npy
bitbrain,sub-55_psg,sub-55,C3,train,321900,/data/gen/tokens/bitbrain/sub-55_psg__C3.npy
bitbrain,sub-55_psg,sub-55,C4,train,321900,/data/gen/tokens/bitbrain/sub-55_psg__C4.npy
bitbrain,sub-55_psg,sub-55,O1,train,321900,/data/gen/tokens/bitbrain/sub-55_psg__O1.npy
bitbrain,sub-55_psg,sub-55,O2,train,321900,/data/gen/tokens/bitbrain/sub-55_psg__O2.npy
bitbrain,sub-55_psg,sub-55,F3-F4,train,321900,/data/gen/tokens/bitbrain/sub-55_psg__F3-F4.npy
bitbrain,sub-55_headband,sub-55,HB_1,train,321900,/data/gen/tokens/bitbrain/sub-55_headband__HB_1.npy
bitbrain,sub-55_headband,sub-55,HB_2,train,321900,/data/gen/tokens/bitbrain/sub-55_headband__HB_2.npy
bitbrain,sub-55_headband,sub-55,HB_1-HB_2,train,321900,/data/gen/tokens/bitbrain/sub-55_headband__HB_1-HB_2.npy
bitbrain,sub-58_psg,sub-58,F3,train,301500,/data/gen/tokens/bitbrain/sub-58_psg__F3.npy
bitbrain,sub-58_psg,sub-58,F4,train,301500,/data/gen/tokens/bitbrain/sub-58_psg__F4.npy
bitbrain,sub-58_psg,sub-58,C3,train,301500,/data/gen/tokens/bitbrain/sub-58_psg__C3.npy
bitbrain,sub-58_psg,sub-58,C4,train,301500,/data/gen/tokens/bitbrain/sub-58_psg__C4.npy
bitbrain,sub-58_psg,sub-58,O1,train,301500,/data/gen/tokens/bitbrain/sub-58_psg__O1.npy
bitbrain,sub-58_psg,sub-58,O2,train,301500,/data/gen/tokens/bitbrain/sub-58_psg__O2.npy
bitbrain,sub-58_psg,sub-58,F3-F4,train,301500,/data/gen/tokens/bitbrain/sub-58_psg__F3-F4.npy
bitbrain,sub-58_headband,sub-58,HB_1,train,301500,/data/gen/tokens/bitbrain/sub-58_headband__HB_1.npy
bitbrain,sub-58_headband,sub-58,HB_2,train,301500,/data/gen/tokens/bitbrain/sub-58_headband__HB_2.npy
bitbrain,sub-58_headband,sub-58,HB_1-HB_2,train,301500,/data/gen/tokens/bitbrain/sub-58_headband__HB_1-HB_2.npy
bitbrain,sub-57_psg,sub-57,F3,train,309600,/data/gen/tokens/bitbrain/sub-57_psg__F3.npy
bitbrain,sub-57_psg,sub-57,F4,train,309600,/data/gen/tokens/bitbrain/sub-57_psg__F4.npy
bitbrain,sub-57_psg,sub-57,C3,train,309600,/data/gen/tokens/bitbrain/sub-57_psg__C3.npy
bitbrain,sub-57_psg,sub-57,C4,train,309600,/data/gen/tokens/bitbrain/sub-57_psg__C4.npy
bitbrain,sub-57_psg,sub-57,O1,train,309600,/data/gen/tokens/bitbrain/sub-57_psg__O1.npy
bitbrain,sub-57_psg,sub-57,O2,train,309600,/data/gen/tokens/bitbrain/sub-57_psg__O2.npy
bitbrain,sub-57_psg,sub-57,F3-F4,train,309600,/data/gen/tokens/bitbrain/sub-57_psg__F3-F4.npy
bitbrain,sub-57_headband,sub-57,HB_1,train,309600,/data/gen/tokens/bitbrain/sub-57_headband__HB_1.npy
bitbrain,sub-57_headband,sub-57,HB_2,train,309600,/data/gen/tokens/bitbrain/sub-57_headband__HB_2.npy
bitbrain,sub-57_headband,sub-57,HB_1-HB_2,train,309600,/data/gen/tokens/bitbrain/sub-57_headband__HB_1-HB_2.npy
bitbrain,sub-6_psg,sub-6,F3,train,299400,/data/gen/tokens/bitbrain/sub-6_psg__F3.npy
bitbrain,sub-6_psg,sub-6,F4,train,299400,/data/gen/tokens/bitbrain/sub-6_psg__F4.npy
bitbrain,sub-6_psg,sub-6,C3,train,299400,/data/gen/tokens/bitbrain/sub-6_psg__C3.npy
bitbrain,sub-6_psg,sub-6,C4,train,299400,/data/gen/tokens/bitbrain/sub-6_psg__C4.npy
bitbrain,sub-6_psg,sub-6,O1,train,299400,/data/gen/tokens/bitbrain/sub-6_psg__O1.npy
bitbrain,sub-6_psg,sub-6,O2,train,299400,/data/gen/tokens/bitbrain/sub-6_psg__O2.npy
bitbrain,sub-6_psg,sub-6,F3-F4,train,299400,/data/gen/tokens/bitbrain/sub-6_psg__F3-F4.npy
bitbrain,sub-6_headband,sub-6,HB_1,train,299400,/data/gen/tokens/bitbrain/sub-6_headband__HB_1.npy
bitbrain,sub-6_headband,sub-6,HB_2,train,299400,/data/gen/tokens/bitbrain/sub-6_headband__HB_2.npy
bitbrain,sub-6_headband,sub-6,HB_1-HB_2,train,299400,/data/gen/tokens/bitbrain/sub-6_headband__HB_1-HB_2.npy
bitbrain,sub-59_psg,sub-59,F3,train,317100,/data/gen/tokens/bitbrain/sub-59_psg__F3.npy
bitbrain,sub-59_psg,sub-59,F4,train,317100,/data/gen/tokens/bitbrain/sub-59_psg__F4.npy
bitbrain,sub-59_psg,sub-59,C3,train,317100,/data/gen/tokens/bitbrain/sub-59_psg__C3.npy
bitbrain,sub-59_psg,sub-59,C4,train,317100,/data/gen/tokens/bitbrain/sub-59_psg__C4.npy
bitbrain,sub-59_psg,sub-59,O1,train,317100,/data/gen/tokens/bitbrain/sub-59_psg__O1.npy
bitbrain,sub-59_psg,sub-59,O2,train,317100,/data/gen/tokens/bitbrain/sub-59_psg__O2.npy
bitbrain,sub-59_psg,sub-59,F3-F4,train,317100,/data/gen/tokens/bitbrain/sub-59_psg__F3-F4.npy
bitbrain,sub-59_headband,sub-59,HB_1,train,317100,/data/gen/tokens/bitbrain/sub-59_headband__HB_1.npy
bitbrain,sub-59_headband,sub-59,HB_2,train,317100,/data/gen/tokens/bitbrain/sub-59_headband__HB_2.npy
bitbrain,sub-59_headband,sub-59,HB_1-HB_2,train,317100,/data/gen/tokens/bitbrain/sub-59_headband__HB_1-HB_2.npy
bitbrain,sub-60_psg,sub-60,F3,heldout,276600,/data/gen/tokens/bitbrain/sub-60_psg__F3.npy
bitbrain,sub-60_psg,sub-60,F4,heldout,276600,/data/gen/tokens/bitbrain/sub-60_psg__F4.npy
bitbrain,sub-60_psg,sub-60,C3,heldout,276600,/data/gen/tokens/bitbrain/sub-60_psg__C3.npy
bitbrain,sub-60_psg,sub-60,C4,heldout,276600,/data/gen/tokens/bitbrain/sub-60_psg__C4.npy
bitbrain,sub-60_psg,sub-60,O1,heldout,276600,/data/gen/tokens/bitbrain/sub-60_psg__O1.npy
bitbrain,sub-60_psg,sub-60,O2,heldout,276600,/data/gen/tokens/bitbrain/sub-60_psg__O2.npy
bitbrain,sub-60_psg,sub-60,F3-F4,heldout,276600,/data/gen/tokens/bitbrain/sub-60_psg__F3-F4.npy
bitbrain,sub-60_headband,sub-60,HB_1,heldout,276600,/data/gen/tokens/bitbrain/sub-60_headband__HB_1.npy
bitbrain,sub-60_headband,sub-60,HB_2,heldout,276600,/data/gen/tokens/bitbrain/sub-60_headband__HB_2.npy
bitbrain,sub-60_headband,sub-60,HB_1-HB_2,heldout,276600,/data/gen/tokens/bitbrain/sub-60_headband__HB_1-HB_2.npy
bitbrain,sub-61_psg,sub-61,F3,train,284400,/data/gen/tokens/bitbrain/sub-61_psg__F3.npy
bitbrain,sub-61_psg,sub-61,F4,train,284400,/data/gen/tokens/bitbrain/sub-61_psg__F4.npy
bitbrain,sub-61_psg,sub-61,C3,train,284400,/data/gen/tokens/bitbrain/sub-61_psg__C3.npy
bitbrain,sub-61_psg,sub-61,C4,train,284400,/data/gen/tokens/bitbrain/sub-61_psg__C4.npy
bitbrain,sub-61_psg,sub-61,O1,train,284400,/data/gen/tokens/bitbrain/sub-61_psg__O1.npy
bitbrain,sub-61_psg,sub-61,O2,train,284400,/data/gen/tokens/bitbrain/sub-61_psg__O2.npy
bitbrain,sub-61_psg,sub-61,F3-F4,train,284400,/data/gen/tokens/bitbrain/sub-61_psg__F3-F4.npy
bitbrain,sub-61_headband,sub-61,HB_1,train,284400,/data/gen/tokens/bitbrain/sub-61_headband__HB_1.npy
bitbrain,sub-61_headband,sub-61,HB_2,train,284400,/data/gen/tokens/bitbrain/sub-61_headband__HB_2.npy
bitbrain,sub-61_headband,sub-61,HB_1-HB_2,train,284400,/data/gen/tokens/bitbrain/sub-61_headband__HB_1-HB_2.npy
bitbrain,sub-62_psg,sub-62,F3,train,294900,/data/gen/tokens/bitbrain/sub-62_psg__F3.npy
bitbrain,sub-62_psg,sub-62,F4,train,294900,/data/gen/tokens/bitbrain/sub-62_psg__F4.npy
bitbrain,sub-62_psg,sub-62,C3,train,294900,/data/gen/tokens/bitbrain/sub-62_psg__C3.npy
bitbrain,sub-62_psg,sub-62,C4,train,294900,/data/gen/tokens/bitbrain/sub-62_psg__C4.npy
bitbrain,sub-62_psg,sub-62,O1,train,294900,/data/gen/tokens/bitbrain/sub-62_psg__O1.npy
bitbrain,sub-62_psg,sub-62,O2,train,294900,/data/gen/tokens/bitbrain/sub-62_psg__O2.npy
bitbrain,sub-62_psg,sub-62,F3-F4,train,294900,/data/gen/tokens/bitbrain/sub-62_psg__F3-F4.npy
bitbrain,sub-62_headband,sub-62,HB_1,train,294900,/data/gen/tokens/bitbrain/sub-62_headband__HB_1.npy
bitbrain,sub-62_headband,sub-62,HB_2,train,294900,/data/gen/tokens/bitbrain/sub-62_headband__HB_2.npy
bitbrain,sub-62_headband,sub-62,HB_1-HB_2,train,294900,/data/gen/tokens/bitbrain/sub-62_headband__HB_1-HB_2.npy
bitbrain,sub-63_psg,sub-63,F3,train,266400,/data/gen/tokens/bitbrain/sub-63_psg__F3.npy
bitbrain,sub-63_psg,sub-63,F4,train,266400,/data/gen/tokens/bitbrain/sub-63_psg__F4.npy
bitbrain,sub-63_psg,sub-63,C3,train,266400,/data/gen/tokens/bitbrain/sub-63_psg__C3.npy
bitbrain,sub-63_psg,sub-63,C4,train,266400,/data/gen/tokens/bitbrain/sub-63_psg__C4.npy
bitbrain,sub-63_psg,sub-63,O1,train,266400,/data/gen/tokens/bitbrain/sub-63_psg__O1.npy
bitbrain,sub-63_psg,sub-63,O2,train,266400,/data/gen/tokens/bitbrain/sub-63_psg__O2.npy
bitbrain,sub-63_psg,sub-63,F3-F4,train,266400,/data/gen/tokens/bitbrain/sub-63_psg__F3-F4.npy
bitbrain,sub-63_headband,sub-63,HB_1,train,266400,/data/gen/tokens/bitbrain/sub-63_headband__HB_1.npy
bitbrain,sub-63_headband,sub-63,HB_2,train,266400,/data/gen/tokens/bitbrain/sub-63_headband__HB_2.npy
bitbrain,sub-63_headband,sub-63,HB_1-HB_2,train,266400,/data/gen/tokens/bitbrain/sub-63_headband__HB_1-HB_2.npy
bitbrain,sub-64_psg,sub-64,F3,train,265800,/data/gen/tokens/bitbrain/sub-64_psg__F3.npy
bitbrain,sub-64_psg,sub-64,F4,train,265800,/data/gen/tokens/bitbrain/sub-64_psg__F4.npy
bitbrain,sub-64_psg,sub-64,C3,train,265800,/data/gen/tokens/bitbrain/sub-64_psg__C3.npy
bitbrain,sub-64_psg,sub-64,C4,train,265800,/data/gen/tokens/bitbrain/sub-64_psg__C4.npy
bitbrain,sub-64_psg,sub-64,O1,train,265800,/data/gen/tokens/bitbrain/sub-64_psg__O1.npy
bitbrain,sub-64_psg,sub-64,O2,train,265800,/data/gen/tokens/bitbrain/sub-64_psg__O2.npy
bitbrain,sub-64_psg,sub-64,F3-F4,train,265800,/data/gen/tokens/bitbrain/sub-64_psg__F3-F4.npy
bitbrain,sub-64_headband,sub-64,HB_1,train,265800,/data/gen/tokens/bitbrain/sub-64_headband__HB_1.npy
bitbrain,sub-64_headband,sub-64,HB_2,train,265800,/data/gen/tokens/bitbrain/sub-64_headband__HB_2.npy
bitbrain,sub-64_headband,sub-64,HB_1-HB_2,train,265800,/data/gen/tokens/bitbrain/sub-64_headband__HB_1-HB_2.npy
bitbrain,sub-65_psg,sub-65,F3,train,269100,/data/gen/tokens/bitbrain/sub-65_psg__F3.npy
bitbrain,sub-65_psg,sub-65,F4,train,269100,/data/gen/tokens/bitbrain/sub-65_psg__F4.npy
bitbrain,sub-65_psg,sub-65,C3,train,269100,/data/gen/tokens/bitbrain/sub-65_psg__C3.npy
bitbrain,sub-65_psg,sub-65,C4,train,269100,/data/gen/tokens/bitbrain/sub-65_psg__C4.npy
bitbrain,sub-65_psg,sub-65,O1,train,269100,/data/gen/tokens/bitbrain/sub-65_psg__O1.npy
bitbrain,sub-65_psg,sub-65,O2,train,269100,/data/gen/tokens/bitbrain/sub-65_psg__O2.npy
bitbrain,sub-65_psg,sub-65,F3-F4,train,269100,/data/gen/tokens/bitbrain/sub-65_psg__F3-F4.npy
bitbrain,sub-65_headband,sub-65,HB_1,train,269100,/data/gen/tokens/bitbrain/sub-65_headband__HB_1.npy
bitbrain,sub-65_headband,sub-65,HB_2,train,269100,/data/gen/tokens/bitbrain/sub-65_headband__HB_2.npy
bitbrain,sub-65_headband,sub-65,HB_1-HB_2,train,269100,/data/gen/tokens/bitbrain/sub-65_headband__HB_1-HB_2.npy
bitbrain,sub-67_psg,sub-67,F3,train,277200,/data/gen/tokens/bitbrain/sub-67_psg__F3.npy
bitbrain,sub-67_psg,sub-67,F4,train,277200,/data/gen/tokens/bitbrain/sub-67_psg__F4.npy
bitbrain,sub-67_psg,sub-67,C3,train,277200,/data/gen/tokens/bitbrain/sub-67_psg__C3.npy
bitbrain,sub-67_psg,sub-67,C4,train,277200,/data/gen/tokens/bitbrain/sub-67_psg__C4.npy
bitbrain,sub-67_psg,sub-67,O1,train,277200,/data/gen/tokens/bitbrain/sub-67_psg__O1.npy
bitbrain,sub-67_psg,sub-67,O2,train,277200,/data/gen/tokens/bitbrain/sub-67_psg__O2.npy
bitbrain,sub-67_psg,sub-67,F3-F4,train,277200,/data/gen/tokens/bitbrain/sub-67_psg__F3-F4.npy
bitbrain,sub-67_headband,sub-67,HB_1,train,277200,/data/gen/tokens/bitbrain/sub-67_headband__HB_1.npy
bitbrain,sub-67_headband,sub-67,HB_2,train,277200,/data/gen/tokens/bitbrain/sub-67_headband__HB_2.npy
bitbrain,sub-67_headband,sub-67,HB_1-HB_2,train,277200,/data/gen/tokens/bitbrain/sub-67_headband__HB_1-HB_2.npy
bitbrain,sub-66_psg,sub-66,F3,heldout,324300,/data/gen/tokens/bitbrain/sub-66_psg__F3.npy
bitbrain,sub-66_psg,sub-66,F4,heldout,324300,/data/gen/tokens/bitbrain/sub-66_psg__F4.npy
bitbrain,sub-66_psg,sub-66,C3,heldout,324300,/data/gen/tokens/bitbrain/sub-66_psg__C3.npy
bitbrain,sub-66_psg,sub-66,C4,heldout,324300,/data/gen/tokens/bitbrain/sub-66_psg__C4.npy
bitbrain,sub-66_psg,sub-66,O1,heldout,324300,/data/gen/tokens/bitbrain/sub-66_psg__O1.npy
bitbrain,sub-66_psg,sub-66,O2,heldout,324300,/data/gen/tokens/bitbrain/sub-66_psg__O2.npy
bitbrain,sub-66_psg,sub-66,F3-F4,heldout,324300,/data/gen/tokens/bitbrain/sub-66_psg__F3-F4.npy
bitbrain,sub-66_headband,sub-66,HB_1,heldout,324300,/data/gen/tokens/bitbrain/sub-66_headband__HB_1.npy
bitbrain,sub-66_headband,sub-66,HB_2,heldout,324300,/data/gen/tokens/bitbrain/sub-66_headband__HB_2.npy
bitbrain,sub-66_headband,sub-66,HB_1-HB_2,heldout,324300,/data/gen/tokens/bitbrain/sub-66_headband__HB_1-HB_2.npy
bitbrain,sub-68_psg,sub-68,F3,train,261000,/data/gen/tokens/bitbrain/sub-68_psg__F3.npy
bitbrain,sub-68_psg,sub-68,F4,train,261000,/data/gen/tokens/bitbrain/sub-68_psg__F4.npy
bitbrain,sub-68_psg,sub-68,C3,train,261000,/data/gen/tokens/bitbrain/sub-68_psg__C3.npy
bitbrain,sub-68_psg,sub-68,C4,train,261000,/data/gen/tokens/bitbrain/sub-68_psg__C4.npy
bitbrain,sub-68_psg,sub-68,O1,train,261000,/data/gen/tokens/bitbrain/sub-68_psg__O1.npy
bitbrain,sub-68_psg,sub-68,O2,train,261000,/data/gen/tokens/bitbrain/sub-68_psg__O2.npy
bitbrain,sub-68_psg,sub-68,F3-F4,train,261000,/data/gen/tokens/bitbrain/sub-68_psg__F3-F4.npy
bitbrain,sub-68_headband,sub-68,HB_1,train,261000,/data/gen/tokens/bitbrain/sub-68_headband__HB_1.npy
bitbrain,sub-68_headband,sub-68,HB_2,train,261000,/data/gen/tokens/bitbrain/sub-68_headband__HB_2.npy
bitbrain,sub-68_headband,sub-68,HB_1-HB_2,train,261000,/data/gen/tokens/bitbrain/sub-68_headband__HB_1-HB_2.npy
bitbrain,sub-69_psg,sub-69,F3,train,300900,/data/gen/tokens/bitbrain/sub-69_psg__F3.npy
bitbrain,sub-69_psg,sub-69,F4,train,300900,/data/gen/tokens/bitbrain/sub-69_psg__F4.npy
bitbrain,sub-69_psg,sub-69,C3,train,300900,/data/gen/tokens/bitbrain/sub-69_psg__C3.npy
bitbrain,sub-69_psg,sub-69,C4,train,300900,/data/gen/tokens/bitbrain/sub-69_psg__C4.npy
bitbrain,sub-69_psg,sub-69,O1,train,300900,/data/gen/tokens/bitbrain/sub-69_psg__O1.npy
bitbrain,sub-69_psg,sub-69,O2,train,300900,/data/gen/tokens/bitbrain/sub-69_psg__O2.npy
bitbrain,sub-69_psg,sub-69,F3-F4,train,300900,/data/gen/tokens/bitbrain/sub-69_psg__F3-F4.npy
bitbrain,sub-69_headband,sub-69,HB_1,train,300900,/data/gen/tokens/bitbrain/sub-69_headband__HB_1.npy
bitbrain,sub-69_headband,sub-69,HB_2,train,300900,/data/gen/tokens/bitbrain/sub-69_headband__HB_2.npy
bitbrain,sub-69_headband,sub-69,HB_1-HB_2,train,300900,/data/gen/tokens/bitbrain/sub-69_headband__HB_1-HB_2.npy
bitbrain,sub-7_psg,sub-7,F3,train,280500,/data/gen/tokens/bitbrain/sub-7_psg__F3.npy
bitbrain,sub-7_psg,sub-7,F4,train,280500,/data/gen/tokens/bitbrain/sub-7_psg__F4.npy
bitbrain,sub-7_psg,sub-7,C3,train,280500,/data/gen/tokens/bitbrain/sub-7_psg__C3.npy
bitbrain,sub-7_psg,sub-7,C4,train,280500,/data/gen/tokens/bitbrain/sub-7_psg__C4.npy
bitbrain,sub-7_psg,sub-7,O1,train,280500,/data/gen/tokens/bitbrain/sub-7_psg__O1.npy
bitbrain,sub-7_psg,sub-7,O2,train,280500,/data/gen/tokens/bitbrain/sub-7_psg__O2.npy
bitbrain,sub-7_psg,sub-7,F3-F4,train,280500,/data/gen/tokens/bitbrain/sub-7_psg__F3-F4.npy
bitbrain,sub-7_headband,sub-7,HB_1,train,280500,/data/gen/tokens/bitbrain/sub-7_headband__HB_1.npy
bitbrain,sub-7_headband,sub-7,HB_2,train,280500,/data/gen/tokens/bitbrain/sub-7_headband__HB_2.npy
bitbrain,sub-7_headband,sub-7,HB_1-HB_2,train,280500,/data/gen/tokens/bitbrain/sub-7_headband__HB_1-HB_2.npy
bitbrain,sub-70_psg,sub-70,F3,train,266700,/data/gen/tokens/bitbrain/sub-70_psg__F3.npy
bitbrain,sub-70_psg,sub-70,F4,train,266700,/data/gen/tokens/bitbrain/sub-70_psg__F4.npy
bitbrain,sub-70_psg,sub-70,C3,train,266700,/data/gen/tokens/bitbrain/sub-70_psg__C3.npy
bitbrain,sub-70_psg,sub-70,C4,train,266700,/data/gen/tokens/bitbrain/sub-70_psg__C4.npy
bitbrain,sub-70_psg,sub-70,O1,train,266700,/data/gen/tokens/bitbrain/sub-70_psg__O1.npy
bitbrain,sub-70_psg,sub-70,O2,train,266700,/data/gen/tokens/bitbrain/sub-70_psg__O2.npy
bitbrain,sub-70_psg,sub-70,F3-F4,train,266700,/data/gen/tokens/bitbrain/sub-70_psg__F3-F4.npy
bitbrain,sub-70_headband,sub-70,HB_1,train,266700,/data/gen/tokens/bitbrain/sub-70_headband__HB_1.npy
bitbrain,sub-70_headband,sub-70,HB_2,train,266700,/data/gen/tokens/bitbrain/sub-70_headband__HB_2.npy
bitbrain,sub-70_headband,sub-70,HB_1-HB_2,train,266700,/data/gen/tokens/bitbrain/sub-70_headband__HB_1-HB_2.npy
bitbrain,sub-71_psg,sub-71,F3,train,334200,/data/gen/tokens/bitbrain/sub-71_psg__F3.npy
bitbrain,sub-71_psg,sub-71,F4,train,334200,/data/gen/tokens/bitbrain/sub-71_psg__F4.npy
bitbrain,sub-71_psg,sub-71,C3,train,334200,/data/gen/tokens/bitbrain/sub-71_psg__C3.npy
bitbrain,sub-71_psg,sub-71,C4,train,334200,/data/gen/tokens/bitbrain/sub-71_psg__C4.npy
bitbrain,sub-71_psg,sub-71,O1,train,334200,/data/gen/tokens/bitbrain/sub-71_psg__O1.npy
bitbrain,sub-71_psg,sub-71,O2,train,334200,/data/gen/tokens/bitbrain/sub-71_psg__O2.npy
bitbrain,sub-71_psg,sub-71,F3-F4,train,334200,/data/gen/tokens/bitbrain/sub-71_psg__F3-F4.npy
bitbrain,sub-71_headband,sub-71,HB_1,train,334200,/data/gen/tokens/bitbrain/sub-71_headband__HB_1.npy
bitbrain,sub-71_headband,sub-71,HB_2,train,334200,/data/gen/tokens/bitbrain/sub-71_headband__HB_2.npy
bitbrain,sub-71_headband,sub-71,HB_1-HB_2,train,334200,/data/gen/tokens/bitbrain/sub-71_headband__HB_1-HB_2.npy
bitbrain,sub-72_psg,sub-72,F3,train,289800,/data/gen/tokens/bitbrain/sub-72_psg__F3.npy
bitbrain,sub-72_psg,sub-72,F4,train,289800,/data/gen/tokens/bitbrain/sub-72_psg__F4.npy
bitbrain,sub-72_psg,sub-72,C3,train,289800,/data/gen/tokens/bitbrain/sub-72_psg__C3.npy
bitbrain,sub-72_psg,sub-72,C4,train,289800,/data/gen/tokens/bitbrain/sub-72_psg__C4.npy
bitbrain,sub-72_psg,sub-72,O1,train,289800,/data/gen/tokens/bitbrain/sub-72_psg__O1.npy
bitbrain,sub-72_psg,sub-72,O2,train,289800,/data/gen/tokens/bitbrain/sub-72_psg__O2.npy
bitbrain,sub-72_psg,sub-72,F3-F4,train,289800,/data/gen/tokens/bitbrain/sub-72_psg__F3-F4.npy
bitbrain,sub-72_headband,sub-72,HB_1,train,289800,/data/gen/tokens/bitbrain/sub-72_headband__HB_1.npy
bitbrain,sub-72_headband,sub-72,HB_2,train,289800,/data/gen/tokens/bitbrain/sub-72_headband__HB_2.npy
bitbrain,sub-72_headband,sub-72,HB_1-HB_2,train,289800,/data/gen/tokens/bitbrain/sub-72_headband__HB_1-HB_2.npy
bitbrain,sub-73_psg,sub-73,F3,heldout,259500,/data/gen/tokens/bitbrain/sub-73_psg__F3.npy
bitbrain,sub-73_psg,sub-73,F4,heldout,259500,/data/gen/tokens/bitbrain/sub-73_psg__F4.npy
bitbrain,sub-73_psg,sub-73,C3,heldout,259500,/data/gen/tokens/bitbrain/sub-73_psg__C3.npy
bitbrain,sub-73_psg,sub-73,C4,heldout,259500,/data/gen/tokens/bitbrain/sub-73_psg__C4.npy
bitbrain,sub-73_psg,sub-73,O1,heldout,259500,/data/gen/tokens/bitbrain/sub-73_psg__O1.npy
bitbrain,sub-73_psg,sub-73,O2,heldout,259500,/data/gen/tokens/bitbrain/sub-73_psg__O2.npy
bitbrain,sub-73_psg,sub-73,F3-F4,heldout,259500,/data/gen/tokens/bitbrain/sub-73_psg__F3-F4.npy
bitbrain,sub-73_headband,sub-73,HB_1,heldout,259500,/data/gen/tokens/bitbrain/sub-73_headband__HB_1.npy
bitbrain,sub-73_headband,sub-73,HB_2,heldout,259500,/data/gen/tokens/bitbrain/sub-73_headband__HB_2.npy
bitbrain,sub-73_headband,sub-73,HB_1-HB_2,heldout,259500,/data/gen/tokens/bitbrain/sub-73_headband__HB_1-HB_2.npy
bitbrain,sub-74_psg,sub-74,F3,train,290700,/data/gen/tokens/bitbrain/sub-74_psg__F3.npy
bitbrain,sub-74_psg,sub-74,F4,train,290700,/data/gen/tokens/bitbrain/sub-74_psg__F4.npy
bitbrain,sub-74_psg,sub-74,C3,train,290700,/data/gen/tokens/bitbrain/sub-74_psg__C3.npy
bitbrain,sub-74_psg,sub-74,C4,train,290700,/data/gen/tokens/bitbrain/sub-74_psg__C4.npy
bitbrain,sub-74_psg,sub-74,O1,train,290700,/data/gen/tokens/bitbrain/sub-74_psg__O1.npy
bitbrain,sub-74_psg,sub-74,O2,train,290700,/data/gen/tokens/bitbrain/sub-74_psg__O2.npy
bitbrain,sub-74_psg,sub-74,F3-F4,train,290700,/data/gen/tokens/bitbrain/sub-74_psg__F3-F4.npy
bitbrain,sub-74_headband,sub-74,HB_1,train,290700,/data/gen/tokens/bitbrain/sub-74_headband__HB_1.npy
bitbrain,sub-74_headband,sub-74,HB_2,train,290700,/data/gen/tokens/bitbrain/sub-74_headband__HB_2.npy
bitbrain,sub-74_headband,sub-74,HB_1-HB_2,train,290700,/data/gen/tokens/bitbrain/sub-74_headband__HB_1-HB_2.npy
bitbrain,sub-75_psg,sub-75,F3,train,258900,/data/gen/tokens/bitbrain/sub-75_psg__F3.npy
bitbrain,sub-75_psg,sub-75,F4,train,258900,/data/gen/tokens/bitbrain/sub-75_psg__F4.npy
bitbrain,sub-75_psg,sub-75,C3,train,258900,/data/gen/tokens/bitbrain/sub-75_psg__C3.npy
bitbrain,sub-75_psg,sub-75,C4,train,258900,/data/gen/tokens/bitbrain/sub-75_psg__C4.npy
bitbrain,sub-75_psg,sub-75,O1,train,258900,/data/gen/tokens/bitbrain/sub-75_psg__O1.npy
bitbrain,sub-75_psg,sub-75,O2,train,258900,/data/gen/tokens/bitbrain/sub-75_psg__O2.npy
bitbrain,sub-75_psg,sub-75,F3-F4,train,258900,/data/gen/tokens/bitbrain/sub-75_psg__F3-F4.npy
bitbrain,sub-75_headband,sub-75,HB_1,train,258900,/data/gen/tokens/bitbrain/sub-75_headband__HB_1.npy
bitbrain,sub-75_headband,sub-75,HB_2,train,258900,/data/gen/tokens/bitbrain/sub-75_headband__HB_2.npy
bitbrain,sub-75_headband,sub-75,HB_1-HB_2,train,258900,/data/gen/tokens/bitbrain/sub-75_headband__HB_1-HB_2.npy
bitbrain,sub-78_psg,sub-78,F3,train,264000,/data/gen/tokens/bitbrain/sub-78_psg__F3.npy
bitbrain,sub-78_psg,sub-78,F4,train,264000,/data/gen/tokens/bitbrain/sub-78_psg__F4.npy
bitbrain,sub-78_psg,sub-78,C3,train,264000,/data/gen/tokens/bitbrain/sub-78_psg__C3.npy
bitbrain,sub-78_psg,sub-78,C4,train,264000,/data/gen/tokens/bitbrain/sub-78_psg__C4.npy
bitbrain,sub-78_psg,sub-78,O1,train,264000,/data/gen/tokens/bitbrain/sub-78_psg__O1.npy
bitbrain,sub-78_psg,sub-78,O2,train,264000,/data/gen/tokens/bitbrain/sub-78_psg__O2.npy
bitbrain,sub-78_psg,sub-78,F3-F4,train,264000,/data/gen/tokens/bitbrain/sub-78_psg__F3-F4.npy
bitbrain,sub-78_headband,sub-78,HB_1,train,264000,/data/gen/tokens/bitbrain/sub-78_headband__HB_1.npy
bitbrain,sub-78_headband,sub-78,HB_2,train,264000,/data/gen/tokens/bitbrain/sub-78_headband__HB_2.npy
bitbrain,sub-78_headband,sub-78,HB_1-HB_2,train,264000,/data/gen/tokens/bitbrain/sub-78_headband__HB_1-HB_2.npy
bitbrain,sub-8_psg,sub-8,F3,train,122700,/data/gen/tokens/bitbrain/sub-8_psg__F3.npy
bitbrain,sub-8_psg,sub-8,F4,train,122700,/data/gen/tokens/bitbrain/sub-8_psg__F4.npy
bitbrain,sub-8_psg,sub-8,C3,train,122700,/data/gen/tokens/bitbrain/sub-8_psg__C3.npy
bitbrain,sub-8_psg,sub-8,C4,train,122700,/data/gen/tokens/bitbrain/sub-8_psg__C4.npy
bitbrain,sub-8_psg,sub-8,O1,train,122700,/data/gen/tokens/bitbrain/sub-8_psg__O1.npy
bitbrain,sub-8_psg,sub-8,O2,train,122700,/data/gen/tokens/bitbrain/sub-8_psg__O2.npy
bitbrain,sub-8_psg,sub-8,F3-F4,train,122700,/data/gen/tokens/bitbrain/sub-8_psg__F3-F4.npy
bitbrain,sub-8_headband,sub-8,HB_1,train,122700,/data/gen/tokens/bitbrain/sub-8_headband__HB_1.npy
bitbrain,sub-8_headband,sub-8,HB_2,train,122700,/data/gen/tokens/bitbrain/sub-8_headband__HB_2.npy
bitbrain,sub-8_headband,sub-8,HB_1-HB_2,train,122700,/data/gen/tokens/bitbrain/sub-8_headband__HB_1-HB_2.npy
bitbrain,sub-76_psg,sub-76,F3,train,314400,/data/gen/tokens/bitbrain/sub-76_psg__F3.npy
bitbrain,sub-76_psg,sub-76,F4,train,314400,/data/gen/tokens/bitbrain/sub-76_psg__F4.npy
bitbrain,sub-76_psg,sub-76,C3,train,314400,/data/gen/tokens/bitbrain/sub-76_psg__C3.npy
bitbrain,sub-76_psg,sub-76,C4,train,314400,/data/gen/tokens/bitbrain/sub-76_psg__C4.npy
bitbrain,sub-76_psg,sub-76,O1,train,314400,/data/gen/tokens/bitbrain/sub-76_psg__O1.npy
bitbrain,sub-76_psg,sub-76,O2,train,314400,/data/gen/tokens/bitbrain/sub-76_psg__O2.npy
bitbrain,sub-76_psg,sub-76,F3-F4,train,314400,/data/gen/tokens/bitbrain/sub-76_psg__F3-F4.npy
bitbrain,sub-76_headband,sub-76,HB_1,train,314400,/data/gen/tokens/bitbrain/sub-76_headband__HB_1.npy
bitbrain,sub-76_headband,sub-76,HB_2,train,314400,/data/gen/tokens/bitbrain/sub-76_headband__HB_2.npy
bitbrain,sub-76_headband,sub-76,HB_1-HB_2,train,314400,/data/gen/tokens/bitbrain/sub-76_headband__HB_1-HB_2.npy
bitbrain,sub-77_psg,sub-77,F3,train,323400,/data/gen/tokens/bitbrain/sub-77_psg__F3.npy
bitbrain,sub-77_psg,sub-77,F4,train,323400,/data/gen/tokens/bitbrain/sub-77_psg__F4.npy
bitbrain,sub-77_psg,sub-77,C3,train,323400,/data/gen/tokens/bitbrain/sub-77_psg__C3.npy
bitbrain,sub-77_psg,sub-77,C4,train,323400,/data/gen/tokens/bitbrain/sub-77_psg__C4.npy
bitbrain,sub-77_psg,sub-77,O1,train,323400,/data/gen/tokens/bitbrain/sub-77_psg__O1.npy
bitbrain,sub-77_psg,sub-77,O2,train,323400,/data/gen/tokens/bitbrain/sub-77_psg__O2.npy
bitbrain,sub-77_psg,sub-77,F3-F4,train,323400,/data/gen/tokens/bitbrain/sub-77_psg__F3-F4.npy
bitbrain,sub-77_headband,sub-77,HB_1,train,323400,/data/gen/tokens/bitbrain/sub-77_headband__HB_1.npy
bitbrain,sub-77_headband,sub-77,HB_2,train,323400,/data/gen/tokens/bitbrain/sub-77_headband__HB_2.npy
bitbrain,sub-77_headband,sub-77,HB_1-HB_2,train,323400,/data/gen/tokens/bitbrain/sub-77_headband__HB_1-HB_2.npy
bitbrain,sub-80_psg,sub-80,F3,train,246000,/data/gen/tokens/bitbrain/sub-80_psg__F3.npy
bitbrain,sub-80_psg,sub-80,F4,train,246000,/data/gen/tokens/bitbrain/sub-80_psg__F4.npy
bitbrain,sub-80_psg,sub-80,C3,train,246000,/data/gen/tokens/bitbrain/sub-80_psg__C3.npy
bitbrain,sub-80_psg,sub-80,C4,train,246000,/data/gen/tokens/bitbrain/sub-80_psg__C4.npy
bitbrain,sub-80_psg,sub-80,O1,train,246000,/data/gen/tokens/bitbrain/sub-80_psg__O1.npy
bitbrain,sub-80_psg,sub-80,O2,train,246000,/data/gen/tokens/bitbrain/sub-80_psg__O2.npy
bitbrain,sub-80_psg,sub-80,F3-F4,train,246000,/data/gen/tokens/bitbrain/sub-80_psg__F3-F4.npy
bitbrain,sub-80_headband,sub-80,HB_1,train,246000,/data/gen/tokens/bitbrain/sub-80_headband__HB_1.npy
bitbrain,sub-80_headband,sub-80,HB_2,train,246000,/data/gen/tokens/bitbrain/sub-80_headband__HB_2.npy
bitbrain,sub-80_headband,sub-80,HB_1-HB_2,train,246000,/data/gen/tokens/bitbrain/sub-80_headband__HB_1-HB_2.npy
bitbrain,sub-79_psg,sub-79,F3,train,310200,/data/gen/tokens/bitbrain/sub-79_psg__F3.npy
bitbrain,sub-79_psg,sub-79,F4,train,310200,/data/gen/tokens/bitbrain/sub-79_psg__F4.npy
bitbrain,sub-79_psg,sub-79,C3,train,310200,/data/gen/tokens/bitbrain/sub-79_psg__C3.npy
bitbrain,sub-79_psg,sub-79,C4,train,310200,/data/gen/tokens/bitbrain/sub-79_psg__C4.npy
bitbrain,sub-79_psg,sub-79,O1,train,310200,/data/gen/tokens/bitbrain/sub-79_psg__O1.npy
bitbrain,sub-79_psg,sub-79,O2,train,310200,/data/gen/tokens/bitbrain/sub-79_psg__O2.npy
bitbrain,sub-79_psg,sub-79,F3-F4,train,310200,/data/gen/tokens/bitbrain/sub-79_psg__F3-F4.npy
bitbrain,sub-79_headband,sub-79,HB_1,train,310200,/data/gen/tokens/bitbrain/sub-79_headband__HB_1.npy
bitbrain,sub-79_headband,sub-79,HB_2,train,310200,/data/gen/tokens/bitbrain/sub-79_headband__HB_2.npy
bitbrain,sub-79_headband,sub-79,HB_1-HB_2,train,310200,/data/gen/tokens/bitbrain/sub-79_headband__HB_1-HB_2.npy
bitbrain,sub-81_psg,sub-81,F3,train,271500,/data/gen/tokens/bitbrain/sub-81_psg__F3.npy
bitbrain,sub-81_psg,sub-81,F4,train,271500,/data/gen/tokens/bitbrain/sub-81_psg__F4.npy
bitbrain,sub-81_psg,sub-81,C3,train,271500,/data/gen/tokens/bitbrain/sub-81_psg__C3.npy
bitbrain,sub-81_psg,sub-81,C4,train,271500,/data/gen/tokens/bitbrain/sub-81_psg__C4.npy
bitbrain,sub-81_psg,sub-81,O1,train,271500,/data/gen/tokens/bitbrain/sub-81_psg__O1.npy
bitbrain,sub-81_psg,sub-81,O2,train,271500,/data/gen/tokens/bitbrain/sub-81_psg__O2.npy
bitbrain,sub-81_psg,sub-81,F3-F4,train,271500,/data/gen/tokens/bitbrain/sub-81_psg__F3-F4.npy
bitbrain,sub-81_headband,sub-81,HB_1,train,271500,/data/gen/tokens/bitbrain/sub-81_headband__HB_1.npy
bitbrain,sub-81_headband,sub-81,HB_2,train,271500,/data/gen/tokens/bitbrain/sub-81_headband__HB_2.npy
bitbrain,sub-81_headband,sub-81,HB_1-HB_2,train,271500,/data/gen/tokens/bitbrain/sub-81_headband__HB_1-HB_2.npy
bitbrain,sub-82_psg,sub-82,F3,train,266400,/data/gen/tokens/bitbrain/sub-82_psg__F3.npy
bitbrain,sub-82_psg,sub-82,F4,train,266400,/data/gen/tokens/bitbrain/sub-82_psg__F4.npy
bitbrain,sub-82_psg,sub-82,C3,train,266400,/data/gen/tokens/bitbrain/sub-82_psg__C3.npy
bitbrain,sub-82_psg,sub-82,C4,train,266400,/data/gen/tokens/bitbrain/sub-82_psg__C4.npy
bitbrain,sub-82_psg,sub-82,O1,train,266400,/data/gen/tokens/bitbrain/sub-82_psg__O1.npy
bitbrain,sub-82_psg,sub-82,O2,train,266400,/data/gen/tokens/bitbrain/sub-82_psg__O2.npy
bitbrain,sub-82_psg,sub-82,F3-F4,train,266400,/data/gen/tokens/bitbrain/sub-82_psg__F3-F4.npy
bitbrain,sub-82_headband,sub-82,HB_1,train,266400,/data/gen/tokens/bitbrain/sub-82_headband__HB_1.npy
bitbrain,sub-82_headband,sub-82,HB_2,train,266400,/data/gen/tokens/bitbrain/sub-82_headband__HB_2.npy
bitbrain,sub-82_headband,sub-82,HB_1-HB_2,train,266400,/data/gen/tokens/bitbrain/sub-82_headband__HB_1-HB_2.npy
bitbrain,sub-83_psg,sub-83,F3,train,273300,/data/gen/tokens/bitbrain/sub-83_psg__F3.npy
bitbrain,sub-83_psg,sub-83,F4,train,273300,/data/gen/tokens/bitbrain/sub-83_psg__F4.npy
bitbrain,sub-83_psg,sub-83,C3,train,273300,/data/gen/tokens/bitbrain/sub-83_psg__C3.npy
bitbrain,sub-83_psg,sub-83,C4,train,273300,/data/gen/tokens/bitbrain/sub-83_psg__C4.npy
bitbrain,sub-83_psg,sub-83,O1,train,273300,/data/gen/tokens/bitbrain/sub-83_psg__O1.npy
bitbrain,sub-83_psg,sub-83,O2,train,273300,/data/gen/tokens/bitbrain/sub-83_psg__O2.npy
bitbrain,sub-83_psg,sub-83,F3-F4,train,273300,/data/gen/tokens/bitbrain/sub-83_psg__F3-F4.npy
bitbrain,sub-83_headband,sub-83,HB_1,train,273300,/data/gen/tokens/bitbrain/sub-83_headband__HB_1.npy
bitbrain,sub-83_headband,sub-83,HB_2,train,273300,/data/gen/tokens/bitbrain/sub-83_headband__HB_2.npy
bitbrain,sub-83_headband,sub-83,HB_1-HB_2,train,273300,/data/gen/tokens/bitbrain/sub-83_headband__HB_1-HB_2.npy
bitbrain,sub-84_psg,sub-84,F3,train,305100,/data/gen/tokens/bitbrain/sub-84_psg__F3.npy
bitbrain,sub-84_psg,sub-84,F4,train,305100,/data/gen/tokens/bitbrain/sub-84_psg__F4.npy
bitbrain,sub-84_psg,sub-84,C3,train,305100,/data/gen/tokens/bitbrain/sub-84_psg__C3.npy
bitbrain,sub-84_psg,sub-84,C4,train,305100,/data/gen/tokens/bitbrain/sub-84_psg__C4.npy
bitbrain,sub-84_psg,sub-84,O1,train,305100,/data/gen/tokens/bitbrain/sub-84_psg__O1.npy
bitbrain,sub-84_psg,sub-84,O2,train,305100,/data/gen/tokens/bitbrain/sub-84_psg__O2.npy
bitbrain,sub-84_psg,sub-84,F3-F4,train,305100,/data/gen/tokens/bitbrain/sub-84_psg__F3-F4.npy
bitbrain,sub-84_headband,sub-84,HB_1,train,305100,/data/gen/tokens/bitbrain/sub-84_headband__HB_1.npy
bitbrain,sub-84_headband,sub-84,HB_2,train,305100,/data/gen/tokens/bitbrain/sub-84_headband__HB_2.npy
bitbrain,sub-84_headband,sub-84,HB_1-HB_2,train,305100,/data/gen/tokens/bitbrain/sub-84_headband__HB_1-HB_2.npy
bitbrain,sub-86_psg,sub-86,F3,train,283200,/data/gen/tokens/bitbrain/sub-86_psg__F3.npy
bitbrain,sub-86_psg,sub-86,F4,train,283200,/data/gen/tokens/bitbrain/sub-86_psg__F4.npy
bitbrain,sub-86_psg,sub-86,C3,train,283200,/data/gen/tokens/bitbrain/sub-86_psg__C3.npy
bitbrain,sub-86_psg,sub-86,C4,train,283200,/data/gen/tokens/bitbrain/sub-86_psg__C4.npy
bitbrain,sub-86_psg,sub-86,O1,train,283200,/data/gen/tokens/bitbrain/sub-86_psg__O1.npy
bitbrain,sub-86_psg,sub-86,O2,train,283200,/data/gen/tokens/bitbrain/sub-86_psg__O2.npy
bitbrain,sub-86_psg,sub-86,F3-F4,train,283200,/data/gen/tokens/bitbrain/sub-86_psg__F3-F4.npy
bitbrain,sub-86_headband,sub-86,HB_1,train,283200,/data/gen/tokens/bitbrain/sub-86_headband__HB_1.npy
bitbrain,sub-86_headband,sub-86,HB_2,train,283200,/data/gen/tokens/bitbrain/sub-86_headband__HB_2.npy
bitbrain,sub-86_headband,sub-86,HB_1-HB_2,train,283200,/data/gen/tokens/bitbrain/sub-86_headband__HB_1-HB_2.npy
bitbrain,sub-87_psg,sub-87,F3,train,287100,/data/gen/tokens/bitbrain/sub-87_psg__F3.npy
bitbrain,sub-87_psg,sub-87,F4,train,287100,/data/gen/tokens/bitbrain/sub-87_psg__F4.npy
bitbrain,sub-87_psg,sub-87,C3,train,287100,/data/gen/tokens/bitbrain/sub-87_psg__C3.npy
bitbrain,sub-87_psg,sub-87,C4,train,287100,/data/gen/tokens/bitbrain/sub-87_psg__C4.npy
bitbrain,sub-87_psg,sub-87,O1,train,287100,/data/gen/tokens/bitbrain/sub-87_psg__O1.npy
bitbrain,sub-87_psg,sub-87,O2,train,287100,/data/gen/tokens/bitbrain/sub-87_psg__O2.npy
bitbrain,sub-87_psg,sub-87,F3-F4,train,287100,/data/gen/tokens/bitbrain/sub-87_psg__F3-F4.npy
bitbrain,sub-87_headband,sub-87,HB_1,train,287100,/data/gen/tokens/bitbrain/sub-87_headband__HB_1.npy
bitbrain,sub-87_headband,sub-87,HB_2,train,287100,/data/gen/tokens/bitbrain/sub-87_headband__HB_2.npy
bitbrain,sub-87_headband,sub-87,HB_1-HB_2,train,287100,/data/gen/tokens/bitbrain/sub-87_headband__HB_1-HB_2.npy
bitbrain,sub-85_psg,sub-85,F3,train,324300,/data/gen/tokens/bitbrain/sub-85_psg__F3.npy
bitbrain,sub-85_psg,sub-85,F4,train,324300,/data/gen/tokens/bitbrain/sub-85_psg__F4.npy
bitbrain,sub-85_psg,sub-85,C3,train,324300,/data/gen/tokens/bitbrain/sub-85_psg__C3.npy
bitbrain,sub-85_psg,sub-85,C4,train,324300,/data/gen/tokens/bitbrain/sub-85_psg__C4.npy
bitbrain,sub-85_psg,sub-85,O1,train,324300,/data/gen/tokens/bitbrain/sub-85_psg__O1.npy
bitbrain,sub-85_psg,sub-85,O2,train,324300,/data/gen/tokens/bitbrain/sub-85_psg__O2.npy
bitbrain,sub-85_psg,sub-85,F3-F4,train,324300,/data/gen/tokens/bitbrain/sub-85_psg__F3-F4.npy
bitbrain,sub-85_headband,sub-85,HB_1,train,324300,/data/gen/tokens/bitbrain/sub-85_headband__HB_1.npy
bitbrain,sub-85_headband,sub-85,HB_2,train,324300,/data/gen/tokens/bitbrain/sub-85_headband__HB_2.npy
bitbrain,sub-85_headband,sub-85,HB_1-HB_2,train,324300,/data/gen/tokens/bitbrain/sub-85_headband__HB_1-HB_2.npy
bitbrain,sub-88_psg,sub-88,F3,train,269100,/data/gen/tokens/bitbrain/sub-88_psg__F3.npy
bitbrain,sub-88_psg,sub-88,F4,train,269100,/data/gen/tokens/bitbrain/sub-88_psg__F4.npy
bitbrain,sub-88_psg,sub-88,C3,train,269100,/data/gen/tokens/bitbrain/sub-88_psg__C3.npy
bitbrain,sub-88_psg,sub-88,C4,train,269100,/data/gen/tokens/bitbrain/sub-88_psg__C4.npy
bitbrain,sub-88_psg,sub-88,O1,train,269100,/data/gen/tokens/bitbrain/sub-88_psg__O1.npy
bitbrain,sub-88_psg,sub-88,O2,train,269100,/data/gen/tokens/bitbrain/sub-88_psg__O2.npy
bitbrain,sub-88_psg,sub-88,F3-F4,train,269100,/data/gen/tokens/bitbrain/sub-88_psg__F3-F4.npy
bitbrain,sub-88_headband,sub-88,HB_1,train,269100,/data/gen/tokens/bitbrain/sub-88_headband__HB_1.npy
bitbrain,sub-88_headband,sub-88,HB_2,train,269100,/data/gen/tokens/bitbrain/sub-88_headband__HB_2.npy
bitbrain,sub-88_headband,sub-88,HB_1-HB_2,train,269100,/data/gen/tokens/bitbrain/sub-88_headband__HB_1-HB_2.npy
bitbrain,sub-89_psg,sub-89,F3,train,292200,/data/gen/tokens/bitbrain/sub-89_psg__F3.npy
bitbrain,sub-89_psg,sub-89,F4,train,292200,/data/gen/tokens/bitbrain/sub-89_psg__F4.npy
bitbrain,sub-89_psg,sub-89,C3,train,292200,/data/gen/tokens/bitbrain/sub-89_psg__C3.npy
bitbrain,sub-89_psg,sub-89,C4,train,292200,/data/gen/tokens/bitbrain/sub-89_psg__C4.npy
bitbrain,sub-89_psg,sub-89,O1,train,292200,/data/gen/tokens/bitbrain/sub-89_psg__O1.npy
bitbrain,sub-89_psg,sub-89,O2,train,292200,/data/gen/tokens/bitbrain/sub-89_psg__O2.npy
bitbrain,sub-89_psg,sub-89,F3-F4,train,292200,/data/gen/tokens/bitbrain/sub-89_psg__F3-F4.npy
bitbrain,sub-89_headband,sub-89,HB_1,train,292200,/data/gen/tokens/bitbrain/sub-89_headband__HB_1.npy
bitbrain,sub-89_headband,sub-89,HB_2,train,292200,/data/gen/tokens/bitbrain/sub-89_headband__HB_2.npy
bitbrain,sub-89_headband,sub-89,HB_1-HB_2,train,292200,/data/gen/tokens/bitbrain/sub-89_headband__HB_1-HB_2.npy
bitbrain,sub-9_psg,sub-9,F3,train,316500,/data/gen/tokens/bitbrain/sub-9_psg__F3.npy
bitbrain,sub-9_psg,sub-9,F4,train,316500,/data/gen/tokens/bitbrain/sub-9_psg__F4.npy
bitbrain,sub-9_psg,sub-9,C3,train,316500,/data/gen/tokens/bitbrain/sub-9_psg__C3.npy
bitbrain,sub-9_psg,sub-9,C4,train,316500,/data/gen/tokens/bitbrain/sub-9_psg__C4.npy
bitbrain,sub-9_psg,sub-9,O1,train,316500,/data/gen/tokens/bitbrain/sub-9_psg__O1.npy
bitbrain,sub-9_psg,sub-9,O2,train,316500,/data/gen/tokens/bitbrain/sub-9_psg__O2.npy
bitbrain,sub-9_psg,sub-9,F3-F4,train,316500,/data/gen/tokens/bitbrain/sub-9_psg__F3-F4.npy
bitbrain,sub-9_headband,sub-9,HB_1,train,316500,/data/gen/tokens/bitbrain/sub-9_headband__HB_1.npy
bitbrain,sub-9_headband,sub-9,HB_2,train,316500,/data/gen/tokens/bitbrain/sub-9_headband__HB_2.npy
bitbrain,sub-9_headband,sub-9,HB_1-HB_2,train,316500,/data/gen/tokens/bitbrain/sub-9_headband__HB_1-HB_2.npy
bitbrain,sub-90_psg,sub-90,F3,train,312000,/data/gen/tokens/bitbrain/sub-90_psg__F3.npy
bitbrain,sub-90_psg,sub-90,F4,train,312000,/data/gen/tokens/bitbrain/sub-90_psg__F4.npy
bitbrain,sub-90_psg,sub-90,C3,train,312000,/data/gen/tokens/bitbrain/sub-90_psg__C3.npy
bitbrain,sub-90_psg,sub-90,C4,train,312000,/data/gen/tokens/bitbrain/sub-90_psg__C4.npy
bitbrain,sub-90_psg,sub-90,O1,train,312000,/data/gen/tokens/bitbrain/sub-90_psg__O1.npy
bitbrain,sub-90_psg,sub-90,O2,train,312000,/data/gen/tokens/bitbrain/sub-90_psg__O2.npy
bitbrain,sub-90_psg,sub-90,F3-F4,train,312000,/data/gen/tokens/bitbrain/sub-90_psg__F3-F4.npy
bitbrain,sub-90_headband,sub-90,HB_1,train,312000,/data/gen/tokens/bitbrain/sub-90_headband__HB_1.npy
bitbrain,sub-90_headband,sub-90,HB_2,train,312000,/data/gen/tokens/bitbrain/sub-90_headband__HB_2.npy
bitbrain,sub-90_headband,sub-90,HB_1-HB_2,train,312000,/data/gen/tokens/bitbrain/sub-90_headband__HB_1-HB_2.npy
bitbrain,sub-92_psg,sub-92,F3,train,296400,/data/gen/tokens/bitbrain/sub-92_psg__F3.npy
bitbrain,sub-92_psg,sub-92,F4,train,296400,/data/gen/tokens/bitbrain/sub-92_psg__F4.npy
bitbrain,sub-92_psg,sub-92,C3,train,296400,/data/gen/tokens/bitbrain/sub-92_psg__C3.npy
bitbrain,sub-92_psg,sub-92,C4,train,296400,/data/gen/tokens/bitbrain/sub-92_psg__C4.npy
bitbrain,sub-92_psg,sub-92,O1,train,296400,/data/gen/tokens/bitbrain/sub-92_psg__O1.npy
bitbrain,sub-92_psg,sub-92,O2,train,296400,/data/gen/tokens/bitbrain/sub-92_psg__O2.npy
bitbrain,sub-92_psg,sub-92,F3-F4,train,296400,/data/gen/tokens/bitbrain/sub-92_psg__F3-F4.npy
bitbrain,sub-92_headband,sub-92,HB_1,train,296400,/data/gen/tokens/bitbrain/sub-92_headband__HB_1.npy
bitbrain,sub-92_headband,sub-92,HB_2,train,296400,/data/gen/tokens/bitbrain/sub-92_headband__HB_2.npy
bitbrain,sub-92_headband,sub-92,HB_1-HB_2,train,296400,/data/gen/tokens/bitbrain/sub-92_headband__HB_1-HB_2.npy
bitbrain,sub-91_psg,sub-91,F3,train,306300,/data/gen/tokens/bitbrain/sub-91_psg__F3.npy
bitbrain,sub-91_psg,sub-91,F4,train,306300,/data/gen/tokens/bitbrain/sub-91_psg__F4.npy
bitbrain,sub-91_psg,sub-91,C3,train,306300,/data/gen/tokens/bitbrain/sub-91_psg__C3.npy
bitbrain,sub-91_psg,sub-91,C4,train,306300,/data/gen/tokens/bitbrain/sub-91_psg__C4.npy
bitbrain,sub-91_psg,sub-91,O1,train,306300,/data/gen/tokens/bitbrain/sub-91_psg__O1.npy
bitbrain,sub-91_psg,sub-91,O2,train,306300,/data/gen/tokens/bitbrain/sub-91_psg__O2.npy
bitbrain,sub-91_psg,sub-91,F3-F4,train,306300,/data/gen/tokens/bitbrain/sub-91_psg__F3-F4.npy
bitbrain,sub-91_headband,sub-91,HB_1,train,306300,/data/gen/tokens/bitbrain/sub-91_headband__HB_1.npy
bitbrain,sub-91_headband,sub-91,HB_2,train,306300,/data/gen/tokens/bitbrain/sub-91_headband__HB_2.npy
bitbrain,sub-91_headband,sub-91,HB_1-HB_2,train,306300,/data/gen/tokens/bitbrain/sub-91_headband__HB_1-HB_2.npy
bitbrain,sub-93_psg,sub-93,F3,train,263400,/data/gen/tokens/bitbrain/sub-93_psg__F3.npy
bitbrain,sub-93_psg,sub-93,F4,train,263400,/data/gen/tokens/bitbrain/sub-93_psg__F4.npy
bitbrain,sub-93_psg,sub-93,C3,train,263400,/data/gen/tokens/bitbrain/sub-93_psg__C3.npy
bitbrain,sub-93_psg,sub-93,C4,train,263400,/data/gen/tokens/bitbrain/sub-93_psg__C4.npy
bitbrain,sub-93_psg,sub-93,O1,train,263400,/data/gen/tokens/bitbrain/sub-93_psg__O1.npy
bitbrain,sub-93_psg,sub-93,O2,train,263400,/data/gen/tokens/bitbrain/sub-93_psg__O2.npy
bitbrain,sub-93_psg,sub-93,F3-F4,train,263400,/data/gen/tokens/bitbrain/sub-93_psg__F3-F4.npy
bitbrain,sub-93_headband,sub-93,HB_1,train,263400,/data/gen/tokens/bitbrain/sub-93_headband__HB_1.npy
bitbrain,sub-93_headband,sub-93,HB_2,train,263400,/data/gen/tokens/bitbrain/sub-93_headband__HB_2.npy
bitbrain,sub-93_headband,sub-93,HB_1-HB_2,train,263400,/data/gen/tokens/bitbrain/sub-93_headband__HB_1-HB_2.npy
bitbrain,sub-94_psg,sub-94,F3,train,301500,/data/gen/tokens/bitbrain/sub-94_psg__F3.npy
bitbrain,sub-94_psg,sub-94,F4,train,301500,/data/gen/tokens/bitbrain/sub-94_psg__F4.npy
bitbrain,sub-94_psg,sub-94,C3,train,301500,/data/gen/tokens/bitbrain/sub-94_psg__C3.npy
bitbrain,sub-94_psg,sub-94,C4,train,301500,/data/gen/tokens/bitbrain/sub-94_psg__C4.npy
bitbrain,sub-94_psg,sub-94,O1,train,301500,/data/gen/tokens/bitbrain/sub-94_psg__O1.npy
bitbrain,sub-94_psg,sub-94,O2,train,301500,/data/gen/tokens/bitbrain/sub-94_psg__O2.npy
bitbrain,sub-94_psg,sub-94,F3-F4,train,301500,/data/gen/tokens/bitbrain/sub-94_psg__F3-F4.npy
bitbrain,sub-94_headband,sub-94,HB_1,train,301500,/data/gen/tokens/bitbrain/sub-94_headband__HB_1.npy
bitbrain,sub-94_headband,sub-94,HB_2,train,301500,/data/gen/tokens/bitbrain/sub-94_headband__HB_2.npy
bitbrain,sub-94_headband,sub-94,HB_1-HB_2,train,301500,/data/gen/tokens/bitbrain/sub-94_headband__HB_1-HB_2.npy
bitbrain,sub-95_psg,sub-95,F3,train,294900,/data/gen/tokens/bitbrain/sub-95_psg__F3.npy
bitbrain,sub-95_psg,sub-95,F4,train,294900,/data/gen/tokens/bitbrain/sub-95_psg__F4.npy
bitbrain,sub-95_psg,sub-95,C3,train,294900,/data/gen/tokens/bitbrain/sub-95_psg__C3.npy
bitbrain,sub-95_psg,sub-95,C4,train,294900,/data/gen/tokens/bitbrain/sub-95_psg__C4.npy
bitbrain,sub-95_psg,sub-95,O1,train,294900,/data/gen/tokens/bitbrain/sub-95_psg__O1.npy
bitbrain,sub-95_psg,sub-95,O2,train,294900,/data/gen/tokens/bitbrain/sub-95_psg__O2.npy
bitbrain,sub-95_psg,sub-95,F3-F4,train,294900,/data/gen/tokens/bitbrain/sub-95_psg__F3-F4.npy
bitbrain,sub-95_headband,sub-95,HB_1,train,294900,/data/gen/tokens/bitbrain/sub-95_headband__HB_1.npy
bitbrain,sub-95_headband,sub-95,HB_2,train,294900,/data/gen/tokens/bitbrain/sub-95_headband__HB_2.npy
bitbrain,sub-95_headband,sub-95,HB_1-HB_2,train,294900,/data/gen/tokens/bitbrain/sub-95_headband__HB_1-HB_2.npy
bitbrain,sub-96_psg,sub-96,F3,train,291300,/data/gen/tokens/bitbrain/sub-96_psg__F3.npy
bitbrain,sub-96_psg,sub-96,F4,train,291300,/data/gen/tokens/bitbrain/sub-96_psg__F4.npy
bitbrain,sub-96_psg,sub-96,C3,train,291300,/data/gen/tokens/bitbrain/sub-96_psg__C3.npy
bitbrain,sub-96_psg,sub-96,C4,train,291300,/data/gen/tokens/bitbrain/sub-96_psg__C4.npy
bitbrain,sub-96_psg,sub-96,O1,train,291300,/data/gen/tokens/bitbrain/sub-96_psg__O1.npy
bitbrain,sub-96_psg,sub-96,O2,train,291300,/data/gen/tokens/bitbrain/sub-96_psg__O2.npy
bitbrain,sub-96_psg,sub-96,F3-F4,train,291300,/data/gen/tokens/bitbrain/sub-96_psg__F3-F4.npy
bitbrain,sub-96_headband,sub-96,HB_1,train,291300,/data/gen/tokens/bitbrain/sub-96_headband__HB_1.npy
bitbrain,sub-96_headband,sub-96,HB_2,train,291300,/data/gen/tokens/bitbrain/sub-96_headband__HB_2.npy
bitbrain,sub-96_headband,sub-96,HB_1-HB_2,train,291300,/data/gen/tokens/bitbrain/sub-96_headband__HB_1-HB_2.npy
bitbrain,sub-98_psg,sub-98,F3,train,270300,/data/gen/tokens/bitbrain/sub-98_psg__F3.npy
bitbrain,sub-98_psg,sub-98,F4,train,270300,/data/gen/tokens/bitbrain/sub-98_psg__F4.npy
bitbrain,sub-98_psg,sub-98,C3,train,270300,/data/gen/tokens/bitbrain/sub-98_psg__C3.npy
bitbrain,sub-98_psg,sub-98,C4,train,270300,/data/gen/tokens/bitbrain/sub-98_psg__C4.npy
bitbrain,sub-98_psg,sub-98,O1,train,270300,/data/gen/tokens/bitbrain/sub-98_psg__O1.npy
bitbrain,sub-98_psg,sub-98,O2,train,270300,/data/gen/tokens/bitbrain/sub-98_psg__O2.npy
bitbrain,sub-98_psg,sub-98,F3-F4,train,270300,/data/gen/tokens/bitbrain/sub-98_psg__F3-F4.npy
bitbrain,sub-98_headband,sub-98,HB_1,train,270300,/data/gen/tokens/bitbrain/sub-98_headband__HB_1.npy
bitbrain,sub-98_headband,sub-98,HB_2,train,270300,/data/gen/tokens/bitbrain/sub-98_headband__HB_2.npy
bitbrain,sub-98_headband,sub-98,HB_1-HB_2,train,270300,/data/gen/tokens/bitbrain/sub-98_headband__HB_1-HB_2.npy
bitbrain,sub-99_psg,sub-99,F3,train,320400,/data/gen/tokens/bitbrain/sub-99_psg__F3.npy
bitbrain,sub-99_psg,sub-99,F4,train,320400,/data/gen/tokens/bitbrain/sub-99_psg__F4.npy
bitbrain,sub-99_psg,sub-99,C3,train,320400,/data/gen/tokens/bitbrain/sub-99_psg__C3.npy
bitbrain,sub-99_psg,sub-99,C4,train,320400,/data/gen/tokens/bitbrain/sub-99_psg__C4.npy
bitbrain,sub-99_psg,sub-99,O1,train,320400,/data/gen/tokens/bitbrain/sub-99_psg__O1.npy
bitbrain,sub-99_psg,sub-99,O2,train,320400,/data/gen/tokens/bitbrain/sub-99_psg__O2.npy
bitbrain,sub-99_psg,sub-99,F3-F4,train,320400,/data/gen/tokens/bitbrain/sub-99_psg__F3-F4.npy
bitbrain,sub-99_headband,sub-99,HB_1,train,320400,/data/gen/tokens/bitbrain/sub-99_headband__HB_1.npy
bitbrain,sub-99_headband,sub-99,HB_2,train,320400,/data/gen/tokens/bitbrain/sub-99_headband__HB_2.npy
bitbrain,sub-99_headband,sub-99,HB_1-HB_2,train,320400,/data/gen/tokens/bitbrain/sub-99_headband__HB_1-HB_2.npy
bitbrain,sub-97_psg,sub-97,F3,train,325500,/data/gen/tokens/bitbrain/sub-97_psg__F3.npy
bitbrain,sub-97_psg,sub-97,F4,train,325500,/data/gen/tokens/bitbrain/sub-97_psg__F4.npy
bitbrain,sub-97_psg,sub-97,C3,train,325500,/data/gen/tokens/bitbrain/sub-97_psg__C3.npy
bitbrain,sub-97_psg,sub-97,C4,train,325500,/data/gen/tokens/bitbrain/sub-97_psg__C4.npy
bitbrain,sub-97_psg,sub-97,O1,train,325500,/data/gen/tokens/bitbrain/sub-97_psg__O1.npy
bitbrain,sub-97_psg,sub-97,O2,train,325500,/data/gen/tokens/bitbrain/sub-97_psg__O2.npy
bitbrain,sub-97_psg,sub-97,F3-F4,train,325500,/data/gen/tokens/bitbrain/sub-97_psg__F3-F4.npy
bitbrain,sub-97_headband,sub-97,HB_1,train,325500,/data/gen/tokens/bitbrain/sub-97_headband__HB_1.npy
bitbrain,sub-97_headband,sub-97,HB_2,train,325500,/data/gen/tokens/bitbrain/sub-97_headband__HB_2.npy
bitbrain,sub-97_headband,sub-97,HB_1-HB_2,train,325500,/data/gen/tokens/bitbrain/sub-97_headband__HB_1-HB_2.npy
dodo,130f3f52-7d0a-551e-af61-2ee75455e5c9,130f3f52-7d0a-551e-af61-2ee75455e5c9,F3-M2,heldout,296700,/data/gen/tokens/dodo/130f3f52-7d0a-551e-af61-2ee75455e5c9__F3-M2.npy
dodo,130f3f52-7d0a-551e-af61-2ee75455e5c9,130f3f52-7d0a-551e-af61-2ee75455e5c9,C3-M2,heldout,296700,/data/gen/tokens/dodo/130f3f52-7d0a-551e-af61-2ee75455e5c9__C3-M2.npy
dodo,130f3f52-7d0a-551e-af61-2ee75455e5c9,130f3f52-7d0a-551e-af61-2ee75455e5c9,F3-F4,heldout,296700,/data/gen/tokens/dodo/130f3f52-7d0a-551e-af61-2ee75455e5c9__F3-F4.npy
dodo,130f3f52-7d0a-551e-af61-2ee75455e5c9,130f3f52-7d0a-551e-af61-2ee75455e5c9,F3-O1,heldout,296700,/data/gen/tokens/dodo/130f3f52-7d0a-551e-af61-2ee75455e5c9__F3-O1.npy
dodo,0416d51f-5d69-5326-b74a-a2e31a96a1ef,0416d51f-5d69-5326-b74a-a2e31a96a1ef,F3-M2,heldout,246600,/data/gen/tokens/dodo/0416d51f-5d69-5326-b74a-a2e31a96a1ef__F3-M2.npy
dodo,0416d51f-5d69-5326-b74a-a2e31a96a1ef,0416d51f-5d69-5326-b74a-a2e31a96a1ef,C3-M2,heldout,246600,/data/gen/tokens/dodo/0416d51f-5d69-5326-b74a-a2e31a96a1ef__C3-M2.npy
dodo,0416d51f-5d69-5326-b74a-a2e31a96a1ef,0416d51f-5d69-5326-b74a-a2e31a96a1ef,F3-F4,heldout,246600,/data/gen/tokens/dodo/0416d51f-5d69-5326-b74a-a2e31a96a1ef__F3-F4.npy
dodo,0416d51f-5d69-5326-b74a-a2e31a96a1ef,0416d51f-5d69-5326-b74a-a2e31a96a1ef,F3-O1,heldout,246600,/data/gen/tokens/dodo/0416d51f-5d69-5326-b74a-a2e31a96a1ef__F3-O1.npy
dodo,03341d0d-5927-5838-8a5f-1b8ef39d8f57,03341d0d-5927-5838-8a5f-1b8ef39d8f57,F3-M2,heldout,318900,/data/gen/tokens/dodo/03341d0d-5927-5838-8a5f-1b8ef39d8f57__F3-M2.npy
dodo,03341d0d-5927-5838-8a5f-1b8ef39d8f57,03341d0d-5927-5838-8a5f-1b8ef39d8f57,C3-M2,heldout,318900,/data/gen/tokens/dodo/03341d0d-5927-5838-8a5f-1b8ef39d8f57__C3-M2.npy
dodo,03341d0d-5927-5838-8a5f-1b8ef39d8f57,03341d0d-5927-5838-8a5f-1b8ef39d8f57,F3-F4,heldout,318900,/data/gen/tokens/dodo/03341d0d-5927-5838-8a5f-1b8ef39d8f57__F3-F4.npy
dodo,03341d0d-5927-5838-8a5f-1b8ef39d8f57,03341d0d-5927-5838-8a5f-1b8ef39d8f57,F3-O1,heldout,318900,/data/gen/tokens/dodo/03341d0d-5927-5838-8a5f-1b8ef39d8f57__F3-O1.npy
dodo,039ce8ad-a7fa-5272-a3e3-1f4bfebdd087,039ce8ad-a7fa-5272-a3e3-1f4bfebdd087,F3-M2,heldout,274500,/data/gen/tokens/dodo/039ce8ad-a7fa-5272-a3e3-1f4bfebdd087__F3-M2.npy
dodo,039ce8ad-a7fa-5272-a3e3-1f4bfebdd087,039ce8ad-a7fa-5272-a3e3-1f4bfebdd087,C3-M2,heldout,274500,/data/gen/tokens/dodo/039ce8ad-a7fa-5272-a3e3-1f4bfebdd087__C3-M2.npy
dodo,039ce8ad-a7fa-5272-a3e3-1f4bfebdd087,039ce8ad-a7fa-5272-a3e3-1f4bfebdd087,F3-F4,heldout,274500,/data/gen/tokens/dodo/039ce8ad-a7fa-5272-a3e3-1f4bfebdd087__F3-F4.npy
dodo,039ce8ad-a7fa-5272-a3e3-1f4bfebdd087,039ce8ad-a7fa-5272-a3e3-1f4bfebdd087,F3-O1,heldout,274500,/data/gen/tokens/dodo/039ce8ad-a7fa-5272-a3e3-1f4bfebdd087__F3-O1.npy
dodo,16450f5a-9b65-5536-85e1-93816c8b89eb,16450f5a-9b65-5536-85e1-93816c8b89eb,F3-M2,heldout,244800,/data/gen/tokens/dodo/16450f5a-9b65-5536-85e1-93816c8b89eb__F3-M2.npy
dodo,16450f5a-9b65-5536-85e1-93816c8b89eb,16450f5a-9b65-5536-85e1-93816c8b89eb,C3-M2,heldout,244800,/data/gen/tokens/dodo/16450f5a-9b65-5536-85e1-93816c8b89eb__C3-M2.npy
dodo,16450f5a-9b65-5536-85e1-93816c8b89eb,16450f5a-9b65-5536-85e1-93816c8b89eb,F3-F4,heldout,244800,/data/gen/tokens/dodo/16450f5a-9b65-5536-85e1-93816c8b89eb__F3-F4.npy
dodo,16450f5a-9b65-5536-85e1-93816c8b89eb,16450f5a-9b65-5536-85e1-93816c8b89eb,F3-O1,heldout,244800,/data/gen/tokens/dodo/16450f5a-9b65-5536-85e1-93816c8b89eb__F3-O1.npy
dodo,100df108-eb57-5eaa-a413-f7e4436a7895,100df108-eb57-5eaa-a413-f7e4436a7895,F3-M2,heldout,285600,/data/gen/tokens/dodo/100df108-eb57-5eaa-a413-f7e4436a7895__F3-M2.npy
dodo,100df108-eb57-5eaa-a413-f7e4436a7895,100df108-eb57-5eaa-a413-f7e4436a7895,C3-M2,heldout,285600,/data/gen/tokens/dodo/100df108-eb57-5eaa-a413-f7e4436a7895__C3-M2.npy
dodo,100df108-eb57-5eaa-a413-f7e4436a7895,100df108-eb57-5eaa-a413-f7e4436a7895,F3-F4,heldout,285600,/data/gen/tokens/dodo/100df108-eb57-5eaa-a413-f7e4436a7895__F3-F4.npy
dodo,100df108-eb57-5eaa-a413-f7e4436a7895,100df108-eb57-5eaa-a413-f7e4436a7895,F3-O1,heldout,285600,/data/gen/tokens/dodo/100df108-eb57-5eaa-a413-f7e4436a7895__F3-O1.npy
dodo,02fb158a-a658-51ee-89cf-1e1dc2ebfde1,02fb158a-a658-51ee-89cf-1e1dc2ebfde1,F3-M2,heldout,258300,/data/gen/tokens/dodo/02fb158a-a658-51ee-89cf-1e1dc2ebfde1__F3-M2.npy
dodo,02fb158a-a658-51ee-89cf-1e1dc2ebfde1,02fb158a-a658-51ee-89cf-1e1dc2ebfde1,C3-M2,heldout,258300,/data/gen/tokens/dodo/02fb158a-a658-51ee-89cf-1e1dc2ebfde1__C3-M2.npy
dodo,02fb158a-a658-51ee-89cf-1e1dc2ebfde1,02fb158a-a658-51ee-89cf-1e1dc2ebfde1,F3-F4,heldout,258300,/data/gen/tokens/dodo/02fb158a-a658-51ee-89cf-1e1dc2ebfde1__F3-F4.npy
dodo,02fb158a-a658-51ee-89cf-1e1dc2ebfde1,02fb158a-a658-51ee-89cf-1e1dc2ebfde1,F3-O1,heldout,258300,/data/gen/tokens/dodo/02fb158a-a658-51ee-89cf-1e1dc2ebfde1__F3-O1.npy
dodo,18482adf-1144-54ca-9e35-27f65c43a105,18482adf-1144-54ca-9e35-27f65c43a105,F3-M2,heldout,247200,/data/gen/tokens/dodo/18482adf-1144-54ca-9e35-27f65c43a105__F3-M2.npy
dodo,18482adf-1144-54ca-9e35-27f65c43a105,18482adf-1144-54ca-9e35-27f65c43a105,C3-M2,heldout,247200,/data/gen/tokens/dodo/18482adf-1144-54ca-9e35-27f65c43a105__C3-M2.npy
dodo,18482adf-1144-54ca-9e35-27f65c43a105,18482adf-1144-54ca-9e35-27f65c43a105,F3-F4,heldout,247200,/data/gen/tokens/dodo/18482adf-1144-54ca-9e35-27f65c43a105__F3-F4.npy
dodo,18482adf-1144-54ca-9e35-27f65c43a105,18482adf-1144-54ca-9e35-27f65c43a105,F3-O1,heldout,247200,/data/gen/tokens/dodo/18482adf-1144-54ca-9e35-27f65c43a105__F3-O1.npy
dodo,2d01dc34-f36c-562e-b24a-d20dc798fdfc,2d01dc34-f36c-562e-b24a-d20dc798fdfc,F3-M2,heldout,251100,/data/gen/tokens/dodo/2d01dc34-f36c-562e-b24a-d20dc798fdfc__F3-M2.npy
dodo,2d01dc34-f36c-562e-b24a-d20dc798fdfc,2d01dc34-f36c-562e-b24a-d20dc798fdfc,C3-M2,heldout,251100,/data/gen/tokens/dodo/2d01dc34-f36c-562e-b24a-d20dc798fdfc__C3-M2.npy
dodo,2d01dc34-f36c-562e-b24a-d20dc798fdfc,2d01dc34-f36c-562e-b24a-d20dc798fdfc,F3-F4,heldout,251100,/data/gen/tokens/dodo/2d01dc34-f36c-562e-b24a-d20dc798fdfc__F3-F4.npy
dodo,2d01dc34-f36c-562e-b24a-d20dc798fdfc,2d01dc34-f36c-562e-b24a-d20dc798fdfc,F3-O1,heldout,251100,/data/gen/tokens/dodo/2d01dc34-f36c-562e-b24a-d20dc798fdfc__F3-O1.npy
dodo,30e8a05b-4cf1-5aa8-9ef7-28d6e2949ad5,30e8a05b-4cf1-5aa8-9ef7-28d6e2949ad5,F3-M2,heldout,209700,/data/gen/tokens/dodo/30e8a05b-4cf1-5aa8-9ef7-28d6e2949ad5__F3-M2.npy
dodo,30e8a05b-4cf1-5aa8-9ef7-28d6e2949ad5,30e8a05b-4cf1-5aa8-9ef7-28d6e2949ad5,C3-M2,heldout,209700,/data/gen/tokens/dodo/30e8a05b-4cf1-5aa8-9ef7-28d6e2949ad5__C3-M2.npy
dodo,30e8a05b-4cf1-5aa8-9ef7-28d6e2949ad5,30e8a05b-4cf1-5aa8-9ef7-28d6e2949ad5,F3-F4,heldout,209700,/data/gen/tokens/dodo/30e8a05b-4cf1-5aa8-9ef7-28d6e2949ad5__F3-F4.npy
dodo,30e8a05b-4cf1-5aa8-9ef7-28d6e2949ad5,30e8a05b-4cf1-5aa8-9ef7-28d6e2949ad5,F3-O1,heldout,209700,/data/gen/tokens/dodo/30e8a05b-4cf1-5aa8-9ef7-28d6e2949ad5__F3-O1.npy
dodo,2159377e-ebf3-5565-9014-1e2ae69dc1d2,2159377e-ebf3-5565-9014-1e2ae69dc1d2,F3-M2,heldout,272100,/data/gen/tokens/dodo/2159377e-ebf3-5565-9014-1e2ae69dc1d2__F3-M2.npy
dodo,2159377e-ebf3-5565-9014-1e2ae69dc1d2,2159377e-ebf3-5565-9014-1e2ae69dc1d2,C3-M2,heldout,272100,/data/gen/tokens/dodo/2159377e-ebf3-5565-9014-1e2ae69dc1d2__C3-M2.npy
dodo,2159377e-ebf3-5565-9014-1e2ae69dc1d2,2159377e-ebf3-5565-9014-1e2ae69dc1d2,F3-F4,heldout,272100,/data/gen/tokens/dodo/2159377e-ebf3-5565-9014-1e2ae69dc1d2__F3-F4.npy
dodo,2159377e-ebf3-5565-9014-1e2ae69dc1d2,2159377e-ebf3-5565-9014-1e2ae69dc1d2,F3-O1,heldout,272100,/data/gen/tokens/dodo/2159377e-ebf3-5565-9014-1e2ae69dc1d2__F3-O1.npy
dodo,22bea84c-5d23-5e49-bc2d-9764f883955b,22bea84c-5d23-5e49-bc2d-9764f883955b,F3-M2,heldout,314400,/data/gen/tokens/dodo/22bea84c-5d23-5e49-bc2d-9764f883955b__F3-M2.npy
dodo,22bea84c-5d23-5e49-bc2d-9764f883955b,22bea84c-5d23-5e49-bc2d-9764f883955b,C3-M2,heldout,314400,/data/gen/tokens/dodo/22bea84c-5d23-5e49-bc2d-9764f883955b__C3-M2.npy
dodo,22bea84c-5d23-5e49-bc2d-9764f883955b,22bea84c-5d23-5e49-bc2d-9764f883955b,F3-F4,heldout,314400,/data/gen/tokens/dodo/22bea84c-5d23-5e49-bc2d-9764f883955b__F3-F4.npy
dodo,22bea84c-5d23-5e49-bc2d-9764f883955b,22bea84c-5d23-5e49-bc2d-9764f883955b,F3-O1,heldout,314400,/data/gen/tokens/dodo/22bea84c-5d23-5e49-bc2d-9764f883955b__F3-O1.npy
dodo,2e865ca9-e20f-5a6f-bd25-45d28cc9eab9,2e865ca9-e20f-5a6f-bd25-45d28cc9eab9,F3-M2,heldout,285000,/data/gen/tokens/dodo/2e865ca9-e20f-5a6f-bd25-45d28cc9eab9__F3-M2.npy
dodo,2e865ca9-e20f-5a6f-bd25-45d28cc9eab9,2e865ca9-e20f-5a6f-bd25-45d28cc9eab9,C3-M2,heldout,285000,/data/gen/tokens/dodo/2e865ca9-e20f-5a6f-bd25-45d28cc9eab9__C3-M2.npy
dodo,2e865ca9-e20f-5a6f-bd25-45d28cc9eab9,2e865ca9-e20f-5a6f-bd25-45d28cc9eab9,F3-F4,heldout,285000,/data/gen/tokens/dodo/2e865ca9-e20f-5a6f-bd25-45d28cc9eab9__F3-F4.npy
dodo,2e865ca9-e20f-5a6f-bd25-45d28cc9eab9,2e865ca9-e20f-5a6f-bd25-45d28cc9eab9,F3-O1,heldout,285000,/data/gen/tokens/dodo/2e865ca9-e20f-5a6f-bd25-45d28cc9eab9__F3-O1.npy
dodo,32556393-bb57-560a-99e8-e09885219647,32556393-bb57-560a-99e8-e09885219647,F3-M2,heldout,331800,/data/gen/tokens/dodo/32556393-bb57-560a-99e8-e09885219647__F3-M2.npy
dodo,32556393-bb57-560a-99e8-e09885219647,32556393-bb57-560a-99e8-e09885219647,C3-M2,heldout,331800,/data/gen/tokens/dodo/32556393-bb57-560a-99e8-e09885219647__C3-M2.npy
dodo,32556393-bb57-560a-99e8-e09885219647,32556393-bb57-560a-99e8-e09885219647,F3-F4,heldout,331800,/data/gen/tokens/dodo/32556393-bb57-560a-99e8-e09885219647__F3-F4.npy
dodo,32556393-bb57-560a-99e8-e09885219647,32556393-bb57-560a-99e8-e09885219647,F3-O1,heldout,331800,/data/gen/tokens/dodo/32556393-bb57-560a-99e8-e09885219647__F3-O1.npy
dodo,3dd35e7b-d7e2-516d-8a85-e0d58a59569f,3dd35e7b-d7e2-516d-8a85-e0d58a59569f,F3-M2,heldout,327900,/data/gen/tokens/dodo/3dd35e7b-d7e2-516d-8a85-e0d58a59569f__F3-M2.npy
dodo,3dd35e7b-d7e2-516d-8a85-e0d58a59569f,3dd35e7b-d7e2-516d-8a85-e0d58a59569f,C3-M2,heldout,327900,/data/gen/tokens/dodo/3dd35e7b-d7e2-516d-8a85-e0d58a59569f__C3-M2.npy
dodo,3dd35e7b-d7e2-516d-8a85-e0d58a59569f,3dd35e7b-d7e2-516d-8a85-e0d58a59569f,F3-F4,heldout,327900,/data/gen/tokens/dodo/3dd35e7b-d7e2-516d-8a85-e0d58a59569f__F3-F4.npy
dodo,3dd35e7b-d7e2-516d-8a85-e0d58a59569f,3dd35e7b-d7e2-516d-8a85-e0d58a59569f,F3-O1,heldout,327900,/data/gen/tokens/dodo/3dd35e7b-d7e2-516d-8a85-e0d58a59569f__F3-O1.npy
dodo,4b72b905-5521-5c57-b666-e20ff9bb195f,4b72b905-5521-5c57-b666-e20ff9bb195f,F3-M2,heldout,260400,/data/gen/tokens/dodo/4b72b905-5521-5c57-b666-e20ff9bb195f__F3-M2.npy
dodo,4b72b905-5521-5c57-b666-e20ff9bb195f,4b72b905-5521-5c57-b666-e20ff9bb195f,C3-M2,heldout,260400,/data/gen/tokens/dodo/4b72b905-5521-5c57-b666-e20ff9bb195f__C3-M2.npy
dodo,4b72b905-5521-5c57-b666-e20ff9bb195f,4b72b905-5521-5c57-b666-e20ff9bb195f,F3-F4,heldout,260400,/data/gen/tokens/dodo/4b72b905-5521-5c57-b666-e20ff9bb195f__F3-F4.npy
dodo,4b72b905-5521-5c57-b666-e20ff9bb195f,4b72b905-5521-5c57-b666-e20ff9bb195f,F3-O1,heldout,260400,/data/gen/tokens/dodo/4b72b905-5521-5c57-b666-e20ff9bb195f__F3-O1.npy
dodo,4e3c4ac4-69e2-5347-a3b0-662c204d259d,4e3c4ac4-69e2-5347-a3b0-662c204d259d,F3-M2,heldout,277800,/data/gen/tokens/dodo/4e3c4ac4-69e2-5347-a3b0-662c204d259d__F3-M2.npy
dodo,4e3c4ac4-69e2-5347-a3b0-662c204d259d,4e3c4ac4-69e2-5347-a3b0-662c204d259d,C3-M2,heldout,277800,/data/gen/tokens/dodo/4e3c4ac4-69e2-5347-a3b0-662c204d259d__C3-M2.npy
dodo,4e3c4ac4-69e2-5347-a3b0-662c204d259d,4e3c4ac4-69e2-5347-a3b0-662c204d259d,F3-F4,heldout,277800,/data/gen/tokens/dodo/4e3c4ac4-69e2-5347-a3b0-662c204d259d__F3-F4.npy
dodo,4e3c4ac4-69e2-5347-a3b0-662c204d259d,4e3c4ac4-69e2-5347-a3b0-662c204d259d,F3-O1,heldout,277800,/data/gen/tokens/dodo/4e3c4ac4-69e2-5347-a3b0-662c204d259d__F3-O1.npy
dodo,47f45aa2-31c4-595b-bdb6-f1348bba062b,47f45aa2-31c4-595b-bdb6-f1348bba062b,F3-M2,heldout,309600,/data/gen/tokens/dodo/47f45aa2-31c4-595b-bdb6-f1348bba062b__F3-M2.npy
dodo,47f45aa2-31c4-595b-bdb6-f1348bba062b,47f45aa2-31c4-595b-bdb6-f1348bba062b,C3-M2,heldout,309600,/data/gen/tokens/dodo/47f45aa2-31c4-595b-bdb6-f1348bba062b__C3-M2.npy
dodo,47f45aa2-31c4-595b-bdb6-f1348bba062b,47f45aa2-31c4-595b-bdb6-f1348bba062b,F3-F4,heldout,309600,/data/gen/tokens/dodo/47f45aa2-31c4-595b-bdb6-f1348bba062b__F3-F4.npy
dodo,47f45aa2-31c4-595b-bdb6-f1348bba062b,47f45aa2-31c4-595b-bdb6-f1348bba062b,F3-O1,heldout,309600,/data/gen/tokens/dodo/47f45aa2-31c4-595b-bdb6-f1348bba062b__F3-O1.npy
dodo,5b94ec8a-c34d-5e45-84d1-bec2ea965609,5b94ec8a-c34d-5e45-84d1-bec2ea965609,F3-M2,heldout,327000,/data/gen/tokens/dodo/5b94ec8a-c34d-5e45-84d1-bec2ea965609__F3-M2.npy
dodo,5b94ec8a-c34d-5e45-84d1-bec2ea965609,5b94ec8a-c34d-5e45-84d1-bec2ea965609,C3-M2,heldout,327000,/data/gen/tokens/dodo/5b94ec8a-c34d-5e45-84d1-bec2ea965609__C3-M2.npy
dodo,5b94ec8a-c34d-5e45-84d1-bec2ea965609,5b94ec8a-c34d-5e45-84d1-bec2ea965609,F3-F4,heldout,327000,/data/gen/tokens/dodo/5b94ec8a-c34d-5e45-84d1-bec2ea965609__F3-F4.npy
dodo,5b94ec8a-c34d-5e45-84d1-bec2ea965609,5b94ec8a-c34d-5e45-84d1-bec2ea965609,F3-O1,heldout,327000,/data/gen/tokens/dodo/5b94ec8a-c34d-5e45-84d1-bec2ea965609__F3-O1.npy
dodo,40e25dd4-6087-5747-b9c2-4838ada86b15,40e25dd4-6087-5747-b9c2-4838ada86b15,F3-M2,heldout,322800,/data/gen/tokens/dodo/40e25dd4-6087-5747-b9c2-4838ada86b15__F3-M2.npy
dodo,40e25dd4-6087-5747-b9c2-4838ada86b15,40e25dd4-6087-5747-b9c2-4838ada86b15,C3-M2,heldout,322800,/data/gen/tokens/dodo/40e25dd4-6087-5747-b9c2-4838ada86b15__C3-M2.npy
dodo,40e25dd4-6087-5747-b9c2-4838ada86b15,40e25dd4-6087-5747-b9c2-4838ada86b15,F3-F4,heldout,322800,/data/gen/tokens/dodo/40e25dd4-6087-5747-b9c2-4838ada86b15__F3-F4.npy
dodo,40e25dd4-6087-5747-b9c2-4838ada86b15,40e25dd4-6087-5747-b9c2-4838ada86b15,F3-O1,heldout,322800,/data/gen/tokens/dodo/40e25dd4-6087-5747-b9c2-4838ada86b15__F3-O1.npy
dodo,52fbe46b-206c-584a-9f4f-1eb308e07bac,52fbe46b-206c-584a-9f4f-1eb308e07bac,F3-M2,heldout,319200,/data/gen/tokens/dodo/52fbe46b-206c-584a-9f4f-1eb308e07bac__F3-M2.npy
dodo,52fbe46b-206c-584a-9f4f-1eb308e07bac,52fbe46b-206c-584a-9f4f-1eb308e07bac,C3-M2,heldout,319200,/data/gen/tokens/dodo/52fbe46b-206c-584a-9f4f-1eb308e07bac__C3-M2.npy
dodo,52fbe46b-206c-584a-9f4f-1eb308e07bac,52fbe46b-206c-584a-9f4f-1eb308e07bac,F3-F4,heldout,319200,/data/gen/tokens/dodo/52fbe46b-206c-584a-9f4f-1eb308e07bac__F3-F4.npy
dodo,52fbe46b-206c-584a-9f4f-1eb308e07bac,52fbe46b-206c-584a-9f4f-1eb308e07bac,F3-O1,heldout,319200,/data/gen/tokens/dodo/52fbe46b-206c-584a-9f4f-1eb308e07bac__F3-O1.npy
dodo,5d8e93a5-d26a-436d-bc2c-e9527dc92cbf,5d8e93a5-d26a-436d-bc2c-e9527dc92cbf,F3-M2,heldout,288300,/data/gen/tokens/dodo/5d8e93a5-d26a-436d-bc2c-e9527dc92cbf__F3-M2.npy
dodo,5d8e93a5-d26a-436d-bc2c-e9527dc92cbf,5d8e93a5-d26a-436d-bc2c-e9527dc92cbf,C3-M2,heldout,288300,/data/gen/tokens/dodo/5d8e93a5-d26a-436d-bc2c-e9527dc92cbf__C3-M2.npy
dodo,5d8e93a5-d26a-436d-bc2c-e9527dc92cbf,5d8e93a5-d26a-436d-bc2c-e9527dc92cbf,F3-F4,heldout,288300,/data/gen/tokens/dodo/5d8e93a5-d26a-436d-bc2c-e9527dc92cbf__F3-F4.npy
dodo,5d8e93a5-d26a-436d-bc2c-e9527dc92cbf,5d8e93a5-d26a-436d-bc2c-e9527dc92cbf,F3-O1,heldout,288300,/data/gen/tokens/dodo/5d8e93a5-d26a-436d-bc2c-e9527dc92cbf__F3-O1.npy
dodo,5ddbc68c-1283-5c27-952b-d7f102291bc2,5ddbc68c-1283-5c27-952b-d7f102291bc2,F3-M2,heldout,329100,/data/gen/tokens/dodo/5ddbc68c-1283-5c27-952b-d7f102291bc2__F3-M2.npy
dodo,5ddbc68c-1283-5c27-952b-d7f102291bc2,5ddbc68c-1283-5c27-952b-d7f102291bc2,C3-M2,heldout,329100,/data/gen/tokens/dodo/5ddbc68c-1283-5c27-952b-d7f102291bc2__C3-M2.npy
dodo,5ddbc68c-1283-5c27-952b-d7f102291bc2,5ddbc68c-1283-5c27-952b-d7f102291bc2,F3-F4,heldout,329100,/data/gen/tokens/dodo/5ddbc68c-1283-5c27-952b-d7f102291bc2__F3-F4.npy
dodo,5ddbc68c-1283-5c27-952b-d7f102291bc2,5ddbc68c-1283-5c27-952b-d7f102291bc2,F3-O1,heldout,329100,/data/gen/tokens/dodo/5ddbc68c-1283-5c27-952b-d7f102291bc2__F3-O1.npy
dodo,7f5237b1-2196-5c8a-9543-a5aa70210ef4,7f5237b1-2196-5c8a-9543-a5aa70210ef4,F3-M2,heldout,279300,/data/gen/tokens/dodo/7f5237b1-2196-5c8a-9543-a5aa70210ef4__F3-M2.npy
dodo,7f5237b1-2196-5c8a-9543-a5aa70210ef4,7f5237b1-2196-5c8a-9543-a5aa70210ef4,C3-M2,heldout,279300,/data/gen/tokens/dodo/7f5237b1-2196-5c8a-9543-a5aa70210ef4__C3-M2.npy
dodo,7f5237b1-2196-5c8a-9543-a5aa70210ef4,7f5237b1-2196-5c8a-9543-a5aa70210ef4,F3-F4,heldout,279300,/data/gen/tokens/dodo/7f5237b1-2196-5c8a-9543-a5aa70210ef4__F3-F4.npy
dodo,7f5237b1-2196-5c8a-9543-a5aa70210ef4,7f5237b1-2196-5c8a-9543-a5aa70210ef4,F3-O1,heldout,279300,/data/gen/tokens/dodo/7f5237b1-2196-5c8a-9543-a5aa70210ef4__F3-O1.npy
dodo,6a7503ac-ab3a-5d5b-b474-4b0fe37748dd,6a7503ac-ab3a-5d5b-b474-4b0fe37748dd,F3-M2,heldout,363900,/data/gen/tokens/dodo/6a7503ac-ab3a-5d5b-b474-4b0fe37748dd__F3-M2.npy
dodo,6a7503ac-ab3a-5d5b-b474-4b0fe37748dd,6a7503ac-ab3a-5d5b-b474-4b0fe37748dd,C3-M2,heldout,363900,/data/gen/tokens/dodo/6a7503ac-ab3a-5d5b-b474-4b0fe37748dd__C3-M2.npy
dodo,6a7503ac-ab3a-5d5b-b474-4b0fe37748dd,6a7503ac-ab3a-5d5b-b474-4b0fe37748dd,F3-F4,heldout,363900,/data/gen/tokens/dodo/6a7503ac-ab3a-5d5b-b474-4b0fe37748dd__F3-F4.npy
dodo,6a7503ac-ab3a-5d5b-b474-4b0fe37748dd,6a7503ac-ab3a-5d5b-b474-4b0fe37748dd,F3-O1,heldout,363900,/data/gen/tokens/dodo/6a7503ac-ab3a-5d5b-b474-4b0fe37748dd__F3-O1.npy
dodo,742f1592-627c-54eb-bbb5-ccd55ffae33a,742f1592-627c-54eb-bbb5-ccd55ffae33a,F3-M2,heldout,292500,/data/gen/tokens/dodo/742f1592-627c-54eb-bbb5-ccd55ffae33a__F3-M2.npy
dodo,742f1592-627c-54eb-bbb5-ccd55ffae33a,742f1592-627c-54eb-bbb5-ccd55ffae33a,C3-M2,heldout,292500,/data/gen/tokens/dodo/742f1592-627c-54eb-bbb5-ccd55ffae33a__C3-M2.npy
dodo,742f1592-627c-54eb-bbb5-ccd55ffae33a,742f1592-627c-54eb-bbb5-ccd55ffae33a,F3-F4,heldout,292500,/data/gen/tokens/dodo/742f1592-627c-54eb-bbb5-ccd55ffae33a__F3-F4.npy
dodo,742f1592-627c-54eb-bbb5-ccd55ffae33a,742f1592-627c-54eb-bbb5-ccd55ffae33a,F3-O1,heldout,292500,/data/gen/tokens/dodo/742f1592-627c-54eb-bbb5-ccd55ffae33a__F3-O1.npy
dodo,79e8a04e-0fdd-53ae-bedc-d49d08e29103,79e8a04e-0fdd-53ae-bedc-d49d08e29103,F3-M2,heldout,275400,/data/gen/tokens/dodo/79e8a04e-0fdd-53ae-bedc-d49d08e29103__F3-M2.npy
dodo,79e8a04e-0fdd-53ae-bedc-d49d08e29103,79e8a04e-0fdd-53ae-bedc-d49d08e29103,C3-M2,heldout,275400,/data/gen/tokens/dodo/79e8a04e-0fdd-53ae-bedc-d49d08e29103__C3-M2.npy
dodo,79e8a04e-0fdd-53ae-bedc-d49d08e29103,79e8a04e-0fdd-53ae-bedc-d49d08e29103,F3-F4,heldout,275400,/data/gen/tokens/dodo/79e8a04e-0fdd-53ae-bedc-d49d08e29103__F3-F4.npy
dodo,79e8a04e-0fdd-53ae-bedc-d49d08e29103,79e8a04e-0fdd-53ae-bedc-d49d08e29103,F3-O1,heldout,275400,/data/gen/tokens/dodo/79e8a04e-0fdd-53ae-bedc-d49d08e29103__F3-O1.npy
dodo,6e2aa933-c51c-5a31-8c7b-83da8d076a12,6e2aa933-c51c-5a31-8c7b-83da8d076a12,F3-M2,heldout,271500,/data/gen/tokens/dodo/6e2aa933-c51c-5a31-8c7b-83da8d076a12__F3-M2.npy
dodo,6e2aa933-c51c-5a31-8c7b-83da8d076a12,6e2aa933-c51c-5a31-8c7b-83da8d076a12,C3-M2,heldout,271500,/data/gen/tokens/dodo/6e2aa933-c51c-5a31-8c7b-83da8d076a12__C3-M2.npy
dodo,6e2aa933-c51c-5a31-8c7b-83da8d076a12,6e2aa933-c51c-5a31-8c7b-83da8d076a12,F3-F4,heldout,271500,/data/gen/tokens/dodo/6e2aa933-c51c-5a31-8c7b-83da8d076a12__F3-F4.npy
dodo,6e2aa933-c51c-5a31-8c7b-83da8d076a12,6e2aa933-c51c-5a31-8c7b-83da8d076a12,F3-O1,heldout,271500,/data/gen/tokens/dodo/6e2aa933-c51c-5a31-8c7b-83da8d076a12__F3-O1.npy
dodo,730aba3b-e310-5be0-9eed-7c3123466834,730aba3b-e310-5be0-9eed-7c3123466834,F3-M2,heldout,336000,/data/gen/tokens/dodo/730aba3b-e310-5be0-9eed-7c3123466834__F3-M2.npy
dodo,730aba3b-e310-5be0-9eed-7c3123466834,730aba3b-e310-5be0-9eed-7c3123466834,C3-M2,heldout,336000,/data/gen/tokens/dodo/730aba3b-e310-5be0-9eed-7c3123466834__C3-M2.npy
dodo,730aba3b-e310-5be0-9eed-7c3123466834,730aba3b-e310-5be0-9eed-7c3123466834,F3-F4,heldout,336000,/data/gen/tokens/dodo/730aba3b-e310-5be0-9eed-7c3123466834__F3-F4.npy
dodo,730aba3b-e310-5be0-9eed-7c3123466834,730aba3b-e310-5be0-9eed-7c3123466834,F3-O1,heldout,336000,/data/gen/tokens/dodo/730aba3b-e310-5be0-9eed-7c3123466834__F3-O1.npy
dodo,83c1394e-9c69-5c11-9102-9ff8d59b1cfd,83c1394e-9c69-5c11-9102-9ff8d59b1cfd,F3-M2,heldout,303300,/data/gen/tokens/dodo/83c1394e-9c69-5c11-9102-9ff8d59b1cfd__F3-M2.npy
dodo,83c1394e-9c69-5c11-9102-9ff8d59b1cfd,83c1394e-9c69-5c11-9102-9ff8d59b1cfd,C3-M2,heldout,303300,/data/gen/tokens/dodo/83c1394e-9c69-5c11-9102-9ff8d59b1cfd__C3-M2.npy
dodo,83c1394e-9c69-5c11-9102-9ff8d59b1cfd,83c1394e-9c69-5c11-9102-9ff8d59b1cfd,F3-F4,heldout,303300,/data/gen/tokens/dodo/83c1394e-9c69-5c11-9102-9ff8d59b1cfd__F3-F4.npy
dodo,83c1394e-9c69-5c11-9102-9ff8d59b1cfd,83c1394e-9c69-5c11-9102-9ff8d59b1cfd,F3-O1,heldout,303300,/data/gen/tokens/dodo/83c1394e-9c69-5c11-9102-9ff8d59b1cfd__F3-O1.npy
dodo,90aef91a-252f-5ccc-a82e-78ea7ee9ca1f,90aef91a-252f-5ccc-a82e-78ea7ee9ca1f,F3-M2,heldout,326700,/data/gen/tokens/dodo/90aef91a-252f-5ccc-a82e-78ea7ee9ca1f__F3-M2.npy
dodo,90aef91a-252f-5ccc-a82e-78ea7ee9ca1f,90aef91a-252f-5ccc-a82e-78ea7ee9ca1f,C3-M2,heldout,326700,/data/gen/tokens/dodo/90aef91a-252f-5ccc-a82e-78ea7ee9ca1f__C3-M2.npy
dodo,90aef91a-252f-5ccc-a82e-78ea7ee9ca1f,90aef91a-252f-5ccc-a82e-78ea7ee9ca1f,F3-F4,heldout,326700,/data/gen/tokens/dodo/90aef91a-252f-5ccc-a82e-78ea7ee9ca1f__F3-F4.npy
dodo,90aef91a-252f-5ccc-a82e-78ea7ee9ca1f,90aef91a-252f-5ccc-a82e-78ea7ee9ca1f,F3-O1,heldout,326700,/data/gen/tokens/dodo/90aef91a-252f-5ccc-a82e-78ea7ee9ca1f__F3-O1.npy
dodo,a35a118e-e65e-5928-92a9-4354a6a0f4ce,a35a118e-e65e-5928-92a9-4354a6a0f4ce,F3-M2,heldout,243900,/data/gen/tokens/dodo/a35a118e-e65e-5928-92a9-4354a6a0f4ce__F3-M2.npy
dodo,a35a118e-e65e-5928-92a9-4354a6a0f4ce,a35a118e-e65e-5928-92a9-4354a6a0f4ce,C3-M2,heldout,243900,/data/gen/tokens/dodo/a35a118e-e65e-5928-92a9-4354a6a0f4ce__C3-M2.npy
dodo,a35a118e-e65e-5928-92a9-4354a6a0f4ce,a35a118e-e65e-5928-92a9-4354a6a0f4ce,F3-F4,heldout,243900,/data/gen/tokens/dodo/a35a118e-e65e-5928-92a9-4354a6a0f4ce__F3-F4.npy
dodo,a35a118e-e65e-5928-92a9-4354a6a0f4ce,a35a118e-e65e-5928-92a9-4354a6a0f4ce,F3-O1,heldout,243900,/data/gen/tokens/dodo/a35a118e-e65e-5928-92a9-4354a6a0f4ce__F3-O1.npy
dodo,a0c91989-530f-5117-80c1-2488dbed683c,a0c91989-530f-5117-80c1-2488dbed683c,F3-M2,heldout,305100,/data/gen/tokens/dodo/a0c91989-530f-5117-80c1-2488dbed683c__F3-M2.npy
dodo,a0c91989-530f-5117-80c1-2488dbed683c,a0c91989-530f-5117-80c1-2488dbed683c,C3-M2,heldout,305100,/data/gen/tokens/dodo/a0c91989-530f-5117-80c1-2488dbed683c__C3-M2.npy
dodo,a0c91989-530f-5117-80c1-2488dbed683c,a0c91989-530f-5117-80c1-2488dbed683c,F3-F4,heldout,305100,/data/gen/tokens/dodo/a0c91989-530f-5117-80c1-2488dbed683c__F3-F4.npy
dodo,a0c91989-530f-5117-80c1-2488dbed683c,a0c91989-530f-5117-80c1-2488dbed683c,F3-O1,heldout,305100,/data/gen/tokens/dodo/a0c91989-530f-5117-80c1-2488dbed683c__F3-O1.npy
dodo,a6254c8a-f1b2-5736-b601-18245dd5e0a5,a6254c8a-f1b2-5736-b601-18245dd5e0a5,F3-M2,heldout,325200,/data/gen/tokens/dodo/a6254c8a-f1b2-5736-b601-18245dd5e0a5__F3-M2.npy
dodo,a6254c8a-f1b2-5736-b601-18245dd5e0a5,a6254c8a-f1b2-5736-b601-18245dd5e0a5,C3-M2,heldout,325200,/data/gen/tokens/dodo/a6254c8a-f1b2-5736-b601-18245dd5e0a5__C3-M2.npy
dodo,a6254c8a-f1b2-5736-b601-18245dd5e0a5,a6254c8a-f1b2-5736-b601-18245dd5e0a5,F3-F4,heldout,325200,/data/gen/tokens/dodo/a6254c8a-f1b2-5736-b601-18245dd5e0a5__F3-F4.npy
dodo,a6254c8a-f1b2-5736-b601-18245dd5e0a5,a6254c8a-f1b2-5736-b601-18245dd5e0a5,F3-O1,heldout,325200,/data/gen/tokens/dodo/a6254c8a-f1b2-5736-b601-18245dd5e0a5__F3-O1.npy
dodo,a79d1f0e-c133-5aa0-8268-cdcc05825f0f,a79d1f0e-c133-5aa0-8268-cdcc05825f0f,F3-M2,heldout,313800,/data/gen/tokens/dodo/a79d1f0e-c133-5aa0-8268-cdcc05825f0f__F3-M2.npy
dodo,a79d1f0e-c133-5aa0-8268-cdcc05825f0f,a79d1f0e-c133-5aa0-8268-cdcc05825f0f,C3-M2,heldout,313800,/data/gen/tokens/dodo/a79d1f0e-c133-5aa0-8268-cdcc05825f0f__C3-M2.npy
dodo,a79d1f0e-c133-5aa0-8268-cdcc05825f0f,a79d1f0e-c133-5aa0-8268-cdcc05825f0f,F3-F4,heldout,313800,/data/gen/tokens/dodo/a79d1f0e-c133-5aa0-8268-cdcc05825f0f__F3-F4.npy
dodo,a79d1f0e-c133-5aa0-8268-cdcc05825f0f,a79d1f0e-c133-5aa0-8268-cdcc05825f0f,F3-O1,heldout,313800,/data/gen/tokens/dodo/a79d1f0e-c133-5aa0-8268-cdcc05825f0f__F3-O1.npy
dodo,aadc9e0c-b7c3-5a47-851d-f21971d10935,aadc9e0c-b7c3-5a47-851d-f21971d10935,F3-M2,heldout,290700,/data/gen/tokens/dodo/aadc9e0c-b7c3-5a47-851d-f21971d10935__F3-M2.npy
dodo,aadc9e0c-b7c3-5a47-851d-f21971d10935,aadc9e0c-b7c3-5a47-851d-f21971d10935,C3-M2,heldout,290700,/data/gen/tokens/dodo/aadc9e0c-b7c3-5a47-851d-f21971d10935__C3-M2.npy
dodo,aadc9e0c-b7c3-5a47-851d-f21971d10935,aadc9e0c-b7c3-5a47-851d-f21971d10935,F3-F4,heldout,290700,/data/gen/tokens/dodo/aadc9e0c-b7c3-5a47-851d-f21971d10935__F3-F4.npy
dodo,aadc9e0c-b7c3-5a47-851d-f21971d10935,aadc9e0c-b7c3-5a47-851d-f21971d10935,F3-O1,heldout,290700,/data/gen/tokens/dodo/aadc9e0c-b7c3-5a47-851d-f21971d10935__F3-O1.npy
dodo,a65a9e69-cddf-5711-9a97-de8bfdeb08cc,a65a9e69-cddf-5711-9a97-de8bfdeb08cc,F3-M2,heldout,288300,/data/gen/tokens/dodo/a65a9e69-cddf-5711-9a97-de8bfdeb08cc__F3-M2.npy
dodo,a65a9e69-cddf-5711-9a97-de8bfdeb08cc,a65a9e69-cddf-5711-9a97-de8bfdeb08cc,C3-M2,heldout,288300,/data/gen/tokens/dodo/a65a9e69-cddf-5711-9a97-de8bfdeb08cc__C3-M2.npy
dodo,a65a9e69-cddf-5711-9a97-de8bfdeb08cc,a65a9e69-cddf-5711-9a97-de8bfdeb08cc,F3-F4,heldout,288300,/data/gen/tokens/dodo/a65a9e69-cddf-5711-9a97-de8bfdeb08cc__F3-F4.npy
dodo,a65a9e69-cddf-5711-9a97-de8bfdeb08cc,a65a9e69-cddf-5711-9a97-de8bfdeb08cc,F3-O1,heldout,288300,/data/gen/tokens/dodo/a65a9e69-cddf-5711-9a97-de8bfdeb08cc__F3-O1.npy
dodo,ad47bc12-199c-5294-9cb8-4351bbbf7b5e,ad47bc12-199c-5294-9cb8-4351bbbf7b5e,F3-M2,heldout,267900,/data/gen/tokens/dodo/ad47bc12-199c-5294-9cb8-4351bbbf7b5e__F3-M2.npy
dodo,ad47bc12-199c-5294-9cb8-4351bbbf7b5e,ad47bc12-199c-5294-9cb8-4351bbbf7b5e,C3-M2,heldout,267900,/data/gen/tokens/dodo/ad47bc12-199c-5294-9cb8-4351bbbf7b5e__C3-M2.npy
dodo,ad47bc12-199c-5294-9cb8-4351bbbf7b5e,ad47bc12-199c-5294-9cb8-4351bbbf7b5e,F3-F4,heldout,267900,/data/gen/tokens/dodo/ad47bc12-199c-5294-9cb8-4351bbbf7b5e__F3-F4.npy
dodo,ad47bc12-199c-5294-9cb8-4351bbbf7b5e,ad47bc12-199c-5294-9cb8-4351bbbf7b5e,F3-O1,heldout,267900,/data/gen/tokens/dodo/ad47bc12-199c-5294-9cb8-4351bbbf7b5e__F3-O1.npy
dodo,b2d3ccdd-395c-5dd2-81d9-252bcfc0c337,b2d3ccdd-395c-5dd2-81d9-252bcfc0c337,F3-M2,heldout,270600,/data/gen/tokens/dodo/b2d3ccdd-395c-5dd2-81d9-252bcfc0c337__F3-M2.npy
dodo,b2d3ccdd-395c-5dd2-81d9-252bcfc0c337,b2d3ccdd-395c-5dd2-81d9-252bcfc0c337,C3-M2,heldout,270600,/data/gen/tokens/dodo/b2d3ccdd-395c-5dd2-81d9-252bcfc0c337__C3-M2.npy
dodo,b2d3ccdd-395c-5dd2-81d9-252bcfc0c337,b2d3ccdd-395c-5dd2-81d9-252bcfc0c337,F3-F4,heldout,270600,/data/gen/tokens/dodo/b2d3ccdd-395c-5dd2-81d9-252bcfc0c337__F3-F4.npy
dodo,b2d3ccdd-395c-5dd2-81d9-252bcfc0c337,b2d3ccdd-395c-5dd2-81d9-252bcfc0c337,F3-O1,heldout,270600,/data/gen/tokens/dodo/b2d3ccdd-395c-5dd2-81d9-252bcfc0c337__F3-O1.npy
dodo,b3706da5-748b-5dd1-a552-f57e4456cdf6,b3706da5-748b-5dd1-a552-f57e4456cdf6,F3-M2,heldout,312300,/data/gen/tokens/dodo/b3706da5-748b-5dd1-a552-f57e4456cdf6__F3-M2.npy
dodo,b3706da5-748b-5dd1-a552-f57e4456cdf6,b3706da5-748b-5dd1-a552-f57e4456cdf6,C3-M2,heldout,312300,/data/gen/tokens/dodo/b3706da5-748b-5dd1-a552-f57e4456cdf6__C3-M2.npy
dodo,b3706da5-748b-5dd1-a552-f57e4456cdf6,b3706da5-748b-5dd1-a552-f57e4456cdf6,F3-F4,heldout,312300,/data/gen/tokens/dodo/b3706da5-748b-5dd1-a552-f57e4456cdf6__F3-F4.npy
dodo,b3706da5-748b-5dd1-a552-f57e4456cdf6,b3706da5-748b-5dd1-a552-f57e4456cdf6,F3-O1,heldout,312300,/data/gen/tokens/dodo/b3706da5-748b-5dd1-a552-f57e4456cdf6__F3-O1.npy
dodo,b3534fa3-7676-50dc-8412-07f0eff4f7a9,b3534fa3-7676-50dc-8412-07f0eff4f7a9,F3-M2,heldout,227100,/data/gen/tokens/dodo/b3534fa3-7676-50dc-8412-07f0eff4f7a9__F3-M2.npy
dodo,b3534fa3-7676-50dc-8412-07f0eff4f7a9,b3534fa3-7676-50dc-8412-07f0eff4f7a9,C3-M2,heldout,227100,/data/gen/tokens/dodo/b3534fa3-7676-50dc-8412-07f0eff4f7a9__C3-M2.npy
dodo,b3534fa3-7676-50dc-8412-07f0eff4f7a9,b3534fa3-7676-50dc-8412-07f0eff4f7a9,F3-F4,heldout,227100,/data/gen/tokens/dodo/b3534fa3-7676-50dc-8412-07f0eff4f7a9__F3-F4.npy
dodo,b3534fa3-7676-50dc-8412-07f0eff4f7a9,b3534fa3-7676-50dc-8412-07f0eff4f7a9,F3-O1,heldout,227100,/data/gen/tokens/dodo/b3534fa3-7676-50dc-8412-07f0eff4f7a9__F3-O1.npy
dodo,c03e27b0-4cb5-584f-aaea-8f1e1ed6513c,c03e27b0-4cb5-584f-aaea-8f1e1ed6513c,F3-M2,heldout,336300,/data/gen/tokens/dodo/c03e27b0-4cb5-584f-aaea-8f1e1ed6513c__F3-M2.npy
dodo,c03e27b0-4cb5-584f-aaea-8f1e1ed6513c,c03e27b0-4cb5-584f-aaea-8f1e1ed6513c,C3-M2,heldout,336300,/data/gen/tokens/dodo/c03e27b0-4cb5-584f-aaea-8f1e1ed6513c__C3-M2.npy
dodo,c03e27b0-4cb5-584f-aaea-8f1e1ed6513c,c03e27b0-4cb5-584f-aaea-8f1e1ed6513c,F3-F4,heldout,336300,/data/gen/tokens/dodo/c03e27b0-4cb5-584f-aaea-8f1e1ed6513c__F3-F4.npy
dodo,c03e27b0-4cb5-584f-aaea-8f1e1ed6513c,c03e27b0-4cb5-584f-aaea-8f1e1ed6513c,F3-O1,heldout,336300,/data/gen/tokens/dodo/c03e27b0-4cb5-584f-aaea-8f1e1ed6513c__F3-O1.npy
dodo,c31a47f9-e400-5841-a22b-521c81042603,c31a47f9-e400-5841-a22b-521c81042603,F3-M2,heldout,295800,/data/gen/tokens/dodo/c31a47f9-e400-5841-a22b-521c81042603__F3-M2.npy
dodo,c31a47f9-e400-5841-a22b-521c81042603,c31a47f9-e400-5841-a22b-521c81042603,C3-M2,heldout,295800,/data/gen/tokens/dodo/c31a47f9-e400-5841-a22b-521c81042603__C3-M2.npy
dodo,c31a47f9-e400-5841-a22b-521c81042603,c31a47f9-e400-5841-a22b-521c81042603,F3-F4,heldout,295800,/data/gen/tokens/dodo/c31a47f9-e400-5841-a22b-521c81042603__F3-F4.npy
dodo,c31a47f9-e400-5841-a22b-521c81042603,c31a47f9-e400-5841-a22b-521c81042603,F3-O1,heldout,295800,/data/gen/tokens/dodo/c31a47f9-e400-5841-a22b-521c81042603__F3-O1.npy
dodo,c11c730f-0b6b-580b-af31-d8f0ebbbdfce,c11c730f-0b6b-580b-af31-d8f0ebbbdfce,F3-M2,heldout,275100,/data/gen/tokens/dodo/c11c730f-0b6b-580b-af31-d8f0ebbbdfce__F3-M2.npy
dodo,c11c730f-0b6b-580b-af31-d8f0ebbbdfce,c11c730f-0b6b-580b-af31-d8f0ebbbdfce,C3-M2,heldout,275100,/data/gen/tokens/dodo/c11c730f-0b6b-580b-af31-d8f0ebbbdfce__C3-M2.npy
dodo,c11c730f-0b6b-580b-af31-d8f0ebbbdfce,c11c730f-0b6b-580b-af31-d8f0ebbbdfce,F3-F4,heldout,275100,/data/gen/tokens/dodo/c11c730f-0b6b-580b-af31-d8f0ebbbdfce__F3-F4.npy
dodo,c11c730f-0b6b-580b-af31-d8f0ebbbdfce,c11c730f-0b6b-580b-af31-d8f0ebbbdfce,F3-O1,heldout,275100,/data/gen/tokens/dodo/c11c730f-0b6b-580b-af31-d8f0ebbbdfce__F3-O1.npy
dodo,c8110476-594c-533d-95bd-86147fccc987,c8110476-594c-533d-95bd-86147fccc987,F3-M2,heldout,298500,/data/gen/tokens/dodo/c8110476-594c-533d-95bd-86147fccc987__F3-M2.npy
dodo,c8110476-594c-533d-95bd-86147fccc987,c8110476-594c-533d-95bd-86147fccc987,C3-M2,heldout,298500,/data/gen/tokens/dodo/c8110476-594c-533d-95bd-86147fccc987__C3-M2.npy
dodo,c8110476-594c-533d-95bd-86147fccc987,c8110476-594c-533d-95bd-86147fccc987,F3-F4,heldout,298500,/data/gen/tokens/dodo/c8110476-594c-533d-95bd-86147fccc987__F3-F4.npy
dodo,c8110476-594c-533d-95bd-86147fccc987,c8110476-594c-533d-95bd-86147fccc987,F3-O1,heldout,298500,/data/gen/tokens/dodo/c8110476-594c-533d-95bd-86147fccc987__F3-O1.npy
dodo,c985916d-46a5-5c3e-9d50-a5a91f460bac,c985916d-46a5-5c3e-9d50-a5a91f460bac,F3-M2,heldout,307200,/data/gen/tokens/dodo/c985916d-46a5-5c3e-9d50-a5a91f460bac__F3-M2.npy
dodo,c985916d-46a5-5c3e-9d50-a5a91f460bac,c985916d-46a5-5c3e-9d50-a5a91f460bac,C3-M2,heldout,307200,/data/gen/tokens/dodo/c985916d-46a5-5c3e-9d50-a5a91f460bac__C3-M2.npy
dodo,c985916d-46a5-5c3e-9d50-a5a91f460bac,c985916d-46a5-5c3e-9d50-a5a91f460bac,F3-F4,heldout,307200,/data/gen/tokens/dodo/c985916d-46a5-5c3e-9d50-a5a91f460bac__F3-F4.npy
dodo,c985916d-46a5-5c3e-9d50-a5a91f460bac,c985916d-46a5-5c3e-9d50-a5a91f460bac,F3-O1,heldout,307200,/data/gen/tokens/dodo/c985916d-46a5-5c3e-9d50-a5a91f460bac__F3-O1.npy
dodo,cc3b4b63-4a6f-5f28-ac7e-62f83c271449,cc3b4b63-4a6f-5f28-ac7e-62f83c271449,F3-M2,heldout,322800,/data/gen/tokens/dodo/cc3b4b63-4a6f-5f28-ac7e-62f83c271449__F3-M2.npy
dodo,cc3b4b63-4a6f-5f28-ac7e-62f83c271449,cc3b4b63-4a6f-5f28-ac7e-62f83c271449,C3-M2,heldout,322800,/data/gen/tokens/dodo/cc3b4b63-4a6f-5f28-ac7e-62f83c271449__C3-M2.npy
dodo,cc3b4b63-4a6f-5f28-ac7e-62f83c271449,cc3b4b63-4a6f-5f28-ac7e-62f83c271449,F3-F4,heldout,322800,/data/gen/tokens/dodo/cc3b4b63-4a6f-5f28-ac7e-62f83c271449__F3-F4.npy
dodo,cc3b4b63-4a6f-5f28-ac7e-62f83c271449,cc3b4b63-4a6f-5f28-ac7e-62f83c271449,F3-O1,heldout,322800,/data/gen/tokens/dodo/cc3b4b63-4a6f-5f28-ac7e-62f83c271449__F3-O1.npy
dodo,d5181c33-a43b-5dfe-8ad7-0337facb092a,d5181c33-a43b-5dfe-8ad7-0337facb092a,F3-M2,heldout,293100,/data/gen/tokens/dodo/d5181c33-a43b-5dfe-8ad7-0337facb092a__F3-M2.npy
dodo,d5181c33-a43b-5dfe-8ad7-0337facb092a,d5181c33-a43b-5dfe-8ad7-0337facb092a,C3-M2,heldout,293100,/data/gen/tokens/dodo/d5181c33-a43b-5dfe-8ad7-0337facb092a__C3-M2.npy
dodo,d5181c33-a43b-5dfe-8ad7-0337facb092a,d5181c33-a43b-5dfe-8ad7-0337facb092a,F3-F4,heldout,293100,/data/gen/tokens/dodo/d5181c33-a43b-5dfe-8ad7-0337facb092a__F3-F4.npy
dodo,d5181c33-a43b-5dfe-8ad7-0337facb092a,d5181c33-a43b-5dfe-8ad7-0337facb092a,F3-O1,heldout,293100,/data/gen/tokens/dodo/d5181c33-a43b-5dfe-8ad7-0337facb092a__F3-O1.npy
dodo,cebd3520-4e77-5222-a614-d2888e6afc2b,cebd3520-4e77-5222-a614-d2888e6afc2b,F3-M2,heldout,332700,/data/gen/tokens/dodo/cebd3520-4e77-5222-a614-d2888e6afc2b__F3-M2.npy
dodo,cebd3520-4e77-5222-a614-d2888e6afc2b,cebd3520-4e77-5222-a614-d2888e6afc2b,C3-M2,heldout,332700,/data/gen/tokens/dodo/cebd3520-4e77-5222-a614-d2888e6afc2b__C3-M2.npy
dodo,cebd3520-4e77-5222-a614-d2888e6afc2b,cebd3520-4e77-5222-a614-d2888e6afc2b,F3-F4,heldout,332700,/data/gen/tokens/dodo/cebd3520-4e77-5222-a614-d2888e6afc2b__F3-F4.npy
dodo,cebd3520-4e77-5222-a614-d2888e6afc2b,cebd3520-4e77-5222-a614-d2888e6afc2b,F3-O1,heldout,332700,/data/gen/tokens/dodo/cebd3520-4e77-5222-a614-d2888e6afc2b__F3-O1.npy
dodo,e72505f1-21be-5d66-b620-cfcfa2d754bc,e72505f1-21be-5d66-b620-cfcfa2d754bc,F3-M2,heldout,291900,/data/gen/tokens/dodo/e72505f1-21be-5d66-b620-cfcfa2d754bc__F3-M2.npy
dodo,e72505f1-21be-5d66-b620-cfcfa2d754bc,e72505f1-21be-5d66-b620-cfcfa2d754bc,C3-M2,heldout,291900,/data/gen/tokens/dodo/e72505f1-21be-5d66-b620-cfcfa2d754bc__C3-M2.npy
dodo,e72505f1-21be-5d66-b620-cfcfa2d754bc,e72505f1-21be-5d66-b620-cfcfa2d754bc,F3-F4,heldout,291900,/data/gen/tokens/dodo/e72505f1-21be-5d66-b620-cfcfa2d754bc__F3-F4.npy
dodo,e72505f1-21be-5d66-b620-cfcfa2d754bc,e72505f1-21be-5d66-b620-cfcfa2d754bc,F3-O1,heldout,291900,/data/gen/tokens/dodo/e72505f1-21be-5d66-b620-cfcfa2d754bc__F3-O1.npy
dodo,e59c45e0-0c0c-565f-84a9-6cf0ec5ef6c1,e59c45e0-0c0c-565f-84a9-6cf0ec5ef6c1,F3-M2,heldout,253200,/data/gen/tokens/dodo/e59c45e0-0c0c-565f-84a9-6cf0ec5ef6c1__F3-M2.npy
dodo,e59c45e0-0c0c-565f-84a9-6cf0ec5ef6c1,e59c45e0-0c0c-565f-84a9-6cf0ec5ef6c1,C3-M2,heldout,253200,/data/gen/tokens/dodo/e59c45e0-0c0c-565f-84a9-6cf0ec5ef6c1__C3-M2.npy
dodo,e59c45e0-0c0c-565f-84a9-6cf0ec5ef6c1,e59c45e0-0c0c-565f-84a9-6cf0ec5ef6c1,F3-F4,heldout,253200,/data/gen/tokens/dodo/e59c45e0-0c0c-565f-84a9-6cf0ec5ef6c1__F3-F4.npy
dodo,e59c45e0-0c0c-565f-84a9-6cf0ec5ef6c1,e59c45e0-0c0c-565f-84a9-6cf0ec5ef6c1,F3-O1,heldout,253200,/data/gen/tokens/dodo/e59c45e0-0c0c-565f-84a9-6cf0ec5ef6c1__F3-O1.npy
dodo,e6b7cbef-4c9d-5541-82e8-04810de0fb60,e6b7cbef-4c9d-5541-82e8-04810de0fb60,F3-M2,heldout,245700,/data/gen/tokens/dodo/e6b7cbef-4c9d-5541-82e8-04810de0fb60__F3-M2.npy
dodo,e6b7cbef-4c9d-5541-82e8-04810de0fb60,e6b7cbef-4c9d-5541-82e8-04810de0fb60,C3-M2,heldout,245700,/data/gen/tokens/dodo/e6b7cbef-4c9d-5541-82e8-04810de0fb60__C3-M2.npy
dodo,e6b7cbef-4c9d-5541-82e8-04810de0fb60,e6b7cbef-4c9d-5541-82e8-04810de0fb60,F3-F4,heldout,245700,/data/gen/tokens/dodo/e6b7cbef-4c9d-5541-82e8-04810de0fb60__F3-F4.npy
dodo,e6b7cbef-4c9d-5541-82e8-04810de0fb60,e6b7cbef-4c9d-5541-82e8-04810de0fb60,F3-O1,heldout,245700,/data/gen/tokens/dodo/e6b7cbef-4c9d-5541-82e8-04810de0fb60__F3-O1.npy
dodo,e8ec8ec4-dc48-50ce-985a-a06d87861030,e8ec8ec4-dc48-50ce-985a-a06d87861030,F3-M2,heldout,292500,/data/gen/tokens/dodo/e8ec8ec4-dc48-50ce-985a-a06d87861030__F3-M2.npy
dodo,e8ec8ec4-dc48-50ce-985a-a06d87861030,e8ec8ec4-dc48-50ce-985a-a06d87861030,C3-M2,heldout,292500,/data/gen/tokens/dodo/e8ec8ec4-dc48-50ce-985a-a06d87861030__C3-M2.npy
dodo,e8ec8ec4-dc48-50ce-985a-a06d87861030,e8ec8ec4-dc48-50ce-985a-a06d87861030,F3-F4,heldout,292500,/data/gen/tokens/dodo/e8ec8ec4-dc48-50ce-985a-a06d87861030__F3-F4.npy
dodo,e8ec8ec4-dc48-50ce-985a-a06d87861030,e8ec8ec4-dc48-50ce-985a-a06d87861030,F3-O1,heldout,292500,/data/gen/tokens/dodo/e8ec8ec4-dc48-50ce-985a-a06d87861030__F3-O1.npy
dodo,fc10ee0b-b863-511b-bce8-4dfa7af8ac3a,fc10ee0b-b863-511b-bce8-4dfa7af8ac3a,F3-M2,heldout,273000,/data/gen/tokens/dodo/fc10ee0b-b863-511b-bce8-4dfa7af8ac3a__F3-M2.npy
dodo,fc10ee0b-b863-511b-bce8-4dfa7af8ac3a,fc10ee0b-b863-511b-bce8-4dfa7af8ac3a,C3-M2,heldout,273000,/data/gen/tokens/dodo/fc10ee0b-b863-511b-bce8-4dfa7af8ac3a__C3-M2.npy
dodo,fc10ee0b-b863-511b-bce8-4dfa7af8ac3a,fc10ee0b-b863-511b-bce8-4dfa7af8ac3a,F3-F4,heldout,273000,/data/gen/tokens/dodo/fc10ee0b-b863-511b-bce8-4dfa7af8ac3a__F3-F4.npy
dodo,fc10ee0b-b863-511b-bce8-4dfa7af8ac3a,fc10ee0b-b863-511b-bce8-4dfa7af8ac3a,F3-O1,heldout,273000,/data/gen/tokens/dodo/fc10ee0b-b863-511b-bce8-4dfa7af8ac3a__F3-O1.npy
dodo,f66bc75e-778b-5037-af86-b5275cd4c79f,f66bc75e-778b-5037-af86-b5275cd4c79f,F3-M2,heldout,259500,/data/gen/tokens/dodo/f66bc75e-778b-5037-af86-b5275cd4c79f__F3-M2.npy
dodo,f66bc75e-778b-5037-af86-b5275cd4c79f,f66bc75e-778b-5037-af86-b5275cd4c79f,C3-M2,heldout,259500,/data/gen/tokens/dodo/f66bc75e-778b-5037-af86-b5275cd4c79f__C3-M2.npy
dodo,f66bc75e-778b-5037-af86-b5275cd4c79f,f66bc75e-778b-5037-af86-b5275cd4c79f,F3-F4,heldout,259500,/data/gen/tokens/dodo/f66bc75e-778b-5037-af86-b5275cd4c79f__F3-F4.npy
dodo,f66bc75e-778b-5037-af86-b5275cd4c79f,f66bc75e-778b-5037-af86-b5275cd4c79f,F3-O1,heldout,259500,/data/gen/tokens/dodo/f66bc75e-778b-5037-af86-b5275cd4c79f__F3-O1.npy
dodo,eb95076c-c470-56a4-b788-ace310f061c6,eb95076c-c470-56a4-b788-ace310f061c6,F3-M2,heldout,289500,/data/gen/tokens/dodo/eb95076c-c470-56a4-b788-ace310f061c6__F3-M2.npy
dodo,eb95076c-c470-56a4-b788-ace310f061c6,eb95076c-c470-56a4-b788-ace310f061c6,C3-M2,heldout,289500,/data/gen/tokens/dodo/eb95076c-c470-56a4-b788-ace310f061c6__C3-M2.npy
dodo,eb95076c-c470-56a4-b788-ace310f061c6,eb95076c-c470-56a4-b788-ace310f061c6,F3-F4,heldout,289500,/data/gen/tokens/dodo/eb95076c-c470-56a4-b788-ace310f061c6__F3-F4.npy
dodo,eb95076c-c470-56a4-b788-ace310f061c6,eb95076c-c470-56a4-b788-ace310f061c6,F3-O1,heldout,289500,/data/gen/tokens/dodo/eb95076c-c470-56a4-b788-ace310f061c6__F3-O1.npy
